landmark_kind,group,fixed_feature_index,moving_feature_index,src_x,src_y,dst_x,dst_y,dx,dy,motion_um,used_for_transform,tear_like_motion
reciprocal_contour_centroid,Perivascular_SMC,569,11,7035.603508447391,2874.068811573804,7425.169750399999,2862.5423683055556,389.56624195260883,-11.526443268248386,389.7367262184752,True,True
reciprocal_contour_centroid,Perivascular_SMC,449,13,5438.394889651555,1628.873333345137,4838.388794650291,1767.4516210371737,-600.0060950012639,138.5782876920366,615.8013119978899,True,True
reciprocal_contour_centroid,Perivascular_SMC,483,14,2911.9611983409786,2552.638472940959,3891.2364203019674,2686.9304998112034,979.2752219609888,134.29202687024417,988.4403415622322,True,True
reciprocal_contour_centroid,Perivascular_SMC,476,17,5575.090716494818,1810.9651182749212,5632.105649725263,1654.9465107593799,57.01493323044542,-156.01860751554136,166.10992896982614,True,True
reciprocal_contour_centroid,Perivascular_SMC,495,18,5464.871662690157,1809.5679371332349,5311.993758700001,1720.7526098916667,-152.87790399015557,-88.81532724156818,176.80445662213967,True,True
reciprocal_contour_centroid,Perivascular_SMC,441,19,4555.624906214609,1332.2434305622874,4658.502764451492,1370.1125228122835,102.87785823688318,37.86909224999613,109.62628272110183,True,True
reciprocal_contour_centroid,Perivascular_SMC,620,25,6466.533033529477,3425.7952854189202,7070.221669243967,3460.9985540398,603.6886357144904,35.20326862087995,604.714179602576,True,True
reciprocal_contour_centroid,Perivascular_SMC,484,30,4599.742751630137,1489.4028757528438,4611.9768670875,1666.3816689833334,12.23411545736326,176.9787932304896,177.40114665453683,True,True
reciprocal_contour_centroid,Perivascular_SMC,523,42,5208.682356061055,2272.331642360781,5063.612765103352,2049.9742048853523,-145.06959095770253,-222.35743747542892,265.4957932270762,True,True
reciprocal_contour_centroid,Perivascular_SMC,492,44,4351.16656457719,1550.8949741319973,4641.35257588272,1710.7661105264576,290.18601130553,159.87113639446034,331.31058149336144,True,True
reciprocal_contour_centroid,Perivascular_SMC,471,46,5027.11395246712,2172.8060867447953,5115.114007887499,1565.4070644055553,88.00005542037889,-607.39902233924,613.7406472547295,True,True
reciprocal_contour_centroid,Perivascular_SMC,530,49,5292.580982195078,2510.9425403095365,5080.256609453881,2144.960547958018,-212.3243727411973,-365.98199235151833,423.1128194530741,True,True
reciprocal_contour_centroid,Perivascular_SMC,432,50,3659.1237833627006,1117.2655746730002,3598.815844966488,1150.6488422074644,-60.30793839621265,33.38326753446427,68.93105239932868,True,True
reciprocal_contour_centroid,Perivascular_SMC,555,52,5257.827556174345,2663.6776548464477,5049.913716632776,2552.472659792844,-207.91383954156845,-111.20499505360385,235.7853167561312,True,True
reciprocal_contour_centroid,Perivascular_SMC,551,54,5244.718168049617,2576.488139664934,5066.987846548263,2368.3709278158517,-177.7303215013535,-208.1172118490822,273.6801802265013,True,True
reciprocal_contour_centroid,Perivascular_SMC,559,60,5532.553532075196,2947.9651497129535,5148.510647127278,2580.4607488636875,-384.0428849479176,-367.50440084926595,531.5528403862569,True,True
reciprocal_contour_centroid,Perivascular_SMC,619,61,6016.450148168094,3495.905939583273,5927.27943906478,3450.395802901188,-89.17070910331404,-45.510136682084976,100.11287580930791,True,True
reciprocal_contour_centroid,Perivascular_SMC,594,63,5653.970572607473,3107.72076197105,5446.948938225962,3174.428424790706,-207.02163438151092,66.70766281965598,217.50372268274606,True,True
reciprocal_contour_centroid,Perivascular_SMC,589,69,5521.955761605437,3123.223498136408,5237.952880291922,3151.117082476861,-284.002881313515,27.89358434045289,285.3693898121108,True,True
reciprocal_contour_centroid,Perivascular_SMC,404,72,2440.122421832028,511.16742272244164,2455.279187414731,832.8732004730201,15.156765582702974,321.7057777505785,322.0626258680656,True,True
reciprocal_contour_centroid,Perivascular_SMC,624,75,5647.986009502411,3346.8484562289536,5592.0005153875,3499.4591044208337,-55.98549411491149,152.61064819188005,162.55579193875735,True,True
reciprocal_contour_centroid,Perivascular_SMC,379,80,2070.5110957254374,494.6918846271503,2129.607202010952,585.7942809905271,59.09610628551445,91.10239636337684,108.59095911381684,True,True
reciprocal_contour_centroid,Perivascular_SMC,383,82,2357.8590530692177,590.2543075340664,2334.217845176883,539.9041832829317,-23.641207892334478,-50.350124251134616,55.62411098357683,True,True
reciprocal_contour_centroid,Perivascular_SMC,405,83,2664.4379303567634,838.8544417669306,2711.962341813553,810.5191470180547,47.524411456789494,-28.335294748875867,55.33044923746686,True,True
reciprocal_contour_centroid,Perivascular_SMC,609,85,5144.502578586232,2957.3732240557956,5189.490802662499,3250.906231808333,44.988224076267215,293.5330077525373,296.96054779345275,True,True
reciprocal_contour_centroid,Perivascular_SMC,584,90,5197.472728674517,3109.321150032717,4914.831397213122,3089.2317938201654,-282.64133146139557,-20.089356212551593,283.3543796790606,True,True
reciprocal_contour_centroid,Perivascular_SMC,434,94,3292.6088211076717,1458.8719723721022,3336.9846812754627,1251.407688964073,44.37586016779096,-207.46428340802913,212.15712539445468,True,True
reciprocal_contour_centroid,Perivascular_SMC,442,97,3060.431214085665,1259.4735421992482,3036.9388607999995,1316.8541919583336,-23.49235328566556,57.38064975908537,62.003464658624885,True,True
reciprocal_contour_centroid,Perivascular_SMC,385,101,1821.9048387772207,344.54771662974156,1899.4114118500004,501.2900786875001,77.5065730727797,156.74236205775856,174.85833389613322,True,True
reciprocal_contour_centroid,Perivascular_SMC,453,102,3080.594981286265,1352.6642963434904,2819.708240133138,1447.54451626438,-260.8867411531269,94.88021992088966,277.6043008343621,True,True
reciprocal_contour_centroid,Perivascular_SMC,635,103,5493.371404128531,3601.741440631305,5387.33000634074,3594.948921005866,-106.04139778779154,-6.792519625439127,106.25872372492819,True,True
reciprocal_contour_centroid,Perivascular_SMC,571,104,4915.066468166452,2932.7730423730263,4778.2308788375,2909.146031904166,-136.83558932895176,-23.627010468860135,138.86041239567584,True,True
reciprocal_contour_centroid,Perivascular_SMC,394,105,2329.6235923826302,816.912348782383,2016.386133665722,692.0098519230203,-313.23745871690835,-124.90249685936271,337.22149881810617,True,True
reciprocal_contour_centroid,Perivascular_SMC,418,110,2462.18219798892,938.0482489424968,2413.8748601064444,972.5993920552979,-48.30733788247562,34.55114311280113,59.39175349905851,True,True
reciprocal_contour_centroid,Perivascular_SMC,396,111,2163.4795786208147,744.5255194579462,2354.4223913875,707.1229262972222,190.94281276668517,-37.402593160723995,194.57161078225164,True,True
reciprocal_contour_centroid,Perivascular_SMC,424,114,2377.9342759777783,924.4989002190786,2284.4207021625,1013.9303783666666,-93.51357381527805,89.431478147588,129.3938861436968,True,True
reciprocal_contour_centroid,Perivascular_SMC,371,116,1400.073670823344,198.29160439460475,1404.8104096887976,265.5995322277758,4.736738865453617,67.30792783317105,67.4743939896822,True,True
reciprocal_contour_centroid,Perivascular_SMC,446,118,2968.1212434093927,1467.7970232439732,2920.2693788172287,1446.0486027400584,-47.85186459216402,-21.74842050391476,52.562293893644906,True,True
reciprocal_contour_centroid,Perivascular_SMC,653,119,5645.389589624278,3950.0527393842535,5142.093825559137,3936.5676116316376,-503.29576406514116,-13.485127752615881,503.47638951237684,True,True
reciprocal_contour_centroid,Perivascular_SMC,529,120,3759.0897379842345,2087.908919244088,3623.203007475,2113.0001119312496,-135.88673050923444,25.091192687161765,138.1838321908666,True,True
reciprocal_contour_centroid,Perivascular_SMC,537,121,3803.195466593046,2154.259774475716,3751.1630845106433,2200.0270249983023,-52.03238208240282,45.76725052258644,69.29653675016048,True,True
reciprocal_contour_centroid,Perivascular_SMC,407,122,2090.4017852847614,750.0224610306584,2135.6671128250005,811.9811694708333,45.265327540239014,61.95870844017486,76.73220594313521,True,True
reciprocal_contour_centroid,Perivascular_SMC,402,123,1989.860688492533,696.4971822251388,2015.6294939666684,772.4358649014146,25.768805474135434,75.93868267627579,80.19173811666599,True,True
reciprocal_contour_centroid,Perivascular_SMC,526,124,3487.9981753618677,1912.897159818242,3582.80619946014,2064.3683259162926,94.8080240982722,151.47116609805062,178.69548285427308,True,True
reciprocal_contour_centroid,Perivascular_SMC,541,125,3752.269205612351,2146.961851434552,3560.4931609844757,2245.043825442116,-191.7760446278753,98.08197400756399,215.4022398173549,True,True
reciprocal_contour_centroid,Perivascular_SMC,647,128,5365.230298086127,3774.1266011636963,5556.999670775,3763.5465315583333,191.76937268887286,-10.58006960536295,192.06100638687215,True,True
reciprocal_contour_centroid,Perivascular_SMC,516,131,3617.740760585324,2120.6669009040493,3382.944550467212,1977.733804616147,-234.79621011811196,-142.93309628790234,274.88021081968657,True,True
reciprocal_contour_centroid,Perivascular_SMC,467,132,2795.173428816922,1475.1530580386682,2892.36150847067,1555.7764252106197,97.18807965374799,80.62336717195149,126.27608705105875,True,True
reciprocal_contour_centroid,Perivascular_SMC,452,133,3081.2170082795833,1669.482650103062,3036.9388607999995,1433.363350895833,-44.27814747958382,-236.119299207229,240.2350469901024,True,True
reciprocal_contour_centroid,Perivascular_SMC,374,134,1322.009745816869,269.2721857617083,1106.900301086026,312.73444398683137,-215.10944473084305,43.462258225123094,219.45623960698612,True,True
reciprocal_contour_centroid,Perivascular_SMC,617,138,5002.697612502684,3544.684840714152,4725.72961191369,3433.437247563095,-276.9680005889941,-111.24759315105712,298.4749576298959,True,True
reciprocal_contour_centroid,Perivascular_SMC,409,149,1518.4062092290665,618.5782796119752,1374.3987430875002,819.7484467333334,-144.00746614156628,201.1701671213582,247.40167025335447,True,True
reciprocal_contour_centroid,Perivascular_SMC,406,153,1685.877798622023,802.1978782784884,1394.6700655716597,801.7542544032408,-291.20773305036323,-0.4436238752475674,291.2080709569608,True,True
reciprocal_contour_centroid,Perivascular_SMC,377,157,1054.9656766023268,382.8812020682707,1138.1430421125,338.1772560333333,83.17736551017333,-44.70394603493736,94.4294282748104,True,True
reciprocal_contour_centroid,Perivascular_SMC,666,158,5371.651819659589,4308.786046179639,5105.674027783526,4210.777259770181,-265.97779187606284,-98.00878640945757,283.4605933542101,True,True
reciprocal_contour_centroid,Perivascular_SMC,651,159,5013.382347335422,4060.7128102700644,4923.7737838285975,3994.5509507832085,-89.6085635068248,-66.16185948685597,111.38710115859523,True,True
reciprocal_contour_centroid,Perivascular_SMC,600,162,4433.821256079269,3355.297857292646,4456.604956259584,3236.888569197302,22.783700180314554,-118.40928809534398,120.58132733202366,True,True
reciprocal_contour_centroid,Perivascular_SMC,641,165,4971.901145108814,4006.3451521837565,5084.488268825,3674.2228429097227,112.5871237161864,-332.1223092740338,350.6865961855412,True,True
reciprocal_contour_centroid,Perivascular_SMC,659,166,4959.356764706031,3997.3211495786068,4824.752834727277,4068.929982811312,-134.6039299787535,71.60883323270536,152.46653063106862,True,True
reciprocal_contour_centroid,Perivascular_SMC,410,169,1178.8598313944492,684.0235470920388,971.8890303625,841.6380462945076,-206.97080103194924,157.61449920246878,260.1523454413812,True,True
reciprocal_contour_centroid,Perivascular_SMC,644,171,4803.756586844024,3988.7056037688008,4760.730456424999,3748.011977033333,-43.02613041902532,-240.69362673546766,244.50903838080833,True,True
reciprocal_contour_centroid,Perivascular_SMC,509,174,2390.861245544894,1839.7225308608456,2416.8991997332582,1940.9122137553034,26.037954188364438,101.18968289445775,104.48601333478219,True,True
reciprocal_contour_centroid,Perivascular_SMC,413,176,1044.6272767238456,708.4824630501106,947.5493626025545,894.341092219098,-97.07791412129109,185.85862916898736,209.68440916462038,True,True
reciprocal_contour_centroid,Perivascular_SMC,415,178,782.9375369721813,515.5447602006426,886.7976913965814,920.115407063026,103.8601544244001,404.57064686238346,417.68928640762095,True,True
reciprocal_contour_centroid,Perivascular_SMC,431,179,1999.9529604033917,1557.3263517274374,1871.2310180840273,1183.0844166606705,-128.72194231936442,-374.2419350667669,395.760488675901,True,True
reciprocal_contour_centroid,Perivascular_SMC,403,181,1075.526325337351,808.9159654925941,1020.1821133435998,793.4130096021246,-55.34421199375117,-15.50295589046948,57.47454604040917,True,True
reciprocal_contour_centroid,Perivascular_SMC,532,184,2276.0608670275033,1855.854370433016,2291.3712245692323,2158.006250472803,15.31035754172899,302.1518800397871,302.53952743341404,True,True
reciprocal_contour_centroid,Perivascular_SMC,658,185,4689.022993195961,4011.0491345838036,4793.168107899121,4022.181173102992,104.14511470316029,11.132038519188427,104.73837500232237,True,True
reciprocal_contour_centroid,Perivascular_SMC,462,188,2418.325217728294,2083.9639038317664,2369.1519135158405,1505.7284841342591,-49.17330421245333,-578.2354196975073,580.322508989547,True,True
reciprocal_contour_centroid,Perivascular_SMC,392,192,682.3810622310335,650.0840256072303,591.2548456,656.6356240555556,-91.12621663103357,6.551598448325308,91.36142949688428,True,True
reciprocal_contour_centroid,Perivascular_SMC,400,195,645.6495149749504,678.9068041858761,551.8788954375,734.3083967041665,-93.77061953745044,55.401592518290386,108.91402821491808,True,True
reciprocal_contour_centroid,Perivascular_SMC,628,197,4321.262394971202,3816.275202203935,4642.885441143846,3570.2982422241303,321.6230461726436,-245.97695997980463,404.90251749066323,True,True
reciprocal_contour_centroid,Perivascular_SMC,580,200,2952.7276485118223,2685.9177760804323,3088.6067742453247,3058.820232042325,135.8791257335024,372.9024559618929,396.8871104892579,True,True
reciprocal_contour_centroid,Perivascular_SMC,444,201,1663.8540079257832,1632.4567971497158,1820.6595115250002,1340.1560237458334,156.805503599217,-292.30077340388243,331.7042479250332,True,True
reciprocal_contour_centroid,Perivascular_SMC,649,209,4125.606223537749,3780.0177235803385,4239.799325591008,3865.7232146178085,114.19310205325837,85.70549103746998,142.77778451327688,True,True
reciprocal_contour_centroid,Perivascular_SMC,554,210,2684.421979681128,2679.156982007826,2609.6811982148993,2484.681494511649,-74.74078146622878,-194.47548749617727,208.34322559435037,True,True
reciprocal_contour_centroid,Perivascular_SMC,585,211,3103.120431795924,2939.61611155304,2993.1878050874993,3113.385591925973,-109.93262670842478,173.76948037293323,205.62347804687357,True,True
reciprocal_contour_centroid,Perivascular_SMC,645,212,4060.7259069574416,3690.3633012542778,4121.965042866666,3763.5465315583333,61.23913590922484,73.18323030405554,95.4254523942378,True,True
reciprocal_contour_centroid,Perivascular_SMC,558,214,2802.376608198336,2766.3906864515207,2529.42661434375,2571.2694707718665,-272.94999385458595,-195.12121567965414,335.52047322559116,True,True
reciprocal_contour_centroid,Perivascular_SMC,397,218,409.95067151920057,755.343272004648,573.3254913867647,726.5411194583331,163.37481986756416,-28.802152546314915,165.89423063524612,True,True
reciprocal_contour_centroid,Perivascular_SMC,652,226,4263.865389480908,4194.701948757004,4142.229582208439,3898.4051304264963,-121.63580727246881,-296.2968183305079,320.29217000046566,True,True
reciprocal_contour_centroid,Perivascular_SMC,665,227,4248.611497062705,4289.43973040792,4137.249502581215,4210.904715142825,-111.36199448149,-78.53501526509535,136.26900761942963,True,True
reciprocal_contour_centroid,Perivascular_SMC,667,231,4382.749091206786,4591.034675475075,4209.4671543625,4214.048613066667,-173.28193684428607,-376.98606240840854,414.9037489426959,True,True
reciprocal_contour_centroid,Perivascular_SMC,690,235,4214.3388143885495,4553.297839853886,4111.1314480297615,5138.354608068155,-103.20736635878802,585.0567682142691,594.0902141123368,True,True
reciprocal_contour_centroid,Perivascular_SMC,439,237,677.2616335045608,1375.6029976667915,906.2624467937503,1289.6687214333074,229.00081328918952,-85.93427623348407,244.5936882237213,True,True
reciprocal_contour_centroid,Perivascular_SMC,671,239,4192.344212005149,4602.040937254779,3786.324227702182,4350.455426881607,-406.0199843029668,-251.58551037317193,477.64787938722264,True,True
reciprocal_contour_centroid,Perivascular_SMC,458,241,618.4334975414382,1491.8000553354386,800.4644393169202,1488.7262168059005,182.030941775482,-3.0738385295380795,182.05689288509402,True,True
reciprocal_contour_centroid,Perivascular_SMC,680,243,3959.536159029046,4547.695812949394,3339.5394461986452,4690.164676238057,-619.9967128304006,142.46886328866276,636.1550918818979,True,True
reciprocal_contour_centroid,Perivascular_SMC,545,246,1681.733468589444,2487.646726162044,1576.570288201762,2300.302455176409,-105.16318038768213,-187.34427098563538,214.8421987887653,True,True
reciprocal_contour_centroid,Perivascular_SMC,463,248,317.3064587232116,1396.3978530122017,376.8746724458333,1511.0361235916666,59.56821372262169,114.63827057946492,129.19096395473852,True,True
reciprocal_contour_centroid,Perivascular_SMC,504,249,416.7085374821748,1473.3886481926254,364.640580928275,1804.5385173997367,-52.06795655389976,331.14986920711135,335.21829898677333,True,True
reciprocal_contour_centroid,Perivascular_SMC,461,250,468.84305069141686,1567.979782327432,668.8849239523826,1545.0151955602746,200.0418732609657,-22.96458676715747,201.355713361063,True,True
reciprocal_contour_centroid,Perivascular_SMC,473,252,356.3304540042161,1464.8808429617957,536.4688013228953,1609.03327186981,180.13834731867917,144.15242890801437,230.7157275410266,True,True
reciprocal_contour_centroid,Perivascular_SMC,561,253,1542.377929757105,2541.4694486643766,1822.8657613745356,2604.263802371651,280.48783161743063,62.79435370727424,287.4309561320116,True,True
reciprocal_contour_centroid,Perivascular_SMC,497,257,614.9290852441185,1774.6833868651543,656.8814290624999,1744.0544416791668,41.95234381838145,-30.628945185987504,51.94354084062729,True,True
reciprocal_contour_centroid,Perivascular_SMC,477,261,321.5344264072133,1679.0697264597081,266.5995755372834,1662.4648368564415,-54.9348508699299,-16.604889603266656,57.38954781872838,True,True
reciprocal_contour_centroid,Perivascular_SMC,578,270,2056.0222239496925,3593.7838192523163,2197.2339137252447,3056.7243000475073,141.21168977555226,-537.059519204809,555.3140269232963,True,True
reciprocal_contour_centroid,Perivascular_SMC,689,271,3516.6742468147745,4775.280641268975,3616.3198286356583,5002.050272633784,99.64558182088376,226.76963136480845,247.6968059659905,True,True
reciprocal_contour_centroid,Perivascular_SMC,685,272,3710.0713206424853,4915.058798657383,3774.7274972110567,4654.32377958673,64.65617656857148,-260.7350190706529,268.6320370660209,True,True
reciprocal_contour_centroid,Perivascular_SMC,673,273,3084.8607952526827,4484.820575702755,2997.5629106375004,4392.695990269444,-87.29788461518228,-92.12458543331104,126.91674396841854,True,True
reciprocal_contour_centroid,Perivascular_SMC,682,275,3314.0571636929094,4843.832700892063,3231.6618693998157,4647.448098244248,-82.39529429309368,-196.38460264781497,212.96923880876716,True,True
reciprocal_contour_centroid,Perivascular_SMC,688,276,3480.365472827901,5316.231518672568,3518.20047385,4889.801735470833,37.83500102209882,-426.4297832017355,428.104948936381,True,True
reciprocal_contour_centroid,Epithelial,169,277,7251.473739923665,2116.054904264311,7427.522866701914,2194.9880386623026,176.04912677824905,78.93313439799158,192.93453486940953,True,True
reciprocal_contour_centroid,Epithelial,167,278,7470.5766330705665,2424.028289760259,7185.793140797621,2154.9693001370056,-284.7834922729453,-269.05898962325364,391.7835848632007,True,True
reciprocal_contour_centroid,Epithelial,144,281,6486.5148483697885,1931.8363423281328,6572.024163592743,1949.4557738671365,85.50931522295468,17.6194315390037,87.30571205629256,True,True
reciprocal_contour_centroid,Epithelial,234,282,7393.982297094891,3108.400926885572,7441.585809172054,2995.7068335957774,47.60351207716303,-112.69409328979464,122.33582069242657,True,True
reciprocal_contour_centroid,Epithelial,244,284,7180.171226416962,2930.6407894865947,7210.7895773166665,3002.353359195833,30.618350899704637,71.71256970923832,77.97548375046999,True,True
reciprocal_contour_centroid,Epithelial,246,285,7130.928597099732,2955.133049494271,7187.847847226267,3047.0315213157596,56.91925012653519,91.89847182148878,108.09778054193363,True,True
reciprocal_contour_centroid,Epithelial,284,287,7239.40819203944,3354.097467471742,7185.537508314355,3406.5527384891698,-53.870683725084746,52.45527101742755,75.1904649707653,True,True
reciprocal_contour_centroid,Epithelial,100,288,5436.097720519848,1492.1371401087854,5444.642161607024,1567.626286571234,8.544441087175983,75.48914646244862,75.9711702366183,True,True
reciprocal_contour_centroid,Epithelial,88,290,4910.675485048672,1316.6560858465298,4999.26093684392,1431.3712711515975,88.58545179524754,114.71518530506773,144.93776598714413,True,True
reciprocal_contour_centroid,Epithelial,120,292,5453.613371288574,1773.1968314967933,5683.8777323625,1668.9707614234849,230.264361073926,-104.22607007330839,252.75432669631903,True,True
reciprocal_contour_centroid,Epithelial,94,294,4769.92919198952,1359.0641640009972,5241.992069475,1472.1997372791666,472.0628774854795,113.13557327816943,485.4307553512147,True,True
reciprocal_contour_centroid,Epithelial,96,299,4911.569150417415,1735.3341452749094,4884.999826399109,1626.4094474059377,-26.56932401830545,-108.92469786897163,112.11832492789239,True,True
reciprocal_contour_centroid,Epithelial,86,301,4513.17954732432,1416.4857497119956,4571.180746408012,1440.6382147408715,58.00119908369197,24.152465028875895,62.82897947696703,True,True
reciprocal_contour_centroid,Epithelial,92,303,4736.135948751883,1592.7820381140546,4753.2033931647375,1445.5153814763191,17.067444412854456,-147.26665663773542,148.25237204187508,True,True
reciprocal_contour_centroid,Epithelial,155,306,5073.30199056777,1941.9858413147278,4900.81485532322,2033.097843001185,-172.4871352445498,91.11200168645723,195.07231652949784,True,True
reciprocal_contour_centroid,Epithelial,146,307,5120.3760316902035,2096.059863372883,5054.677500520217,2038.9034499446702,-65.69853116998638,-57.156413428212545,87.08129876081561,True,True
reciprocal_contour_centroid,Epithelial,274,308,6230.434890273986,3506.079414228131,6169.762240900574,3465.2490857951707,-60.67264937341133,-40.830328432960414,73.13197728717805,True,True
reciprocal_contour_centroid,Epithelial,75,314,3504.3517690524445,1009.9476161172541,3815.7076527374998,1122.6722601833333,311.35588368505523,112.72464406607912,331.13340466513773,True,True
reciprocal_contour_centroid,Epithelial,72,318,3446.4841497814164,1016.2327208394408,3828.8329694843064,1099.3704283352922,382.34881970289007,83.13770749585137,391.28314343434073,True,True
reciprocal_contour_centroid,Epithelial,211,319,5220.982963411892,2525.110430703586,5099.217790976295,2647.5182425891885,-121.76517243559738,122.40781188560231,172.6569709826156,True,True
reciprocal_contour_centroid,Epithelial,202,322,5082.336401834204,2432.4632061049056,5109.620819813064,2543.0915149117386,27.2844179788608,110.62830880683305,113.9432410189617,True,True
reciprocal_contour_centroid,Epithelial,273,326,5698.989532828323,3132.624271893634,5510.4777148420135,3261.1331468618655,-188.51181798630932,128.50887496823134,228.1474007436945,True,True
reciprocal_contour_centroid,Epithelial,329,332,6309.11624937242,3967.4444451834684,6573.34542061831,3914.289245897095,264.22917124589003,-53.15519928637332,269.52278224384656,True,True
reciprocal_contour_centroid,Epithelial,231,336,5380.008843950103,3311.9445519600786,5240.138157592735,3449.056912654374,-139.87068635736796,137.1123606942956,195.86630225039687,True,True
reciprocal_contour_centroid,Epithelial,30,337,2330.634380300427,486.7764412353275,2637.0280355825785,655.457255088612,306.3936552821515,168.68081385328446,349.75747162764696,True,True
reciprocal_contour_centroid,Epithelial,7,339,2165.021572087176,390.1688539351625,2052.092028429998,395.1110231804917,-112.92954365717787,4.942169245329239,113.03763473935538,True,True
reciprocal_contour_centroid,Epithelial,236,342,5138.805260686215,2930.877194338757,5245.96694606819,2983.6116394378305,107.16168538197508,52.73444509907358,119.43428533638327,True,True
reciprocal_contour_centroid,Epithelial,61,343,3058.6819182645327,1160.6882100615244,2994.5302866872207,1042.4103950728556,-64.15163157731195,-118.27781498866875,134.5550941158488,True,True
reciprocal_contour_centroid,Epithelial,5,345,1840.1515633921101,314.6486800135433,1793.4094530096022,380.2955031678575,-46.74211038250792,65.64682315431418,80.5874076594126,True,True
reciprocal_contour_centroid,Epithelial,66,346,2457.221864795812,714.6586519351112,2077.186534920486,988.168908788134,-380.03532987532617,273.51025685302284,468.22506613513815,True,True
reciprocal_contour_centroid,Epithelial,317,348,5642.175502087229,3678.3754120652466,5817.696547932835,3750.8168271954723,175.52104584560584,72.44141513022578,189.88258519623375,True,True
reciprocal_contour_centroid,Epithelial,1,349,1624.379817576505,245.01752423628045,1578.88284404461,313.06414739602866,-45.49697353189504,68.04662315974821,81.85546728231864,True,True
reciprocal_contour_centroid,Epithelial,321,352,5848.6963969936605,3926.83472479986,5767.0047382375,3759.6628929152776,-81.6916587561609,-167.1718318845824,186.0643665132583,True,True
reciprocal_contour_centroid,Epithelial,38,353,2666.4953549321463,985.5794560980689,2879.4350601499996,703.2392876541668,212.93970521785332,-282.34016844390214,353.6372276432408,True,True
reciprocal_contour_centroid,Epithelial,18,357,1872.622877712053,414.45456288809095,1838.1599337958328,477.9882468291666,-34.46294391622018,63.53368394107565,72.27879010122562,True,True
reciprocal_contour_centroid,Epithelial,81,358,2923.3634932009295,1285.9222127260573,2910.8648845210296,1231.314411017019,-12.498608679899917,-54.60780170903831,56.019882420680936,True,True
reciprocal_contour_centroid,Epithelial,3,363,1881.7793836753428,478.3905978576577,1724.4071889160734,248.85356751212885,-157.3721947592694,-229.53703034552888,278.3042507458225,True,True
reciprocal_contour_centroid,Epithelial,250,365,5160.8283248544385,3435.6244925742685,5142.0253908341965,3130.6474971435177,-18.80293402024199,-304.9769954307508,305.5560800732621,True,True
reciprocal_contour_centroid,Epithelial,44,369,2025.3635927829416,634.016098319348,1743.6090411550636,771.8194143527203,-281.7545516278781,137.8033160333723,313.6484995545493,True,True
reciprocal_contour_centroid,Epithelial,54,371,1976.5870928580148,600.9793839474598,1902.2423624859177,858.5848330666665,-74.34473037209705,257.6054491192067,268.1188287868049,True,True
reciprocal_contour_centroid,Epithelial,308,372,5492.337811337221,3826.547772276106,5570.329159052442,3687.5877379841727,77.99134771522131,-138.96003429193343,159.35037323097762,True,True
reciprocal_contour_centroid,Epithelial,270,377,4879.103811468779,3129.21787509491,5071.397675220815,3264.1907417018756,192.29386375203558,134.97286660696545,234.93532036879452,True,True
reciprocal_contour_centroid,Epithelial,309,378,5312.708263147681,3645.971311325152,5401.4500839565935,3668.500948649497,88.74182080891296,22.529637324345003,91.55706045110742,True,True
reciprocal_contour_centroid,Epithelial,25,381,1666.5720639025674,498.17617720245727,1919.8915871048123,599.6196535693504,253.3195232022449,101.4434763668931,272.87645507227825,True,True
reciprocal_contour_centroid,Epithelial,294,382,5067.342082369017,3462.6208495813516,4912.53581717412,3531.0795942949603,-154.8062651948967,68.45874471360867,169.26777446210997,True,True
reciprocal_contour_centroid,Epithelial,320,386,5595.28392594591,3986.5640083756043,5583.250304216666,3755.779254295833,-12.03362172924335,-230.78475407977112,231.09827080180187,True,True
reciprocal_contour_centroid,Epithelial,16,388,1626.2941350079695,468.5496027646483,1680.6561332166666,470.22096956666667,54.36199820869706,1.6713668020183832,54.387685336197855,True,True
reciprocal_contour_centroid,Epithelial,337,392,5648.611272824558,4162.320621222552,5862.245611780879,4018.9688509645052,213.6343389563208,-143.35177025804705,257.2729305959336,True,True
reciprocal_contour_centroid,Epithelial,102,395,2782.1752985730564,1540.4060581780345,2805.9357583876995,1603.5084118982122,23.760459814643127,63.10235372017769,67.42749065203074,True,True
reciprocal_contour_centroid,Epithelial,17,403,1283.035051352555,333.30225907692005,1313.1472650833198,481.87188543401015,30.11221373076478,148.5696263570901,151.59049868528245,True,True
reciprocal_contour_centroid,Epithelial,208,405,4074.3328101657717,2665.7123889748063,4096.464179839499,2729.596511862903,22.131369673727022,63.8841228880965,67.60901331047938,True,True
reciprocal_contour_centroid,Epithelial,342,406,5528.049220018411,4184.632732149071,5216.344898897692,4164.811217552234,-311.7043211207192,-19.821514596837005,312.33391786074253,True,True
reciprocal_contour_centroid,Epithelial,9,410,1399.1033211091549,540.263285876847,1464.8653792855227,513.4914512120756,65.76205817636787,-26.771834664771404,71.00267197021425,True,True
reciprocal_contour_centroid,Epithelial,310,412,4913.237756000925,3559.684872518191,4681.9785561,3662.5719270041664,-231.25919990092552,102.88705448597557,253.11373633135034,True,True
reciprocal_contour_centroid,Epithelial,34,417,1471.5493503854873,617.761912969227,1439.4581833453838,701.8728222054287,-32.09116704010353,84.11090923620179,90.02493018345753,True,True
reciprocal_contour_centroid,Epithelial,286,422,4736.438378694121,3415.720520806194,4841.5741581001075,3421.184825308886,105.1357794059868,5.464304502691903,105.27768393635213,True,True
reciprocal_contour_centroid,Epithelial,209,426,3935.8685640326585,2727.652542096083,4283.304163223425,2636.778552779609,347.4355991907669,-90.87398931647385,359.1233458288918,True,True
reciprocal_contour_centroid,Epithelial,43,427,1514.976565353804,797.6654520242713,1444.287380456986,778.8749062474163,-70.689184896818,-18.79054577685497,73.1440050309566,True,True
reciprocal_contour_centroid,Epithelial,165,429,3207.1823384308086,2211.6406230270995,3091.957465844972,2212.6676866325965,-115.22487258583669,1.0270636054970055,115.22944989052077,True,True
reciprocal_contour_centroid,Epithelial,19,434,1216.7021670910547,559.2361442241769,1330.647687375,485.7555240916666,113.94552028394537,-73.4806201325103,135.5838601303167,True,True
reciprocal_contour_centroid,Epithelial,78,435,1899.619700875892,1132.9456439833914,1794.4088780124998,1145.9740919708333,-105.2108228633922,13.02844798744195,106.01442215356158,True,True
reciprocal_contour_centroid,Epithelial,293,437,4563.169340390381,3383.224714727891,4652.543322056821,3511.559148614689,89.37398166644016,128.33443388679825,156.38873207478272,True,True
reciprocal_contour_centroid,Epithelial,76,439,1647.4124384583447,990.3097685968116,1634.0735005813915,1152.1255488104937,-13.338937876953196,161.81578021368205,162.36463281714978,True,True
reciprocal_contour_centroid,Epithelial,306,441,4777.115065193468,3746.0386043849767,4774.279717525533,3653.043464770934,-2.8353476679349114,-92.99513961404273,93.03835331858235,True,True
reciprocal_contour_centroid,Epithelial,354,451,5533.388336890714,4695.501771712242,5364.441011913726,4633.481585598456,-168.94732497698806,-62.02018611378571,179.97139245576957,True,True
reciprocal_contour_centroid,Epithelial,261,460,3895.9697540466514,3414.9469675294167,3983.769927685283,3287.034844903419,87.8001736386318,-127.91212262599765,155.14632321025903,True,True
reciprocal_contour_centroid,Epithelial,85,466,2128.954016819816,1713.910919153519,1999.8930031818052,1267.870554825834,-129.06101363801076,-446.040364327685,464.3368947766748,True,True
reciprocal_contour_centroid,Epithelial,207,467,3282.5803099874415,2653.3739629757565,3234.7549809901125,2686.5987297635093,-47.82532899732905,33.22476678775274,58.23355752316117,True,True
reciprocal_contour_centroid,Epithelial,363,468,5168.868246884429,4858.9468366289175,5401.264556999388,4893.527806717849,232.3963101149593,34.58097008893128,234.9550775091696,True,True
reciprocal_contour_centroid,Epithelial,51,469,1085.291552112597,849.5269389867299,1169.7896391324375,846.0277348127959,84.49808701984057,-3.499204173934004,84.57050987113313,True,True
reciprocal_contour_centroid,Epithelial,318,470,4328.891605715958,3556.3951861689998,4543.145549220113,3774.6807168243568,214.25394350415536,218.28553065535698,305.86488062635203,True,True
reciprocal_contour_centroid,Epithelial,253,474,4056.5795409508787,4382.803335093067,4345.680722904284,3998.6486136512804,289.10118195340556,-384.15472144178693,480.7851322710313,True,True
reciprocal_contour_centroid,Epithelial,213,476,3358.110822575949,2804.906835621766,3381.427313576752,2694.5417264012385,23.316491000803126,-110.3651092205273,112.80122377815523,True,True
reciprocal_contour_centroid,Epithelial,279,482,4487.619292155341,3796.2691610315205,4331.9701104,3309.160811265278,-155.6491817553415,-487.10834976624255,511.37189225953693,True,True
reciprocal_contour_centroid,Epithelial,351,483,5136.940932356985,4657.73073050393,4941.298085172919,4553.075882029095,-195.64284718406634,-104.65484847483549,221.8755528749815,True,True
reciprocal_contour_centroid,Epithelial,269,487,4178.857876361283,3604.0971954009497,4194.7566544054125,3306.6217496334125,15.898778044129358,-297.47544576753717,297.9000033197238,True,True
reciprocal_contour_centroid,Epithelial,48,490,1001.4119984520172,959.7058661846319,1033.1405084875,819.7484467333334,31.728510035482827,-139.9574194512985,143.50880672815325,True,True
reciprocal_contour_centroid,Epithelial,183,497,2752.0289887698286,2702.0730407806445,2917.7152416060912,2853.2118142426093,165.6862528362626,151.13877346196477,224.26516274827227,True,True
reciprocal_contour_centroid,Epithelial,359,499,5103.181302723812,4733.998965187827,4807.061702700086,4652.302295897852,-296.119600023726,-81.69666928997503,307.1826220528873,True,True
reciprocal_contour_centroid,Epithelial,353,500,5149.2992718772775,4799.770954241412,5206.9912248625,4571.343367495833,57.69195298522209,-228.427586745579,235.6003476772861,True,True
reciprocal_contour_centroid,Epithelial,218,502,3474.6207143358356,3073.884891425654,3684.454485600001,2730.498654795834,209.83377126416553,-343.3862366298199,402.4230598135907,True,True
reciprocal_contour_centroid,Epithelial,40,507,575.8312985801742,814.0904863803446,560.6291065375001,718.7738421791668,-15.202192042674142,-95.31664420117784,96.52134118772011,True,True
reciprocal_contour_centroid,Epithelial,140,511,1776.703377207111,2027.3648239633262,1540.2357958365935,1962.8625716078336,-236.46758137051756,-64.5022523554926,245.10703294306754,True,True
reciprocal_contour_centroid,Epithelial,83,512,1079.3990442228153,1416.3068975727322,1153.4857758339792,1291.36753722145,74.08673161116394,-124.93936035128218,145.25387280830822,True,True
reciprocal_contour_centroid,Epithelial,277,514,3435.127504464057,3292.7375780474595,3510.0719881169457,3319.3468459402434,74.94448365288872,26.60926789278392,79.52816336234633,True,True
reciprocal_contour_centroid,Epithelial,145,515,1587.447347301667,1774.2658812711138,1418.1497988000003,1977.0727596958338,-169.2975485016666,202.80687842472003,264.1823042239077,True,True
reciprocal_contour_centroid,Epithelial,355,517,4812.7275254907645,4774.27456554916,4690.728767306249,4641.248862866972,-121.99875818451528,-133.02570268218824,180.49801819591752,True,True
reciprocal_contour_centroid,Epithelial,189,520,2399.1709605832175,2546.1423476359014,2453.0157792591062,2477.414870446943,53.844818675888746,-68.72747718895835,87.30825057804175,True,True
reciprocal_contour_centroid,Epithelial,341,522,4249.350158962075,4242.590391913119,4173.134333140055,4163.811589810075,-76.21582582201972,-78.77880210304374,109.61273542122274,True,True
reciprocal_contour_centroid,Epithelial,357,529,4457.381353501967,4996.762578705537,4518.0195468932825,4914.2732656392345,60.638193391315326,-82.4893130663022,102.37908608652928,True,True
reciprocal_contour_centroid,Epithelial,137,532,1218.0260456270123,1860.1418185800242,1118.7603326360568,2017.5728172961833,-99.26571299095554,157.43099871615914,186.1134093298225,True,True
reciprocal_contour_centroid,Epithelial,171,536,1677.8465302729728,2212.5973145120197,1792.5140634745487,2225.0870255118602,114.6675332015759,12.489710999840554,115.345724027352,True,True
reciprocal_contour_centroid,Epithelial,210,537,2131.4393539296693,2684.01365088013,2196.570825971133,2664.4668399625166,65.1314720414639,-19.546810917613584,68.0013710695375,True,True
reciprocal_contour_centroid,Epithelial,115,538,771.9070487640066,1402.2846547007705,996.0979478812094,1631.4289212646358,224.19089911720278,229.14426656386536,320.5755045945831,True,True
reciprocal_contour_centroid,Epithelial,324,540,3924.1673007891163,4047.2316092915858,4216.216348114914,3836.9743968842195,292.04904732579735,-210.2572124073663,359.86211444555005,True,True
reciprocal_contour_centroid,Epithelial,99,541,946.646403186409,1694.1395667623226,905.3025601582142,1601.9578819299122,-41.34384302819478,-92.18168483241038,101.02859186825208,True,True
reciprocal_contour_centroid,Epithelial,249,543,2869.095934530427,3266.1148543996896,2789.6916476704605,3181.107289919688,-79.4042868599663,-85.00756448000175,116.32423131300492,True,True
reciprocal_contour_centroid,Epithelial,304,547,3326.6517083047893,3576.9058262007525,3277.5696672210615,3631.502817920843,-49.082041083727745,54.5969917200905,73.4157902758553,True,True
reciprocal_contour_centroid,Epithelial,290,552,3138.3526509134044,3571.8064968287495,3214.2535144901153,3553.6276826793946,75.90086357671089,-18.17881414935482,78.04748795167761,True,True
reciprocal_contour_centroid,Epithelial,240,555,2294.6522762282393,3006.5515702089983,2665.458460786184,3030.4100022323537,370.80618455794456,23.858432023355363,371.5729420787169,True,True
reciprocal_contour_centroid,Epithelial,333,556,3514.9087790217427,4069.229332780141,3547.291641239054,3997.357904916217,32.38286221731141,-71.8714278639236,78.82989222740666,True,True
reciprocal_contour_centroid,Epithelial,227,558,1939.9671878516317,2848.503749042236,1856.3990473370047,2924.4738304520356,-83.56814051462698,75.9700814097996,112.93842295022549,True,True
reciprocal_contour_centroid,Epithelial,289,559,2845.819554345459,3464.8914420941774,2586.3113681467285,3471.2692446776105,-259.5081861987305,6.377802583433095,259.5865463962804,True,True
reciprocal_contour_centroid,Epithelial,366,560,4104.300950082355,4736.976323284561,3754.4561747541666,5107.2854990333335,-349.844775328188,370.30917574877276,509.4313029920382,True,True
reciprocal_contour_centroid,Epithelial,259,561,2300.756276015916,3084.4241289558786,2438.185776341105,3188.2031207479636,137.4295003251891,103.77899179208498,172.21192379452938,True,True
reciprocal_contour_centroid,Epithelial,287,562,2887.8568566618383,3559.7133605020335,2933.7559549827847,3529.343715499243,45.89909832094645,-30.36964500279055,55.036738314251785,True,True
reciprocal_contour_centroid,Epithelial,105,564,560.9559241741232,1693.9181790821485,617.5241281836015,1687.5877264969947,56.568204009478336,-6.330452585153807,56.9213170507398,True,True
reciprocal_contour_centroid,Epithelial,239,566,2179.774397226225,3093.9236331236484,2238.3351513507723,3156.325033702384,58.5607541245472,62.401400578735775,85.57626258387029,True,True
reciprocal_contour_centroid,Epithelial,152,572,1048.0797034470816,2144.169242658883,1326.5598361155362,2021.3030886367944,278.48013266845464,-122.8661540220885,304.380150626186,True,True
reciprocal_contour_centroid,Epithelial,164,573,1078.1336559025908,2201.4806522867752,880.7721592970976,2187.453115857746,-197.36149660549324,-14.027536429029169,197.8593746089072,True,True
reciprocal_contour_centroid,Epithelial,315,574,3465.8635853509554,4357.548903771855,3104.405331559353,3943.179366471941,-361.4582537916026,-414.3695372999141,549.8674228177366,True,True
reciprocal_contour_centroid,Epithelial,123,578,569.5883365953954,1812.647919651999,726.8831182875,1689.6835007708335,157.2947816921046,-122.96441888116556,199.65444312198412,True,True
reciprocal_contour_centroid,Epithelial,116,579,236.35617281613077,1515.0225043922603,292.1434612263681,1632.8529221540207,55.78728841023735,117.83041776176037,130.3695857862484,True,True
reciprocal_contour_centroid,Epithelial,295,580,2577.492079853273,3645.2905654930437,2633.292671654127,3568.3324615919414,55.80059180085391,-76.95810390110228,95.05922260032625,True,True
reciprocal_contour_centroid,Epithelial,260,583,2039.7493306846186,3166.3367870535,2003.063604352564,3203.167842488309,-36.68572633205463,36.83105543480906,51.98431649019139,True,True
reciprocal_contour_centroid,Epithelial,161,587,825.0293888415879,2144.7138609015847,766.25906845,2083.225549001515,-58.770320391587916,-61.488311900069675,85.05741037234877,True,True
reciprocal_contour_centroid,Epithelial,62,589,106.09021546577037,1560.8184879819112,325.0230425330116,950.6976802936958,218.93282706724125,-610.1208076882153,648.2121433155775,True,True
reciprocal_contour_centroid,Epithelial,182,592,1226.1660480090807,2652.098455106363,1347.2006067306686,2399.098700541812,121.03455872158793,-252.99975456455104,280.46076412691417,True,True
reciprocal_contour_centroid,Epithelial,344,594,3630.479549122641,4487.999504754411,3092.518905705474,4239.555967999171,-537.9606434171669,-248.44353675523962,592.5587268965535,True,True
reciprocal_contour_centroid,Epithelial,128,597,418.1464040177532,1984.4632944994873,438.31268596800084,1811.3056155901006,20.16628195024765,-173.15767890938673,174.328026125988,True,True
reciprocal_contour_centroid,Epithelial,154,599,802.3889570161399,2310.2479756462753,696.0085478171004,2217.8794826152475,-106.38040919903949,-92.36849303102781,140.88552078257766,True,True
reciprocal_contour_centroid,Epithelial,272,600,1915.956839380176,3316.98422824704,1944.994605612064,3364.0679372574814,29.0377662318881,47.08370901044145,55.31787705541226,True,True
reciprocal_contour_centroid,Epithelial,248,603,1653.861585347937,3160.718128366582,1785.230450935225,3151.785048167598,131.36886558728793,-8.933080198984044,131.67223992752764,True,True
reciprocal_contour_centroid,Epithelial,340,605,3328.564634058898,4438.772612536543,3394.7424799747764,4145.002329767492,66.1778459158786,-293.77028276905185,301.1320081430641,True,True
reciprocal_contour_centroid,Epithelial,338,608,2523.6938600107055,3784.4981333032197,2851.3209558460107,4021.5208238470154,327.6270958353052,237.02269054379576,404.3751596699484,True,True
reciprocal_contour_centroid,Epithelial,282,609,2088.9890988393427,3519.301537416443,1811.9093003270134,3380.0156405736752,-277.07979851232926,-139.28589684276767,310.11897040156555,True,True
reciprocal_contour_centroid,Epithelial,350,613,3069.8335646429873,4411.683269026794,3195.636832719854,4449.928065867193,125.80326807686652,38.24479684039943,131.4881239663239,True,True
reciprocal_contour_centroid,Epithelial,330,614,2671.947614226533,4151.561973509884,2771.0252472425127,3915.3261905030486,99.0776330159797,-236.23578300683585,256.1712757841948,True,True
reciprocal_contour_centroid,Epithelial,368,615,3724.257176345741,5195.150089131298,3792.5357973209393,5175.234791250193,68.27862097519846,-19.91529788110529,71.12375954607552,True,True
reciprocal_contour_centroid,Epithelial,365,617,3524.228016165121,5051.442072851984,3599.4656897053874,5071.627286276354,75.23767354026631,20.185213424369977,77.89833349141081,True,True
reciprocal_contour_centroid,Macrophage_Myeloid,1466,619,7437.535851190707,2518.6727621501755,7495.17143951875,2777.102318394444,57.63558832804301,258.4295562442685,264.77858029404337,True,True
reciprocal_contour_centroid,Macrophage_Myeloid,1451,620,7439.69238298015,2567.053226633313,7517.046967374999,2666.0700857115257,77.35458439484955,99.01685907821275,125.65058737870883,True,True
reciprocal_contour_centroid,Macrophage_Myeloid,1395,623,7196.85476759129,2430.2385100787974,7158.936474224968,2189.5221768344477,-37.91829336632145,-240.7163332443497,243.68452979707027,True,True
reciprocal_contour_centroid,Macrophage_Myeloid,1396,626,7490.3518502846455,2803.5817210393807,7324.649906719907,2210.929349539001,-165.70194356473803,-592.6523715003796,615.3811563138373,True,True
reciprocal_contour_centroid,Macrophage_Myeloid,1462,628,7333.191310322168,2697.844774712804,7221.59866162451,2743.520266721117,-111.59264869765775,45.675492008313086,120.57847989405211,True,True
reciprocal_contour_centroid,Macrophage_Myeloid,1439,629,7270.082486464769,2630.4066422068954,7429.54485595,2544.0840003541666,159.46236948523074,-86.3226418527288,181.32800605057878,True,True
reciprocal_contour_centroid,Macrophage_Myeloid,1433,632,7434.9346397713625,2917.4127476732333,7280.7912665062495,2497.4803367366667,-154.14337326511304,-419.9324109365666,447.32919564515953,True,True
reciprocal_contour_centroid,Macrophage_Myeloid,1480,638,7167.5458007154175,2881.7549394622038,7088.286621279167,3033.4224682458334,-79.25917943625063,151.66752878362968,171.1287726019237,True,True
reciprocal_contour_centroid,Macrophage_Myeloid,1474,641,7140.46101833106,2983.320432049501,7196.627529228865,2965.3707277898156,56.16651089780498,-17.949704259685404,58.964979686619195,True,True
reciprocal_contour_centroid,Macrophage_Myeloid,1319,644,5815.792497871007,1714.9388039943112,6028.712442232947,1806.017998800503,212.91994436194,91.07919480619171,231.58221527923047,True,True
reciprocal_contour_centroid,Macrophage_Myeloid,1352,651,5878.454727783711,1842.1550203715692,5635.8895248444705,1967.223712251035,-242.5652029392404,125.06869187946586,272.9103430898061,True,True
reciprocal_contour_centroid,Macrophage_Myeloid,1487,652,6845.96518429532,3116.5845624417843,7090.175368328873,3261.895684741666,244.21018403355356,145.31112229988184,284.1723706656812,True,True
reciprocal_contour_centroid,Macrophage_Myeloid,1482,654,7045.764599220452,3348.845579148925,7133.391195489134,3086.718851153811,87.62659626868208,-262.1267279951139,276.38531419570586,True,True
reciprocal_contour_centroid,Macrophage_Myeloid,1318,656,5743.2691830078265,1852.2675658545122,5819.506005050001,1767.3562734666666,76.23682204217403,-84.9112923878456,114.11389315094074,True,True
reciprocal_contour_centroid,Macrophage_Myeloid,1378,660,5765.49441590617,1948.3632489075756,5651.12277530256,2103.1874516084417,-114.3716406036101,154.82420270086618,192.4874175532527,True,True
reciprocal_contour_centroid,Macrophage_Myeloid,1325,667,5471.218681426459,1817.426846434222,5416.996292395834,1782.8908279916668,-54.22238903062498,-34.53601844255513,64.28688857032162,True,True
reciprocal_contour_centroid,Macrophage_Myeloid,1384,668,5680.4287792719915,2159.0202136729495,5608.123589638111,2148.682326176223,-72.30518963388022,-10.33788749672658,73.04048443080286,True,True
reciprocal_contour_centroid,Macrophage_Myeloid,1334,669,5293.7362099195825,1723.3954659396468,5271.633033905203,1855.178555382986,-22.103176014379642,131.78308944333912,133.62384911816366,True,True
reciprocal_contour_centroid,Macrophage_Myeloid,1300,670,5237.612805921914,1666.7408536371563,5083.029900344565,1709.1016939539259,-154.58290557734836,42.360840316769554,160.2819874130535,True,True
reciprocal_contour_centroid,Macrophage_Myeloid,1369,671,5742.323416976509,2241.3100229368356,5662.002204494444,2050.861893772222,-80.32121248206477,-190.44812916461342,206.6929778122379,True,True
reciprocal_contour_centroid,Macrophage_Myeloid,1394,673,5438.377606803438,2160.1626769943637,5446.279239638348,2263.3857172553653,7.9016328349107425,103.22304026100164,103.5250300274388,True,True
reciprocal_contour_centroid,Macrophage_Myeloid,1285,674,5058.522828768148,1574.6645251292166,5073.449927811905,1645.6466098476906,14.927099043756243,70.98208471847397,72.53464439040647,True,True
reciprocal_contour_centroid,Macrophage_Myeloid,1349,676,5156.516728360493,1748.9975970736218,5171.952986285863,1953.3726060167385,15.436257925369318,204.37500894311665,204.95712317272006,True,True
reciprocal_contour_centroid,Macrophage_Myeloid,1543,682,6508.453189104585,3445.1167030379524,6182.639767612501,3740.244699794444,-325.8134214920847,295.1279967564915,439.60768884754333,True,True
reciprocal_contour_centroid,Macrophage_Myeloid,1423,684,5482.957507856073,2457.8211588777194,5508.7932322838,2389.4272960515605,25.835724427726745,-68.39386282615897,73.11090978088623,True,True
reciprocal_contour_centroid,Macrophage_Myeloid,1219,686,4273.316042048144,1355.630625411036,4324.436480544451,1349.7684110436326,51.12043849630754,-5.86221436740334,51.455464134959975,True,True
reciprocal_contour_centroid,Macrophage_Myeloid,1472,693,5927.975942265671,2958.3490127050864,6047.342385303637,2935.178377195268,119.36644303796584,-23.170635509818567,121.59451498100071,True,True
reciprocal_contour_centroid,Macrophage_Myeloid,1426,695,5545.058043994933,2513.9885658445087,5368.870131153837,2402.7059273106047,-176.18791284109557,-111.28263853390399,208.3890742586305,True,True
reciprocal_contour_centroid,Macrophage_Myeloid,1521,697,6646.893214713338,3793.203203561388,6579.1148520009265,3511.913531760416,-67.77836271241176,-281.289671800972,289.34025975289677,True,True
reciprocal_contour_centroid,Macrophage_Myeloid,1506,698,6171.188146255344,3287.0960381878426,6262.27042855228,3297.0617832206126,91.08228229693577,9.965745032769973,91.62586000948029,True,True
reciprocal_contour_centroid,Macrophage_Myeloid,1552,699,6589.357652316911,3752.483554766588,6622.44204690476,3817.9174723806545,33.08439458784869,65.43391761406656,73.32240271273795,True,True
reciprocal_contour_centroid,Macrophage_Myeloid,1405,700,5415.035585931087,2419.7453117445652,5320.743969799999,2256.6947414291667,-94.29161613108772,-163.05057031539855,188.35179147751455,True,True
reciprocal_contour_centroid,Macrophage_Myeloid,1215,703,3882.8648772422325,1109.0219412432757,4003.214717971545,1160.450907546879,120.34984072931229,51.428966303603374,130.8778924747339,True,True
reciprocal_contour_centroid,Macrophage_Myeloid,1210,707,3935.433433109484,1320.0692596014894,3848.9299334888287,1210.5604833298457,-86.50349962065548,-109.50877627164368,139.5529559956852,True,True
reciprocal_contour_centroid,Macrophage_Myeloid,1436,714,5144.035623437351,2358.859285086203,5049.487424314814,2520.782168535185,-94.54819912253697,161.92288344898225,187.50568562512336,True,True
reciprocal_contour_centroid,Macrophage_Myeloid,1291,717,4292.353921113019,1650.5649324051644,4244.467998904166,1674.1489462458333,-47.88592220885312,23.58401384066883,53.37852802980981,True,True
reciprocal_contour_centroid,Macrophage_Myeloid,1438,719,5198.746280490304,2548.963341305475,5198.820472166657,2636.000233469627,0.07419167635271151,87.03689216415205,87.03692378524802,True,True
reciprocal_contour_centroid,Macrophage_Myeloid,1483,720,5688.323197501042,3100.9761650038827,5620.6760100780975,3102.0027772885473,-67.64718742294463,1.0266122846646795,67.65497689762388,True,True
reciprocal_contour_centroid,Macrophage_Myeloid,1231,724,4140.7836877702475,1669.3458135154133,4104.464620525001,1250.8323350972223,-36.319067245246515,-418.51347841819097,420.08642713524836,True,True
reciprocal_contour_centroid,Macrophage_Myeloid,1281,725,4203.373439977543,1751.240747003689,4257.155804960508,1625.24099041386,53.78236498296519,-125.99975658982908,136.9981074462602,True,True
reciprocal_contour_centroid,Macrophage_Myeloid,1454,726,5453.412649109025,2934.0947576483063,5360.119919984263,2683.8949912240532,-93.29272912476154,-250.19976642425308,267.02707058704164,True,True
reciprocal_contour_centroid,Macrophage_Myeloid,1442,727,5323.101570173177,2781.834635058544,5117.269856999094,2606.897633862137,-205.83171317408232,-174.93700119640698,270.1289479781265,True,True
reciprocal_contour_centroid,Macrophage_Myeloid,1551,733,6108.823554512305,3735.820190920712,6068.887022803014,3817.9174724258605,-39.93653170929156,82.09728150514866,91.29561980458249,True,True
reciprocal_contour_centroid,Macrophage_Myeloid,1290,734,4083.015984366289,1712.0608822626973,4036.7477087465304,1677.040099446355,-46.2682756197587,-35.02078281634226,58.02765338952947,True,True
reciprocal_contour_centroid,Macrophage_Myeloid,1471,738,5269.774330803986,2837.4831482865393,5248.592121970348,2916.432003586861,-21.18220883363847,78.94885530032161,81.7411018050466,True,True
reciprocal_contour_centroid,Macrophage_Myeloid,1505,739,5648.129286880117,3328.0259061783895,5597.085360302432,3320.198975361446,-51.04392657768585,-7.826930816943332,51.640519812269524,True,True
reciprocal_contour_centroid,Macrophage_Myeloid,1238,740,3363.152259574142,1275.4801934128645,3386.1365986687656,1365.51224409772,22.984339094623465,90.03205068485545,92.91958886121385,True,True
reciprocal_contour_centroid,Macrophage_Myeloid,1460,741,5295.484772303312,2915.373903452297,5191.463889479167,2728.899509460417,-104.02088282414479,-186.47439399187988,213.52527643853622,True,True
reciprocal_contour_centroid,Macrophage_Myeloid,1519,742,5740.647944936796,3466.727461928082,5749.63202619735,3531.7459645720182,8.984081260553467,65.01850264393624,65.6362659065533,True,True
reciprocal_contour_centroid,Macrophage_Myeloid,1499,744,5463.789608832248,3099.788918295442,5458.528091699108,3250.681093348449,-5.261517133139932,150.89217505300712,150.98388011562582,True,True
reciprocal_contour_centroid,Macrophage_Myeloid,1477,747,5332.182632615588,3003.9865310109662,5368.926222245458,3049.142604622109,36.74358962987026,45.1560736111428,58.21651280232488,True,True
reciprocal_contour_centroid,Macrophage_Myeloid,1222,750,3287.5945032932877,1201.9659724329636,3434.1298176416326,1195.8014295244843,146.53531434834485,-6.164542908479234,146.66492402902176,True,True
reciprocal_contour_centroid,Macrophage_Myeloid,1165,751,2679.090132936934,723.9451700412537,2725.2930831275044,674.3641822505773,46.20295019057039,-49.58098779067643,67.77157926897922,True,True
reciprocal_contour_centroid,Macrophage_Myeloid,1512,755,5531.042403160464,3308.334649227084,5550.112930466487,3417.1115814175355,19.070527306022996,108.77693219045159,110.43598140323593,True,True
reciprocal_contour_centroid,Macrophage_Myeloid,1556,756,5854.317553760344,3650.1345159875614,5950.759172329166,3872.2884133041666,96.44161856882238,222.15389731660525,242.18451619608348,True,True
reciprocal_contour_centroid,Macrophage_Myeloid,1164,757,2464.2362543996437,620.8556143350303,2417.4833266460855,667.8310514845333,-46.7529277535582,46.97543714950302,66.27614917084684,True,True
reciprocal_contour_centroid,Macrophage_Myeloid,1509,759,5611.372507726905,3465.26017079114,5627.001359999999,3367.415390816667,15.628852273094708,-97.84477997447311,99.0851249765941,True,True
reciprocal_contour_centroid,Macrophage_Myeloid,1230,765,3293.4632993768723,1365.8791191857295,3500.7000514375,1246.9486964541668,207.23675206062762,-118.93042273156266,238.93831182074223,True,True
reciprocal_contour_centroid,Macrophage_Myeloid,1228,768,3092.4396819171893,1291.0001023371485,3029.1225172189197,1255.772050915723,-63.31716469826961,-35.22805142142556,72.45742855207051,True,True
reciprocal_contour_centroid,Macrophage_Myeloid,1245,769,3242.7876144657184,1373.392129330771,3054.439283,1394.5269645833332,-188.34833146571827,21.134835252562198,189.53040713055262,True,True
reciprocal_contour_centroid,Macrophage_Myeloid,1276,773,3352.165300273825,1504.1529026615804,3435.0734679159723,1588.7088963819444,82.90816764214742,84.55599372036409,118.42077662224932,True,True
reciprocal_contour_centroid,Macrophage_Myeloid,1575,776,6018.5694107662375,4133.887014102179,5868.1462675846415,4223.4922811234255,-150.42314318159606,89.60526702124662,175.08919407713273,True,True
reciprocal_contour_centroid,Macrophage_Myeloid,1246,778,3276.6255981315103,1494.834799069639,3260.06924501259,1410.06151906269,-16.55635311892047,-84.77328000694911,86.37489121113256,True,True
reciprocal_contour_centroid,Macrophage_Myeloid,1541,784,5442.39547934034,3579.292244000935,5408.246081224999,3701.408313316667,-34.14939811534077,122.11606931573169,126.80108744314707,True,True
reciprocal_contour_centroid,Macrophage_Myeloid,1194,791,2591.7213028826027,1041.5506841415574,2266.9202799624995,990.6285465791666,-324.80102292010315,-50.922137562390844,328.76856386197943,True,True
reciprocal_contour_centroid,Macrophage_Myeloid,1525,793,5505.8769236187645,3734.407334978463,5381.99544782128,3563.4466742707023,-123.8814757974842,-170.96066070776078,211.12595187564403,True,True
reciprocal_contour_centroid,Macrophage_Myeloid,1162,796,1813.401316604106,536.6461008297193,1754.854352213843,637.7193977700181,-58.54696439026293,101.07329694029875,116.80564367228375,True,True
reciprocal_contour_centroid,Macrophage_Myeloid,1180,797,2027.727288675108,729.1484740864348,1996.0414713079174,861.6394216629217,-31.685817367190566,132.49094757648686,136.227171342366,True,True
reciprocal_contour_centroid,Macrophage_Myeloid,1241,799,2664.3705196216442,1199.9614168425028,2761.782027383501,1369.448894997524,97.41150776185668,169.4874781550211,195.4865905779397,True,True
reciprocal_contour_centroid,Macrophage_Myeloid,1271,800,2979.2784696243093,1450.2389185280379,2867.8110050896557,1586.157878729194,-111.46746453465357,135.9189602011561,175.78099838136006,True,True
reciprocal_contour_centroid,Macrophage_Myeloid,1310,801,3279.960909545641,1747.245912507422,3170.2462890188467,1783.0857059056166,-109.71462052679408,35.839793398194615,115.42005349229267,True,True
reciprocal_contour_centroid,Macrophage_Myeloid,1383,802,4043.474958503012,2338.9118023008627,3966.994198050034,2139.663221606661,-76.4807604529783,-199.2485806942018,213.4228282731716,True,True
reciprocal_contour_centroid,Macrophage_Myeloid,1237,806,2670.050549641973,1256.957650238741,2644.0692112069905,1349.7444422840733,-25.981338434982263,92.78679204533228,96.35568859666161,True,True
reciprocal_contour_centroid,Macrophage_Myeloid,1345,808,3333.3469767104043,1944.525095284511,3460.3289892511652,2041.8609636277906,126.98201254076093,97.33586834327957,159.9959461206509,True,True
reciprocal_contour_centroid,Macrophage_Myeloid,1146,809,1606.2448364146608,401.65154084493525,1584.40381055,470.2209695666666,-21.841025864660878,68.56942872173136,71.96385874899555,True,True
reciprocal_contour_centroid,Macrophage_Myeloid,1251,810,2864.6093235640997,1474.3445280838885,2770.0574208130024,1475.4491351386569,-94.55190275109726,1.104607054768394,94.55835484291379,True,True
reciprocal_contour_centroid,Macrophage_Myeloid,1379,811,3588.038529386412,2004.8356351058733,3645.0785353548617,2099.2779220471175,57.040005968449805,94.44228694124422,110.33090158053227,True,True
reciprocal_contour_centroid,Macrophage_Myeloid,1432,812,4019.5602390470635,2367.533363013661,4349.470532600001,2501.363975327778,329.9102935529377,133.83061231411693,356.02167712733024,True,True
reciprocal_contour_centroid,Macrophage_Myeloid,1569,816,5740.3170349631155,4380.025987228986,5683.373770138322,4205.972544949713,-56.943264824793914,-174.05344227927344,183.13147238574527,True,True
reciprocal_contour_centroid,Macrophage_Myeloid,1177,819,1823.7653721271247,738.0437317250323,1676.2810276312496,749.8429512179822,-147.48434449587512,11.799219492949874,147.95557932035135,True,True
reciprocal_contour_centroid,Macrophage_Myeloid,1312,822,3041.306923788715,1901.8405875273565,3057.0335522330247,1825.0564159035237,15.726628444309881,-76.78417162383289,78.37815929315768,True,True
reciprocal_contour_centroid,Macrophage_Myeloid,1582,823,5527.614483649812,4162.24378149889,5478.247770449999,4268.419553975001,-49.3667131998136,106.17577247611098,117.09127650278451,True,True
reciprocal_contour_centroid,Macrophage_Myeloid,1175,824,1669.0821145398866,780.456802694276,1763.1586996003118,798.1452596962127,94.07658506042526,17.68845700193674,95.72505088920451,True,True
reciprocal_contour_centroid,Macrophage_Myeloid,1418,825,3576.3992606339607,2207.9101683612375,3579.4519517625,2318.8329595291666,3.052691128539209,110.92279116792906,110.96478956682729,True,True
reciprocal_contour_centroid,Macrophage_Myeloid,1137,831,1229.1520258647136,402.9859535836962,1181.894097825,291.5735924583333,-47.25792803971353,-111.4123611253629,121.0207667061113,True,True
reciprocal_contour_centroid,Macrophage_Myeloid,1579,832,5462.963423358316,4266.36189180368,5599.854871549227,4222.6111115644135,136.89144819091143,-43.75078023926653,143.71290602917188,True,True
reciprocal_contour_centroid,Macrophage_Myeloid,1157,836,1269.8728685777946,508.27382232109346,1278.1464205625,571.1955741208334,8.273551984705364,62.92175179973992,63.46336354142992,True,True
reciprocal_contour_centroid,Macrophage_Myeloid,1589,838,5579.0184895716575,4460.821293180573,5662.63496769845,4517.983456462967,83.61647812679257,57.16216328239443,101.28784885390499,True,True
reciprocal_contour_centroid,Macrophage_Myeloid,1143,840,1248.3165149201916,508.8552777800396,1386.6328345986096,370.90050750781126,138.31631967841804,-137.95477027222836,195.3533284340086,True,True
reciprocal_contour_centroid,Macrophage_Myeloid,1152,841,1083.119877297842,436.0916537964649,864.6956739841999,581.7028774355836,-218.42420331364224,145.61122363911863,262.51049701465416,True,True
reciprocal_contour_centroid,Macrophage_Myeloid,1583,844,5393.140612769008,4334.380076765392,5421.168121517688,4392.6976456774155,28.027508748679793,58.31756891202349,64.7030145392464,True,True
reciprocal_contour_centroid,Macrophage_Myeloid,1565,847,5059.327206289949,4007.792366380635,4947.887750432359,4071.2170144533948,-111.43945585758956,63.42464807275974,128.2241720776121,True,True
reciprocal_contour_centroid,Macrophage_Myeloid,1576,848,5257.11956855355,4206.175409726842,5166.011069379263,4193.206419063823,-91.10849917428732,-12.968990663019213,92.02691639193716,True,True
reciprocal_contour_centroid,Macrophage_Myeloid,1591,849,5515.908161408047,4572.596359764629,5436.756742225157,4603.93284617152,-79.1514191828901,31.33648640689171,85.1288584382223,True,True
reciprocal_contour_centroid,Macrophage_Myeloid,1592,851,5409.228233322954,4409.382792255763,5592.000515347026,4503.28722370719,182.7722820240715,93.90443145142672,205.48418265769857,True,True
reciprocal_contour_centroid,Macrophage_Myeloid,1129,853,788.5013573915235,378.1744684409945,851.5182839251096,283.01830165467123,63.016926533586116,-95.15616678632324,114.13075443194948,True,True
reciprocal_contour_centroid,Macrophage_Myeloid,1360,854,3126.661299342444,2202.4583609339966,3117.554231997925,2026.768950381411,-9.107067344519237,-175.6894105525855,175.92528998393766,True,True
reciprocal_contour_centroid,Macrophage_Myeloid,1392,859,3082.9270576201184,2223.079944843506,3334.84989559797,2174.281938008361,251.9228379778515,-48.79800683514486,256.6054593454661,True,True
reciprocal_contour_centroid,Macrophage_Myeloid,1128,860,908.0398719851738,399.26606937367393,1011.2649805250002,159.52987883055556,103.22510853982635,-239.73619054311837,261.01506487018196,True,True
reciprocal_contour_centroid,Macrophage_Myeloid,1459,863,3730.142873394664,2812.713250138838,3860.345270621961,2775.7379225290406,130.20239722729684,-36.975327609797205,135.35080012909648,True,True
reciprocal_contour_centroid,Macrophage_Myeloid,1561,864,5002.078089596185,4108.055357097651,5116.764267087841,3960.147220568156,114.68617749165605,-147.90813652949464,187.16232569423596,True,True
reciprocal_contour_centroid,Macrophage_Myeloid,1363,867,2788.9092112789617,2073.3556505386705,3020.6911396459172,2058.612574253452,231.78192836695553,-14.743076285218649,232.2503403998717,True,True
reciprocal_contour_centroid,Macrophage_Myeloid,1397,868,2833.448299189622,2085.9745653336663,2798.472085025761,2195.057637919252,-34.97621416386119,109.0830725855858,114.55327268109133,True,True
reciprocal_contour_centroid,Macrophage_Myeloid,1154,869,1088.3394578593213,677.3824504721497,959.492897924225,580.6500058999203,-128.84655993509637,-96.73244457222938,161.11673358167303,True,True
reciprocal_contour_centroid,Macrophage_Myeloid,1410,873,2648.763817929866,2101.8490774493052,2498.4508668423505,2288.333450828788,-150.31295108751556,186.4843733794828,239.5211990187428,True,True
reciprocal_contour_centroid,Macrophage_Myeloid,1425,874,2720.5920153537872,2154.0342976767993,2713.1810484,2396.5057322958332,-7.410966953787465,242.47143461903397,242.58466364839018,True,True
reciprocal_contour_centroid,Macrophage_Myeloid,1186,876,1030.0233553572546,753.4189757963394,1247.5206815000001,897.4212193819446,217.49732614274558,144.00224358560524,260.8481033799783,True,True
reciprocal_contour_centroid,Macrophage_Myeloid,1514,878,4337.106696422254,3493.3635396599184,4358.220743770833,3429.5536089166667,21.114047348579334,-63.8099307432517,67.21242635775492,True,True
reciprocal_contour_centroid,Macrophage_Myeloid,1385,879,2603.519144294424,2114.731677435062,2406.9236582708327,2124.651027895833,-196.59548602359155,9.919350460771057,196.84557053288188,True,True
reciprocal_contour_centroid,Macrophage_Myeloid,1188,880,914.6831791972592,930.9258929004627,831.8856521249999,912.9557739541667,-82.7975270722593,-17.970118946295997,84.72517727467755,True,True
reciprocal_contour_centroid,Macrophage_Myeloid,1447,881,3013.679148114865,2746.110883796049,2786.139042767653,2675.0489253795367,-227.54010534721192,-71.06195841651243,238.37848366706766,True,True
reciprocal_contour_centroid,Macrophage_Myeloid,1489,887,3126.878556042611,2965.747640473919,3141.941394495833,3118.8625182041665,15.062838453221957,153.11487773024737,153.85400509774345,True,True
reciprocal_contour_centroid,Macrophage_Myeloid,1601,890,4787.924902345308,4801.581264171549,5327.82411382059,4922.311549185999,539.8992114752828,120.73028501444969,553.2331879698671,True,True
reciprocal_contour_centroid,Macrophage_Myeloid,1232,891,807.507032526079,1204.796743889575,665.6316402905128,1297.4359986947836,-141.8753922355662,92.63925480520857,169.44219796986852,True,True
reciprocal_contour_centroid,Macrophage_Myeloid,1236,892,760.4653389900583,1191.8342891617556,674.381851475,1332.3887464833333,-86.08348751505832,140.55445732157773,164.82087942890735,True,True
reciprocal_contour_centroid,Macrophage_Myeloid,1500,893,2833.8319272777308,3016.656168718886,3045.689071882901,3231.4880386672626,211.8571446051701,214.8318699483766,301.72202780998964,True,True
reciprocal_contour_centroid,Macrophage_Myeloid,1198,895,285.02311293616225,1028.713614514626,717.5657638589262,1038.8658042223908,432.5426509227639,10.152189707764819,432.6617753201159,True,True
reciprocal_contour_centroid,Macrophage_Myeloid,1286,896,874.6160892515153,1784.9988938904607,912.2242572865748,1687.6950778493172,37.60816803505952,-97.30381604114359,104.31877548707129,True,True
reciprocal_contour_centroid,Macrophage_Myeloid,1259,897,626.5559060679356,1603.0642506668903,572.4905038627047,1546.050516436435,-54.06540220523084,-57.013734230455384,78.57247359294716,True,True
reciprocal_contour_centroid,Macrophage_Myeloid,1244,899,496.3797397755881,1533.4187609230835,390.27545887981665,1410.7087921989869,-106.10428089577147,-122.7099687240966,162.22162262989954,True,True
reciprocal_contour_centroid,Macrophage_Myeloid,1341,900,1033.7920124267162,2075.1262334902553,884.7157667192773,1885.984934667037,-149.07624570743883,-189.14129882321845,240.82806720720635,True,True
reciprocal_contour_centroid,Macrophage_Myeloid,1585,902,3189.269214527448,3828.931940104987,3386.947306641666,4315.023217620833,197.67809211421763,486.09127751584583,524.7488524798355,True,True
reciprocal_contour_centroid,Macrophage_Myeloid,1603,903,4098.4957914096,4849.005261072916,3701.954907892298,5050.129322265842,-396.5408835173025,201.1240611929261,444.62968894510266,True,True
reciprocal_contour_centroid,Macrophage_Myeloid,1343,906,554.8085781193416,2015.951932906541,350.6240389982638,1910.101569096605,-204.18453912107782,-105.85036380993597,229.99049009640106,True,True
reciprocal_contour_centroid,Macrophage_Myeloid,1388,907,704.0146965318206,2211.920430457436,734.6541392014775,2155.2947860359313,30.639442669656887,-56.6256444215046,64.38353091635986,True,True
reciprocal_contour_centroid,Macrophage_Myeloid,1492,910,1342.435112051972,2872.090733138635,1656.8757974365963,3170.0895611178476,314.4406853846242,297.99882797921236,433.2161655595696,True,True
reciprocal_contour_centroid,Macrophage_Myeloid,1495,913,1799.4828608728442,3309.997332291264,1772.5333502625,3204.3025682569437,-26.949510610344078,-105.69476403432009,109.07639188388866,True,True
reciprocal_contour_centroid,Macrophage_Myeloid,1524,914,2200.198488997836,3697.156172011897,2195.9820237808117,3595.8493525960603,-4.216465217024506,-101.3068194158368,101.39452765844587,True,True
reciprocal_contour_centroid,Macrophage_Myeloid,1580,915,3092.386027836403,4400.823391148589,2890.5394948311377,4261.151601722116,-201.84653300526543,-139.67178942647297,245.45922603935406,True,True
reciprocal_contour_centroid,Plasma,2159,1335,5785.753983166032,1792.0962725129614,5799.3958707004185,1957.6545665600675,13.641887534386115,165.55829404710607,166.11938424906612,True,True
reciprocal_contour_centroid,Plasma,2143,1337,5409.327543205964,1613.7336176419942,5583.250304216666,1666.3816689833334,173.92276101070274,52.64805134133917,181.71665886105848,True,True
reciprocal_contour_centroid,Plasma,2133,1342,5341.3740315329005,1845.8480088564856,5227.806547954128,1655.3926137786666,-113.56748357877223,-190.45539507781905,221.74496801655465,True,True
reciprocal_contour_centroid,Plasma,2162,1343,5636.285213770505,2093.7347424413,5695.973612503435,2013.320053684223,59.68839873293018,-80.4146887570771,100.14602893374676,True,True
reciprocal_contour_centroid,Plasma,2142,1346,5400.959454670298,1979.4562291432774,5592.000515387499,1654.7307530777773,191.0410607172007,-324.72547606550006,376.75366180824153,True,True
reciprocal_contour_centroid,Plasma,2227,1353,6658.7492863304215,3649.1252182296143,6596.875392243902,3600.448829355125,-61.87389408651961,-48.676388874489476,78.72591443286238,True,True
reciprocal_contour_centroid,Plasma,2256,1354,6621.306136222735,3588.9105587914264,6362.019096224999,3833.452026920833,-259.28703999773643,244.54146812940644,356.41310125425144,True,True
reciprocal_contour_centroid,Plasma,2148,1355,4689.820551002348,1561.7174092790613,4794.629422669503,1737.2652659985624,104.80887166715456,175.54785671950117,204.45525079819444,True,True
reciprocal_contour_centroid,Plasma,2151,1357,4895.685235820712,1738.7455180786626,5049.487424306945,1794.5417438972222,153.80218848623372,55.796225818559606,163.6103052950842,True,True
reciprocal_contour_centroid,Plasma,2195,1360,5710.789319652647,2627.8924363546503,5586.021204367736,2627.0644124179385,-124.76811528491089,-0.8280239367118156,124.77086284621335,True,True
reciprocal_contour_centroid,Plasma,2119,1366,4314.982992846449,1436.3298714718126,4230.4514568994955,1167.6217814227366,-84.53153594695323,-268.70809004907596,281.69064277567577,True,True
reciprocal_contour_centroid,Plasma,2188,1367,5474.141130545517,2614.6296569639867,5440.654885137719,2558.613633539139,-33.48624540779747,-56.016023424847845,65.26196068035605,True,True
reciprocal_contour_centroid,Plasma,2172,1368,5218.862199230384,2285.1287366755573,5432.413331142263,2078.0473641943454,213.55113191187866,-207.08137248121193,297.46727680460424,True,True
reciprocal_contour_centroid,Plasma,2124,1370,4065.0195659882156,1289.7554511996102,4174.466309750001,1231.4141419291668,109.446743761785,-58.34130927044339,124.02539291390029,True,True
reciprocal_contour_centroid,Plasma,2167,1373,4982.762815282608,2167.1591647486425,5004.38672161546,2088.94617877337,21.62390633285213,-78.21298597527266,81.14717801784705,True,True
reciprocal_contour_centroid,Plasma,2117,1374,3608.752831581903,987.3659256781517,3610.077690825,1177.0432010562497,1.3248592430968529,189.677275378098,189.68190226501008,True,True
reciprocal_contour_centroid,Plasma,2123,1376,3954.026479889051,1422.01004261446,4050.041956538373,1530.7492329317988,96.01547664932195,108.73919031733885,145.06268737020878,True,True
reciprocal_contour_centroid,Plasma,2214,1379,6432.21761634422,3810.243366592708,6348.089162364611,3287.7338395165043,-84.12845397960882,-522.5095270762035,529.2388899678452,True,True
reciprocal_contour_centroid,Plasma,2198,1382,5450.863109299964,2925.883888039277,5199.921281390553,2851.4937496802986,-250.94182790941068,-74.39013835897822,261.73592355575533,True,True
reciprocal_contour_centroid,Plasma,2207,1385,5791.675655236524,3174.0733968202467,5843.839457492997,3176.0261879924983,52.16380225647299,1.9527911722516365,52.20034156224306,True,True
reciprocal_contour_centroid,Plasma,2238,1386,6308.786818107673,3717.520268811244,6038.2612837935185,3584.899154292593,-270.52553431415436,-132.6211145186512,301.2846241216566,True,True
reciprocal_contour_centroid,Plasma,2208,1389,5726.676426535383,3306.3529730148766,5656.962959293403,3249.1266865297653,-69.71346724197974,-57.22628648511136,90.19321138408712,True,True
reciprocal_contour_centroid,Plasma,2248,1395,6152.092998695388,3769.406237013178,6095.761161601566,3737.3460418566387,-56.33183709382229,-32.060195156539066,64.81613984063155,True,True
reciprocal_contour_centroid,Plasma,2216,1399,5651.09292379731,3215.6476369142224,5530.749037262499,3281.9753408583338,-120.34388653481074,66.32770394411136,137.41184569316098,True,True
reciprocal_contour_centroid,Plasma,2201,1401,5464.690708979147,3062.447253740987,5592.0005153875,3002.353359195833,127.30980640835332,-60.093894545153944,140.78019381055165,True,True
reciprocal_contour_centroid,Plasma,2231,1408,5599.544996000115,3335.728152098928,5602.275384485741,3493.0452163750215,2.7303884856255536,157.31706427609333,157.34075674703905,True,True
reciprocal_contour_centroid,Plasma,2253,1410,5943.498486529954,3824.935082374716,5859.960910860256,3847.1728134866344,-83.53757566969762,22.237731111918492,86.44676531702295,True,True
reciprocal_contour_centroid,Plasma,2197,1411,5124.120540293219,2858.544237184004,5258.491078726065,2674.6519311606694,134.37053843284593,-183.89230602333464,227.7538623455433,True,True
reciprocal_contour_centroid,Plasma,2184,1412,4621.2163199828765,2447.0661406347135,4793.769132482832,2283.911594765963,172.5528124999555,-163.15454586875057,237.47395423347595,True,True
reciprocal_contour_centroid,Plasma,2137,1417,3300.59562187097,1344.915546080608,3483.1996292374997,1549.8725099041667,182.6040073665299,204.95696382355868,274.502423534087,True,True
reciprocal_contour_centroid,Plasma,2258,1420,6060.608512442342,4077.5866775213804,5900.468485113252,3957.8783579928054,-160.1400273290892,-119.70831952857498,199.93726545423402,True,True
reciprocal_contour_centroid,Plasma,2246,1424,5615.418652313597,3630.8818819478724,5679.502626812499,3716.942867841667,64.08397449890253,86.06098589379462,107.29980932223462,True,True
reciprocal_contour_centroid,Plasma,2260,1425,5799.510881297176,3991.3335273103353,5764.8227305802975,4040.453903951531,-34.688150716878226,49.12037664119589,60.1338440608099,True,True
reciprocal_contour_centroid,Plasma,2229,1428,5709.859264803517,3847.408399211291,5765.658551936664,3471.676151154118,55.79928713314621,-375.7322480571729,379.8529750767581,True,True
reciprocal_contour_centroid,Plasma,2265,1431,5864.816019757582,4087.6080062842443,5648.87688775,4113.074008568155,-215.93913200758197,25.466002283910257,217.43556747807392,True,True
reciprocal_contour_centroid,Plasma,2233,1432,5309.974044022227,3528.5420216682696,5416.99629243125,3522.7609362366675,107.02224840902363,-5.7810854316021505,107.17827486617912,True,True
reciprocal_contour_centroid,Plasma,2241,1434,5580.600866756221,3874.689630555039,5259.4924917832495,3683.7923315396656,-321.10837497297143,-190.8972990153734,373.5670853396312,True,True
reciprocal_contour_centroid,Plasma,2220,1436,4852.967033288949,3061.054444107935,4968.270186726316,3357.521359035797,115.30315343736675,296.46691492786204,318.09974668245985,True,True
reciprocal_contour_centroid,Plasma,2251,1437,5306.39413472135,3611.6492029521896,5097.613585603012,3763.546531554064,-208.78054911833806,151.8973286018745,258.19007751371976,True,True
reciprocal_contour_centroid,Plasma,2267,1441,5654.546033869358,3958.7973047033515,5697.0030490125,4113.074008583334,42.45701514314169,154.2767038799825,160.0121854576606,True,True
reciprocal_contour_centroid,Plasma,2264,1443,5940.044046397341,4309.915486984523,6066.036575215303,4103.953342082425,125.99252881796201,-205.96214490209877,241.44258624074195,True,True
reciprocal_contour_centroid,Plasma,2100,1444,1914.526885204869,646.2772206265214,1943.1624675624998,689.5540848511054,28.635582357630938,43.27686422458396,51.89300101240763,True,True
reciprocal_contour_centroid,Plasma,2107,1445,1837.8874250014628,616.1303626116835,1920.4081791814342,881.5049396744984,82.52075417997139,265.37457706281486,277.9088717937935,True,True
reciprocal_contour_centroid,Plasma,2136,1446,3187.1700807573366,1733.6226011842916,3117.614199856715,1554.6072871796293,-69.55588090062156,-179.0153140046623,192.05338636964797,True,True
reciprocal_contour_centroid,Plasma,2097,1447,1773.1431010335202,598.2178092049874,1479.4012768541668,617.7992376958333,-293.74182417935344,19.58142849084595,294.3937696588641,True,True
reciprocal_contour_centroid,Plasma,2104,1448,1761.563445711466,619.5754987346303,1768.158244606578,835.2830012906898,6.594798895111808,215.70750255605947,215.80828999702345,True,True
reciprocal_contour_centroid,Plasma,2250,1449,5360.240798899161,3813.0617346304816,5692.627943462499,3724.710145080556,332.38714456333855,-88.35158954992585,343.92908752672884,True,True
reciprocal_contour_centroid,Plasma,2140,1450,2958.3525843489515,1563.0445768411562,2861.9346378791665,1643.0798371958338,-96.41794646978497,80.03526035467758,125.30787406021756,True,True
reciprocal_contour_centroid,Plasma,2266,1451,5453.712232405252,3967.991397621092,5390.916458930969,4137.623736296537,-62.795773474282214,169.63233867544477,180.88239132302004,True,True
reciprocal_contour_centroid,Plasma,2261,1452,5507.646440819748,4025.553787434688,5348.804060451735,4035.3293167302004,-158.84238036801344,9.77552929551257,159.14290048250373,True,True
reciprocal_contour_centroid,Plasma,2081,1458,1182.3771368991816,252.53115448340284,921.2171204983006,337.09846753928497,-261.160016400881,84.56731305588212,274.51080963051345,True,True
reciprocal_contour_centroid,Plasma,2262,1461,5482.001646531493,4161.953546889169,5446.730806181517,4041.51437084031,-35.270840349975515,-120.43917604885883,125.49751912417022,True,True
reciprocal_contour_centroid,Plasma,2272,1463,5487.910230370692,4259.646999600398,5583.250304216666,4229.583167591666,95.34007384597408,-30.06383200873188,99.96781320007476,True,True
reciprocal_contour_centroid,Plasma,2088,1464,1087.1278979669685,315.71650231359115,1085.6417752999998,493.52280135416663,-1.4861226669686403,177.80629904057548,177.81250951237325,True,True
reciprocal_contour_centroid,Plasma,2075,1467,1091.8937991809582,331.4769522183929,1070.9122531716598,177.52407118425916,-20.981546009298427,-153.95288103413375,155.37604336463986,True,True
reciprocal_contour_centroid,Plasma,2239,1468,4742.177429955119,3447.0031115594306,4836.088335519466,3647.8141001991867,93.91090556434756,200.81098863975603,221.68516265729656,True,True
reciprocal_contour_centroid,Plasma,2269,1470,5265.628523569337,4257.495236721776,5259.373844876556,4207.755802039265,-6.254678692780544,-49.739434682510364,50.131151673242435,True,True
reciprocal_contour_centroid,Plasma,2257,1471,5007.929763081517,3960.3155504703986,4949.546703672563,3899.354483791447,-58.38305940895407,-60.96106667895174,84.40872749061592,True,True
reciprocal_contour_centroid,Plasma,2244,1475,4408.356618611299,3289.6584930793715,3986.814511510425,3739.133175546856,-421.54210710087455,449.4746824674844,616.218498779687,True,True
reciprocal_contour_centroid,Plasma,2284,1488,5376.047149881877,4697.258389070985,4913.859151524999,4749.990744580555,-462.18799835687787,52.73235550956997,465.18646491780584,True,True
reciprocal_contour_centroid,Plasma,2285,1492,5153.450168815639,4546.187264049881,4926.984468175,4757.758021866665,-226.46570064063872,211.57075781678395,309.91756828199277,True,True
reciprocal_contour_centroid,Plasma,2087,1494,785.0724688755602,634.553539956611,884.3869189374999,415.85002872916664,99.31445006193974,-218.70351122744432,240.1969729499487,True,True
reciprocal_contour_centroid,Plasma,2090,1495,829.0502508542891,720.8904272545882,756.818390798976,602.5224468150454,-72.23186005531306,-118.36798043954275,138.66657996931454,True,True
reciprocal_contour_centroid,Plasma,2270,1503,3961.790777556307,3624.1785811660225,3928.562940094894,4176.008870581159,-33.227837461412946,551.8302894151361,552.8297726229612,True,True
reciprocal_contour_centroid,Plasma,2277,1505,4700.907080527411,4746.586579131454,4570.086726332974,4549.056345519094,-130.82035419443764,-197.53023361235955,236.9222620660867,True,True
reciprocal_contour_centroid,Plasma,2203,1506,3012.572467250201,3008.8176726362035,3105.3496024646624,3072.2588546448683,92.7771352144614,63.44118200866478,112.39386279178674,True,True
reciprocal_contour_centroid,Plasma,2135,1514,797.2253935533276,1404.2468677811326,759.8952784741103,1510.094635408154,-37.33011507921731,105.84776762702154,112.23763808745957,True,True
reciprocal_contour_centroid,Plasma,2138,1516,809.1486398685413,1531.574330906159,700.6324848694446,1639.1961985527778,-108.51615499909667,107.62186764661874,152.8339696910811,True,True
reciprocal_contour_centroid,Plasma,2116,1519,87.19867295895719,1166.7672051687618,306.8729833625,1114.9049829208332,219.67431040354282,-51.862222247928685,225.71329767598016,True,True
reciprocal_contour_centroid,Plasma,2144,1521,645.9035777060028,1720.3840071773018,700.6324848458333,1674.148946245833,54.72890713983054,-46.23506093146875,71.64449829579954,True,True
reciprocal_contour_centroid,Plasma,2120,1523,371.2594077773797,1726.1840372570705,175.61981611874998,1169.2759237866667,-195.6395916586297,-556.9081134704038,590.2723919289463,True,True
reciprocal_contour_centroid,Plasma,2283,1524,4281.095891527855,5248.647389011133,4057.5070646267104,4853.8568791163,-223.58882690114478,-394.7905098948331,453.7086181879868,True,True
reciprocal_contour_centroid,Plasma,2282,1526,3824.672086981475,5019.852582495731,4073.8388815687504,4687.852526492398,249.1667945872755,-332.00005600333316,415.10014299095815,True,True
reciprocal_contour_centroid,Plasma,2286,1527,3806.62614544866,5057.757803074055,4022.0239057470653,4999.711247122432,215.3977602984055,-58.046555951623304,223.0820427542618,True,True
reciprocal_contour_centroid,Fibroblast,787,1528,6462.113550788143,2634.9485633396407,6475.749232220948,2742.025175743887,13.63568143280554,107.07661240424613,107.94133931032223,True,True
reciprocal_contour_centroid,Fibroblast,871,1529,7421.419192071152,2462.7456584920724,7491.642547797061,2495.242849451461,70.22335572590873,32.49719095938872,77.37820823499659,True,True
reciprocal_contour_centroid,Fibroblast,903,1532,7322.562399596256,2948.5080470146995,7569.548234258334,2761.5677638458333,246.98583466207765,-186.94028316886624,309.75582641005974,True,True
reciprocal_contour_centroid,Fibroblast,940,1535,7036.205226813802,3183.570047528492,7132.729970362322,3194.681957807308,96.52474354851984,11.11191027881614,97.16223889532384,True,True
reciprocal_contour_centroid,Fibroblast,835,1536,5796.698895868492,1762.116629621731,5638.322905064895,2134.0194544370056,-158.37599080359723,371.9028248152747,404.2210602734623,True,True
reciprocal_contour_centroid,Fibroblast,758,1539,5405.351947077201,1632.8654489564258,5408.211358274357,1581.6505372481458,2.859411197156078,-51.21491170827994,51.294672371322655,True,True
reciprocal_contour_centroid,Fibroblast,796,1542,5333.231900939873,1665.2412311568253,5276.992914087499,1883.8654325458333,-56.23898685237418,218.62420138900802,225.74181064916408,True,True
reciprocal_contour_centroid,Fibroblast,789,1543,5593.943515435393,2162.1376131040597,5142.87280782826,1859.7616135328897,-451.07070760713304,-302.37599957117004,543.0433024887278,True,True
reciprocal_contour_centroid,Fibroblast,781,1544,5195.454479512495,1679.6205177875142,5276.992914087501,1740.1708030597222,81.53843457500625,60.55028527220793,101.5620665380945,True,True
reciprocal_contour_centroid,Fibroblast,866,1545,5589.506298445822,2280.8492008152343,5469.497559288376,2419.8075640697416,-120.00873915744614,138.95836325450728,183.60698296233602,True,True
reciprocal_contour_centroid,Fibroblast,722,1546,4356.789032904368,1216.571411055759,4397.339813820981,1299.737925301295,40.5507809166138,83.16651424553606,92.52586084279444,True,True
reciprocal_contour_centroid,Fibroblast,886,1554,5706.092775934094,2682.123861121831,5606.7723771695855,2635.41214754345,-99.32039876450835,-46.71171357838102,109.75666629489827,True,True
reciprocal_contour_centroid,Fibroblast,1011,1555,6249.019540676853,3324.3167484169794,5907.219536883213,3717.2607594367405,-341.8000037936399,392.9440110197611,520.7996144292259,True,True
reciprocal_contour_centroid,Fibroblast,880,1560,5560.191718806057,2607.499072373207,5329.494180899999,2520.7821685666668,-230.69753790605773,-86.71690380654036,246.45724862886408,True,True
reciprocal_contour_centroid,Fibroblast,764,1563,4226.082900307003,1516.668805315412,4233.634404067262,1619.778005393155,7.551503760259038,103.1092000777428,103.38535848810122,True,True
reciprocal_contour_centroid,Fibroblast,756,1565,4272.313570970188,1597.549330995931,4288.2190546875,1542.1052326416666,15.905483717311654,-55.4440983542645,57.680433897457995,True,True
reciprocal_contour_centroid,Fibroblast,742,1566,4116.533623234288,1483.2752432036243,4576.976022475,1398.4106032027778,460.4423992407119,-84.86464000084652,468.19783226860034,True,True
reciprocal_contour_centroid,Fibroblast,1027,1568,6334.739890945209,3730.9986581586872,5889.507694275,3794.6156406083333,-445.2321966702084,63.616982449646,449.7541877601338,True,True
reciprocal_contour_centroid,Fibroblast,1058,1571,6275.284807852586,3856.1729324898747,5730.238500205176,3995.7472414215194,-545.0463076474098,139.57430893164474,562.6335087726477,True,True
reciprocal_contour_centroid,Fibroblast,927,1572,5553.658487294915,3127.0164056747267,5450.133666146011,3004.0075016095166,-103.52482114890427,-123.00890406521012,160.77493297537612,True,True
reciprocal_contour_centroid,Fibroblast,808,1576,4128.164271053587,2131.4383954251416,4113.511248061869,2020.8031622455956,-14.65302299171799,-110.63523317954605,111.60137052692652,True,True
reciprocal_contour_centroid,Fibroblast,693,1577,1945.4250866432642,417.8188345584992,1443.4138888222735,188.04797039533514,-502.0111978209907,-229.77086416316405,552.0959090193959,True,True
reciprocal_contour_centroid,Fibroblast,731,1579,3192.021920940511,1484.6158566965007,3436.3992574351832,1267.543749825437,244.37733649467236,-217.07210687106362,326.86477658761703,True,True
reciprocal_contour_centroid,Fibroblast,836,1581,4007.679141959633,2243.154260650974,4219.335447996953,2149.808375914053,211.65630603732006,-93.34588473692065,231.32627624781878,True,True
reciprocal_contour_centroid,Fibroblast,837,1582,3797.3611325352917,2138.0449639104963,3868.2089195500002,2163.487414208333,70.8477870147085,25.442450297836785,75.27766735253819,True,True
reciprocal_contour_centroid,Fibroblast,850,1585,3735.32413949068,2131.8738992102303,3745.7059635124997,2217.8583550458334,10.381824021819739,85.98445583560306,86.60894246765056,True,True
reciprocal_contour_centroid,Fibroblast,847,1586,3933.6861030159284,2333.2902873731787,3942.5857144272554,2202.3238005708668,8.899611411326987,-130.96648680231192,131.26851773602368,True,True
reciprocal_contour_centroid,Fibroblast,691,1587,966.4658804388652,274.391052676509,1035.0849997277162,197.76998937183583,68.61911928885104,-76.62106330467316,102.85606872672268,True,True
reciprocal_contour_centroid,Fibroblast,832,1588,3096.3887659751263,1925.6264790088744,3508.5240015457234,2133.2405169273816,412.13523557059716,207.61403791850717,461.4748542874887,True,True
reciprocal_contour_centroid,Fibroblast,1080,1590,5559.084134349259,4485.942179287747,5540.687548743083,4151.335041089512,-18.396585606175904,-334.6071381982356,335.11247558868723,True,True
reciprocal_contour_centroid,Fibroblast,696,1591,899.6724493185018,223.25097442235958,831.885652125,400.3154742041667,-67.7867971935018,177.06449978180714,189.59664278866998,True,True
reciprocal_contour_centroid,Fibroblast,1087,1592,5470.217074429356,4460.360794594355,5578.875198631249,4198.514058518055,108.65812420189286,-261.84673607629975,283.4965628519777,True,True
reciprocal_contour_centroid,Fibroblast,702,1594,1249.74209196096,644.7055591483925,818.760335348512,606.148321817262,-430.98175661244795,-38.55723733113052,432.70305647563947,True,True
reciprocal_contour_centroid,Fibroblast,908,1595,2822.007585550335,2903.0858377709496,2520.6764031375,2784.869595633333,-301.331182412835,-118.21624213761652,323.6905333794253,True,True
reciprocal_contour_centroid,Myoepithelial,2839,1602,7564.150445666726,2616.3707169107424,7513.54892262181,2891.692289988899,-50.601523044916576,275.3215730781567,279.9329968701368,True,True
reciprocal_contour_centroid,Myoepithelial,2843,1603,7419.003519449769,2945.9061654804345,7245.319980420059,2991.6629130795977,-173.6835390297092,45.75674759916319,179.60972045170064,True,True
reciprocal_contour_centroid,Myoepithelial,2831,1605,7032.902718078553,2852.15358772337,7549.276911801445,2554.3109154132712,516.3741937228915,-297.8426723100988,596.1145572721632,True,True
reciprocal_contour_centroid,Myoepithelial,2806,1613,5169.770265383218,1933.128703352966,5223.739155709592,1928.8080574137196,53.968890326373185,-4.32064593924656,54.14156540397059,True,True
reciprocal_contour_centroid,Myoepithelial,2849,1625,5974.747173775669,3305.5325692765837,5956.932576929141,3369.373776609112,-17.81459684652782,63.841207332528484,66.28016003661433,True,True
reciprocal_contour_centroid,Myoepithelial,2848,1635,5527.476902497559,2980.179430906574,5447.6220313875,3200.41892953125,-79.85487111005932,220.2394986246759,234.26958230733413,True,True
reciprocal_contour_centroid,Myoepithelial,2851,1638,5559.424151958601,3191.1474808701873,5594.874359168516,3360.5238359927616,35.45020720991488,169.3763551225743,173.04642979800045,True,True
reciprocal_contour_centroid,Myoepithelial,2844,1640,5406.805472043595,3107.2474695674027,5305.193967237174,3023.008212358577,-101.61150480642118,-84.23925720882562,131.98920548332742,True,True
reciprocal_contour_centroid,Myoepithelial,2841,1645,5227.081159323104,3000.8669450679786,5129.912610552338,2919.6522964795417,-97.16854877076548,-81.21464858843683,126.63943309869921,True,True
reciprocal_contour_centroid,Myoepithelial,2788,1646,3235.902943927568,1278.9336563310105,3330.0709341374995,1293.5523600055556,94.16799020993176,14.618703674545031,95.29594365607574,True,True
reciprocal_contour_centroid,Myoepithelial,2864,1648,5827.549000769727,3848.4016831470917,5829.840306151734,3691.5385145776213,2.2913053820066125,-156.86316856947042,156.8799022628702,True,True
reciprocal_contour_centroid,Myoepithelial,2873,1652,5976.9540640772575,3980.324373148649,5950.759172329167,3880.0556905666667,-26.194891748090413,-100.26868258198238,103.63387988693906,True,True
reciprocal_contour_centroid,Myoepithelial,2874,1653,5984.879850517938,4086.1672406134426,5955.388142015064,4009.495927827145,-29.491708502874644,-76.67131278629768,82.14773931638547,True,True
reciprocal_contour_centroid,Myoepithelial,2834,1655,4861.7807592672225,2912.4404739767133,5209.645455679342,2694.0701244462953,347.8646964121199,-218.37034953041803,410.7255246072896,True,True
reciprocal_contour_centroid,Myoepithelial,2836,1656,4686.836683777242,2793.700388481313,5151.719057872723,2709.656460811313,464.8823740954813,-84.0439276699999,472.418250624223,True,True
reciprocal_contour_centroid,Myoepithelial,2869,1657,5597.628939079532,3847.098558881966,5905.738795831637,3748.5633577918425,308.10985675210486,-98.53520109012334,323.4824101580697,True,True
reciprocal_contour_centroid,Myoepithelial,2823,1658,4019.0424409268553,2468.314063939023,4107.374137978958,2387.5144038207377,88.33169705210275,-80.79966011828537,119.71246292402013,True,True
reciprocal_contour_centroid,Myoepithelial,2791,1662,3129.346502850791,1615.623740020987,3036.9388607999995,1324.621469220833,-92.40764205079131,-291.00227080015407,305.3219512583944,True,True
reciprocal_contour_centroid,Myoepithelial,2786,1664,3057.864148590849,1662.3529666864983,3358.242345619722,1222.9522301473366,300.3781970288733,-439.4007365391617,532.2593996553508,True,True
reciprocal_contour_centroid,Myoepithelial,2822,1669,3831.26001821656,2448.0970781402702,3835.38950022272,2389.7827947746073,4.129482006159833,-58.31428336566296,58.460313598971,True,True
reciprocal_contour_centroid,Myoepithelial,2877,1672,5400.95176729053,4119.569095272871,5619.935815869448,4249.2915177011,218.98404857891728,129.72242242822904,254.52292708646408,True,True
reciprocal_contour_centroid,Myoepithelial,2815,1674,3499.322266022186,2273.502659146372,3463.7462168988386,2235.660628662701,-35.576049123347275,-37.8420304836709,51.93914268019733,True,True
reciprocal_contour_centroid,Myoepithelial,2875,1680,5244.841167327772,4132.258636999282,5754.770646793485,3982.68443735969,509.9294794657126,-149.57419963959228,531.4136949928908,True,True
reciprocal_contour_centroid,Myoepithelial,2813,1682,3141.5982093387574,2180.6470973851756,3111.3156555749997,2116.8837505624997,-30.282553763757733,-63.763346822675885,70.58893298870389,True,True
reciprocal_contour_centroid,Myoepithelial,2833,1691,3631.3267078310614,2782.1321173680744,3751.017277370793,2681.8959994687407,119.69056953973177,-100.23611789933375,156.1189026616396,True,True
reciprocal_contour_centroid,Myoepithelial,2884,1694,5449.289707596897,4757.074937057417,5367.541866005405,4679.330544909439,-81.74784159149203,-77.74439214797803,112.81356352551879,True,True
reciprocal_contour_centroid,Myoepithelial,2780,1699,1060.0302043963156,719.2002452007299,1085.6417752999996,656.6356240791666,25.61157090368397,-62.56462112156328,67.6038784408054,True,True
reciprocal_contour_centroid,Myoepithelial,2842,1704,3562.3691695769467,3080.0163872155163,3585.2854259051282,3010.0615697261287,22.91625632818159,-69.95481748938755,73.61271149789583,True,True
reciprocal_contour_centroid,Myoepithelial,2783,1705,993.1982063717633,919.0866464905766,869.5115599587474,1026.386789749889,-123.68664641301586,107.30014325931234,163.7428082218189,True,True
reciprocal_contour_centroid,Myoepithelial,2868,1706,4480.13155718067,3866.5630069782096,4685.250031542705,3748.431829794677,205.11847436203516,-118.1311771835326,236.70353513916103,True,True
reciprocal_contour_centroid,Myoepithelial,2776,1707,676.9615053579979,680.7402722764595,645.0715036113611,546.7261124293822,-31.890001746636813,-134.01415984707728,137.75618770464897,True,True
reciprocal_contour_centroid,Myoepithelial,2879,1708,4989.709769803867,4678.9682931851685,4529.717256793355,4473.803963988167,-459.9925130105121,-205.16432919700128,503.6720301948299,True,True
reciprocal_contour_centroid,Myoepithelial,2880,1711,4530.241879005272,4555.089302506088,4594.476444758712,4523.327471581478,64.23456575344062,-31.761830924609967,71.65817009397182,True,True
reciprocal_contour_centroid,Myoepithelial,2882,1714,4575.601438334039,4737.282305087805,4887.368357154768,4641.026411038255,311.7669188207292,-96.25589404955008,326.28792317560476,True,True
reciprocal_contour_centroid,Myoepithelial,2863,1719,3205.2517085137943,3809.455456940555,3080.294073630896,3667.5984649948373,-124.95763488289822,-141.8569919457177,189.0444833350477,True,True
reciprocal_contour_centroid,Myoepithelial,2792,1722,461.49303972315585,1598.4580160737946,438.1261505143634,1441.13062819375,-23.36688920879243,-157.32738788004463,159.053193895797,True,True
reciprocal_contour_centroid,Mast,2516,1736,7108.033807730658,2128.777873566409,7499.705063402538,2535.7257346158754,391.6712556718803,406.94786104946616,564.8122999123896,True,True
reciprocal_contour_centroid,Mast,2517,1738,7359.29610971851,2598.480138887016,7245.7904218583335,2536.316723091667,-113.5056878601763,-62.16341579534901,129.41341290591643,True,True
reciprocal_contour_centroid,Mast,2510,1740,7282.340794885047,2597.2418112699565,6941.709101351185,2442.625215185599,-340.63169353386184,-154.61659608435775,374.0805293308651,True,True
reciprocal_contour_centroid,Mast,2522,1745,6473.245501676719,2377.5997533096283,7048.91067108125,2637.2913274923985,575.6651694045313,259.6915741827702,631.5299683839817,True,True
reciprocal_contour_centroid,Mast,2558,1747,7150.442628733513,3093.5217424410275,7202.039366074999,3142.1643499916663,51.596737341486005,48.642607550638786,70.91069435290954,True,True
reciprocal_contour_centroid,Mast,2536,1748,6783.0143323005495,2811.4644228150887,6740.766422742716,2894.872658989961,-42.24790955783374,83.4082361748724,93.49769902949586,True,True
reciprocal_contour_centroid,Mast,2509,1750,6238.880627857884,2286.2058349652602,6103.3035541765885,2430.1082081887466,-135.5770736812956,143.9023732234864,197.70947353967392,True,True
reciprocal_contour_centroid,Mast,2574,1751,7085.944288435068,3212.684760091632,7046.801949039446,3264.3590160837407,-39.142339395622,51.674255992108556,64.8255463972347,True,True
reciprocal_contour_centroid,Mast,2455,1752,5777.668337760607,1772.6685025131728,5679.5026268125,1938.2363733833329,-98.16571094810661,165.56787087016005,192.4817567210597,True,True
reciprocal_contour_centroid,Mast,2408,1755,5528.805985401726,1580.7299902647344,5635.732873999289,1692.8534793835859,106.92688859756345,112.12348911885147,154.93558763996396,True,True
reciprocal_contour_centroid,Mast,2456,1756,5712.936262717938,1860.9855432167442,5513.723432712119,1969.9979141559124,-199.21283000581934,109.01237093916825,227.0890764803677,True,True
reciprocal_contour_centroid,Mast,2468,1757,5634.007570169839,1812.9831001988152,5686.962742682972,2029.1035593678475,52.95517251313322,216.1204591690323,222.51360220743598,True,True
reciprocal_contour_centroid,Mast,2446,1758,5593.294722998011,1792.790746408426,5668.18108164947,1909.4497536868964,74.88635865145898,116.65900727847043,138.62644297273576,True,True
reciprocal_contour_centroid,Mast,2423,1764,5444.973452713609,1775.9981958239953,5381.995447854167,1751.8217189416666,-62.97800485944208,-24.176476882328643,67.45910709843173,True,True
reciprocal_contour_centroid,Mast,2599,1766,6677.369996040473,3315.445650455399,6646.400958365693,3732.4774224375,-30.96903767477943,417.03177198210096,418.180080990275,True,True
reciprocal_contour_centroid,Mast,2482,1768,5670.661451001215,2187.3186753618106,5872.007272075,2120.76738919375,201.34582107378537,-66.55128616806041,212.05945712110994,True,True
reciprocal_contour_centroid,Mast,2450,1774,5242.415517100768,1834.5483046456488,5323.514869977277,1925.1614566613127,81.09935287650933,90.6131520156639,121.6052973977795,True,True
reciprocal_contour_centroid,Mast,2473,1779,5553.244733154592,2270.710425191698,5592.000515387501,2078.047364179167,38.75578223290904,-192.66306101253122,196.5224306159554,True,True
reciprocal_contour_centroid,Mast,2610,1781,6664.713045525865,3583.3411722053734,6677.02669741622,3804.232269620702,12.313651890354777,220.89109741532866,221.23404561736209,True,True
reciprocal_contour_centroid,Mast,2497,1782,5526.632066729734,2274.8335126442344,5684.2944090951505,2251.0850411376573,157.6623423654164,-23.74847150657706,159.44091099541697,True,True
reciprocal_contour_centroid,Mast,2513,1786,5588.482299482413,2384.353676794131,5355.7448144125,2458.6439503958336,-232.7374850699125,74.29027360170267,244.30673692815674,True,True
reciprocal_contour_centroid,Mast,2570,1788,6573.464113642554,3642.9669515455994,6305.427283409207,3277.0918495395035,-268.03683023334725,-365.87510200609586,453.5508049044906,True,True
reciprocal_contour_centroid,Mast,2416,1789,4710.877036504192,1599.1244038183502,4637.428870102187,1733.4823142949062,-73.44816640200497,134.35791047655607,153.12309184261812,True,True
reciprocal_contour_centroid,Mast,2575,1790,6221.5251619943165,3198.311881829118,6374.852739167198,3301.1864066211433,153.32757717288132,102.87452479202511,184.64158191721296,True,True
reciprocal_contour_centroid,Mast,2362,1791,4189.541093053293,1212.7292532731926,4251.847343580298,1261.9395415757092,62.30625052700543,49.210288302516574,79.39597804392086,True,True
reciprocal_contour_centroid,Mast,2580,1792,6412.003256562449,3436.0993633803064,6449.52120765,3398.484499880833,37.51795108755141,-37.61486349947336,53.12696688021925,True,True
reciprocal_contour_centroid,Mast,2551,1796,6211.920076125439,3272.6962557677884,6437.287116115608,3066.1457197171094,225.36703999016936,-206.55053605067906,305.70153198300045,True,True
reciprocal_contour_centroid,Mast,2390,1803,4389.68589254475,1561.9389786258016,4400.652323238268,1496.8577603280912,10.966430693518305,-65.0812182977104,65.99869375427043,True,True
reciprocal_contour_centroid,Mast,2544,1815,5736.105985472317,2967.2936705618686,5609.5009375875,2990.702443290277,-126.6050478848174,23.40877272840862,128.7509564646694,True,True
reciprocal_contour_centroid,Mast,2379,1816,4077.8828310790027,1414.0877306984096,4305.7194768875,1417.8287963991665,227.836645808497,3.7410657007569625,227.86735778922767,True,True
reciprocal_contour_centroid,Mast,2539,1821,5700.069184487165,3021.385276882582,5649.498044777883,2915.7865745357904,-50.57113970928276,-105.59870234679147,117.08341517406322,True,True
reciprocal_contour_centroid,Mast,2534,1822,5616.965756535934,2982.0498738224564,5725.88996413089,2876.101910060526,108.92420759495599,-105.94796376193062,151.95214386604894,True,True
reciprocal_contour_centroid,Mast,2552,1826,5748.431049813301,3133.46067055221,5723.253682525,3064.4915773666667,-25.177367288300957,-68.96909318554344,73.42094822600824,True,True
reciprocal_contour_centroid,Mast,2347,1828,3402.11144845306,1001.2906375044201,3383.8979905993197,1050.0599863853288,-18.213457853740238,48.76934888090864,52.05938375795238,True,True
reciprocal_contour_centroid,Mast,2554,1834,5666.644231448786,3154.677627575502,5703.111687087899,3116.1594405578335,36.46745563911281,-38.518187017668424,53.04268141712616,True,True
reciprocal_contour_centroid,Mast,2359,1835,3587.8535888490655,1191.1384870646566,3693.2046967,1177.0432010916668,105.35110785093457,-14.095285972989814,106.2898537588589,True,True
reciprocal_contour_centroid,Mast,2577,1839,5800.523290927293,3371.8135474059877,5787.2760607216605,3318.3520893657405,-13.24723020563215,-53.46145804024718,55.07827706010894,True,True
reciprocal_contour_centroid,Mast,2589,1842,5960.6629698230545,3675.383996729175,5938.57668619495,3594.435095051727,-22.086283628104866,-80.94890167744825,83.90785783993223,True,True
reciprocal_contour_centroid,Mast,2458,1844,4216.356790375188,1834.952540767617,4279.468843445833,1969.3054824333335,63.11205307064483,134.35294166571657,148.43801459539714,True,True
reciprocal_contour_centroid,Mast,2528,1847,5474.8688746865355,3074.431320841239,5421.371397981248,2815.938704742398,-53.49747670528723,-258.49261609884115,263.9704767421077,True,True
reciprocal_contour_centroid,Mast,2578,1856,5572.356079023394,3351.557258719543,5516.122458862431,3333.7952642254013,-56.233620160963255,-17.761994494141618,58.972099206467206,True,True
reciprocal_contour_centroid,Mast,2505,1860,4681.665052131446,2447.681616266776,4795.7313010375,2342.1347913166665,114.06624890605417,-105.54682495010957,155.40669675579292,True,True
reciprocal_contour_centroid,Mast,2356,1865,3175.37582199633,1290.9097356300722,3140.6186882418106,1238.2653450040755,-34.7571337545196,-52.64439062599672,63.08320070519645,True,True
reciprocal_contour_centroid,Mast,2627,1866,6103.670132754521,4063.106020268295,5884.739950958585,4278.327811594094,-218.93018179593582,215.22179132579868,307.00300318186976,True,True
reciprocal_contour_centroid,Mast,2538,1868,4965.627870134245,2791.778015927388,4649.748611780236,2914.4536713429375,-315.8792583540089,122.6756554155495,338.86431250563015,True,True
reciprocal_contour_centroid,Mast,2533,1869,5167.177873138968,2994.1307322378084,5189.490802662499,2847.0078138041667,22.31292952353124,-147.12291843364164,148.80530888497913,True,True
reciprocal_contour_centroid,Mast,2357,1870,3351.159879955571,1706.0221272989281,3326.742164345691,1534.4912521430508,-24.417715609879906,-171.5308751558773,173.26011072184545,True,True
reciprocal_contour_centroid,Mast,2300,1872,2169.434501787098,542.4803815601994,2003.7927886124583,479.5944430872287,-165.64171317463956,-62.88593847297068,177.17736424570666,True,True
reciprocal_contour_centroid,Mast,2601,1875,5781.961546389024,3789.514412677606,5697.003049012501,3732.4774224374996,-84.95849737652316,-57.036990240106206,102.32870825006374,True,True
reciprocal_contour_centroid,Mast,2392,1879,3333.3857122746417,1488.5998777550863,3036.9388608,1522.687039497222,-296.4468514746418,34.08716174213578,298.4001848941499,True,True
reciprocal_contour_centroid,Mast,2325,1889,2264.0851922265483,742.4113903715153,2175.420227173585,780.8897406199021,-88.66496505296345,38.478350248386846,96.65432978237841,True,True
reciprocal_contour_centroid,Mast,2333,1895,2185.268051724502,705.223191855871,1878.4552902238902,896.0610077974318,-306.81276150061194,190.83781594156073,361.3213841069698,True,True
reciprocal_contour_centroid,Mast,2481,1900,3719.5395537092622,1942.4395731077966,3903.2097641625,2109.116473229167,183.67021045323781,166.67690012137018,248.02406182063442,True,True
reciprocal_contour_centroid,Mast,2587,1904,5361.030306703582,3576.7270709959557,5521.998826162499,3514.993658945833,160.9685194589174,-61.73341205012275,172.4003434455573,True,True
reciprocal_contour_centroid,Mast,2378,1905,2992.3213259518766,1424.5419759102012,3063.804296617915,1436.802782525133,71.48297066603845,12.260806614931653,72.52683968084136,True,True
reciprocal_contour_centroid,Mast,2494,1908,3798.6461225749035,2083.2996935066894,3766.1053378933448,2242.1232029051466,-32.54078468155876,158.8235093984572,162.1228232092366,True,True
reciprocal_contour_centroid,Mast,2635,1909,5914.367800262197,4199.8951408877365,5757.949595465248,4427.613432167132,-156.41820479694888,227.7182912793951,276.2648638084613,True,True
reciprocal_contour_centroid,Mast,2396,1910,3023.656153977057,1450.8266783426993,3042.286212038122,1551.310894570165,18.63005806106503,100.4842162274656,102.19665735339251,True,True
reciprocal_contour_centroid,Mast,2595,1915,5627.823901012532,3919.9677331878825,5856.370320637557,3595.7589586772124,228.546419625025,-324.2087745106701,396.66710903871086,True,True
reciprocal_contour_centroid,Mast,2319,1917,2063.682430255334,701.6578119824799,2109.4164793125,679.9374558666668,45.734049057165976,-21.720356115813047,50.62980459137682,True,True
reciprocal_contour_centroid,Mast,2296,1919,1837.7302649785806,584.3797872168469,1866.292042670562,352.776860521003,28.561777691981433,-231.6029266958439,233.35743142014272,True,True
reciprocal_contour_centroid,Mast,2620,1921,5761.766799391806,4087.783950392582,5907.008116581251,4089.7721768241663,145.241317189445,1.9882264315842804,145.2549250912623,True,True
reciprocal_contour_centroid,Mast,2366,1923,2851.791560882502,1430.9504983414345,2876.083722072454,1358.48789562613,24.292161189951912,-72.46260271530446,76.42602886160353,True,True
reciprocal_contour_centroid,Mast,2370,1925,3001.959020287968,1531.2809510121847,3170.1095125460592,1364.0092363302158,168.15049225809116,-167.2717146819689,237.18013108033392,True,True
reciprocal_contour_centroid,Mast,2331,1927,2138.3717067344073,827.1398136504357,2030.6645789875001,843.0502785208336,-107.70712774690719,15.910464870397846,108.87593058100927,True,True
reciprocal_contour_centroid,Mast,2403,1928,3129.8255605846334,1680.6154618132357,3050.5371619177304,1676.1082594575828,-79.28839866690305,-4.5072023556529075,79.4164028160213,True,True
reciprocal_contour_centroid,Mast,2496,1929,3563.829248032261,2033.9037038218073,3409.8595060825305,2274.833985299346,-153.96974194973063,240.93028147753853,285.92670733758433,True,True
reciprocal_contour_centroid,Mast,2373,1939,2933.517330434724,1566.8601916731286,2931.9363269625,1378.9924100583332,-1.5810034722239834,-187.86778161479538,187.87443397344842,True,True
reciprocal_contour_centroid,Mast,2388,1943,2933.985264691647,1652.857965004877,2886.7549015257036,1590.406502429717,-47.230363165943345,-62.45146257516012,78.30001521432497,True,True
reciprocal_contour_centroid,Mast,2443,1945,3457.3725337302144,2062.716048862746,3476.573563493195,1905.7320065590602,19.201029762980397,-156.98404230368578,158.15394108894114,True,True
reciprocal_contour_centroid,Mast,2476,1949,3618.885865214378,2197.4465177486836,3483.1996292374993,2093.5819187041666,-135.68623597687883,-103.86459904451704,170.87600641474373,True,True
reciprocal_contour_centroid,Mast,2426,1950,3197.742567018131,1957.7998769455485,3061.884315634303,1868.5517123296966,-135.8582513838278,-89.24816461585192,162.5506055244629,True,True
reciprocal_contour_centroid,Mast,2438,1953,3314.4561352313544,2007.319727730573,3295.0700895249993,1852.7963235194447,-19.386045706355162,-154.5234042111283,155.73471423264832,True,True
reciprocal_contour_centroid,Mast,2508,1954,3559.4762869977767,2227.969251635078,3684.4004719470213,2380.971177696065,124.92418494924459,153.001926060987,197.52377417314807,True,True
reciprocal_contour_centroid,Mast,2576,1956,4895.956501690495,3574.460047169207,4893.606646690719,3306.759636850838,-2.349854999776653,-267.700410318369,267.7107235490261,True,True
reciprocal_contour_centroid,Mast,2630,1957,5627.4717926753465,4335.421640163021,5784.5051605083345,4315.023217620834,157.033367832988,-20.39842254218729,158.35268944725922,True,True
reciprocal_contour_centroid,Mast,2288,1958,1098.9475423783574,289.530722180044,1131.223232364852,194.892125830673,32.275689986494626,-94.638596349371,99.99092000318572,True,True
reciprocal_contour_centroid,Mast,2302,1959,1428.104489240678,591.917822921204,1566.9033882515541,521.7614620086371,138.79889901087608,-70.15636091256692,155.52186130292336,True,True
reciprocal_contour_centroid,Mast,2290,1970,972.3312873237966,223.05501493599522,834.3536603839744,207.32850817820506,-137.97762693982213,-15.726506757790162,138.87097807226516,True,True
reciprocal_contour_centroid,Mast,2295,1975,1086.940052646203,556.0977031359398,1061.9341498770182,500.949959443301,-25.005902769184786,-55.14774369263881,60.552199032660305,True,True
reciprocal_contour_centroid,Mast,2358,1978,2175.7709211610563,1294.5770848970233,1955.3965590860466,1170.9300661783295,-220.37436207500969,-123.64701871869374,252.69239145250984,True,True
reciprocal_contour_centroid,Mast,2622,1980,5087.861054067758,4090.865424533448,5154.24944175306,4239.895482083288,66.3883876853015,149.03005754983997,163.1483253752931,True,True
reciprocal_contour_centroid,Mast,2478,1983,3011.4567283442884,2056.6009348817392,2909.631867218203,2116.8837505624997,-101.82486112608558,60.28281568076045,118.33139993149389,True,True
reciprocal_contour_centroid,Mast,2616,1984,4880.252713515115,3804.802527957556,4828.122433538484,3891.706606449862,-52.130279976630845,86.90407849230633,101.34044083700671,True,True
reciprocal_contour_centroid,Mast,2617,1989,4905.514063293857,3872.244718884275,4996.9861574,3911.124799616666,91.47209410614232,38.880080732391434,99.39217614037955,True,True
reciprocal_contour_centroid,Mast,2571,1993,4393.618616237313,3323.6771110998793,4069.4637759125,3235.3716772833336,-324.15484032481345,-88.3054338165457,335.96757305956424,True,True
reciprocal_contour_centroid,Mast,2633,1995,5327.750273182076,4509.774458571426,5479.115846929124,4400.555735121075,151.36557374704807,-109.21872345035172,186.65547532257781,True,True
reciprocal_contour_centroid,Mast,2626,1997,5137.25924875613,4334.382754338784,4994.902773804762,4283.954108555654,-142.356474951368,-50.42864578313038,151.0245485876382,True,True
reciprocal_contour_centroid,Mast,2490,2003,2936.000588813741,2272.972028120771,2949.436749375,2194.5565232583335,13.43616056125893,-78.4155048624375,79.55829192145147,True,True
reciprocal_contour_centroid,Mast,2332,2010,998.5413483480688,810.506761546536,866.8864966666666,850.8175557833334,-131.6548516814022,40.31079423679739,137.68790834075963,True,True
reciprocal_contour_centroid,Mast,2632,2012,5225.038627598294,4672.513509665408,5351.369708836527,4392.695990250555,126.33108123823331,-279.81751941485254,307.01365809732715,True,True
reciprocal_contour_centroid,Mast,2306,2014,799.3191249012282,706.6832147543823,705.00759043125,555.6610195537078,-94.31153446997814,-151.02219520067456,178.0515907744509,True,True
reciprocal_contour_centroid,Mast,2495,2016,2565.116953016594,2169.133123446193,2310.671335675,2225.6256323083335,-254.4456173415938,56.49250886214031,260.6414697278309,True,True
reciprocal_contour_centroid,Mast,2323,2019,593.075876595971,561.462327788601,665.6316403041667,711.0065649166667,72.55576370819574,149.54423712806567,166.21617762869735,True,True
reciprocal_contour_centroid,Mast,2499,2023,2545.4997547792495,2216.51698931869,2389.423236,2266.311370413606,-156.07651877924945,49.794381094915934,163.82722637850867,True,True
reciprocal_contour_centroid,Mast,2425,2028,1990.0030628176864,1827.146722617451,1860.0354616875,1775.1235507055553,-129.9676011301865,-52.02317191189559,139.99281324164428,True,True
reciprocal_contour_centroid,Mast,2417,2029,1679.4377988757735,1579.826391203675,1584.4038105499997,1730.3692388761053,-95.03398832577386,150.5428476724303,178.02979504124548,True,True
reciprocal_contour_centroid,Mast,2430,2031,1973.1670920952868,1870.6465892219821,1855.6603561375,1839.1191612868502,-117.50673595778676,-31.527427935131982,121.66269645071145,True,True
reciprocal_contour_centroid,Mast,2524,2033,2691.6566981761935,2477.74025108084,2503.1759809375003,2699.4295457458334,-188.48071723869316,221.6892946649932,290.9830306733958,True,True
reciprocal_contour_centroid,Mast,2341,2035,591.1263308066655,819.9400144026993,431.3493260617648,980.1409116925942,-159.77700474490064,160.2008972898949,226.25874289790318,True,True
reciprocal_contour_centroid,Mast,2336,2037,928.3395678785965,1102.9192286680202,914.034483898307,894.121705282356,-14.30508398028951,-208.79752338566425,209.28698287201271,True,True
reciprocal_contour_centroid,Mast,2337,2038,808.9182394138696,1145.709936252672,763.264298671184,1098.9866511124687,-45.65394074268568,-46.72328514020319,65.32493918580704,True,True
reciprocal_contour_centroid,Mast,2334,2041,486.7248399823287,815.8031560709688,502.53742695527507,893.1985329583807,15.812586972946349,77.39537688741189,78.99419137076804,True,True
reciprocal_contour_centroid,Mast,2606,2045,3796.574178133045,3627.5433307411054,3824.457863837501,3786.8483633458336,27.883685704456184,159.30503260472824,161.72690976352212,True,True
reciprocal_contour_centroid,Mast,2543,2047,3110.6104113480774,3127.660029020745,3211.9430836500005,2971.2842501458335,101.33267230192314,-156.37577887491125,186.3375826144154,True,True
reciprocal_contour_centroid,Mast,2354,2048,914.0785901209457,1322.2081876211475,910.6375523791668,1130.4395374458331,-3.4410377417789277,-191.7686501753144,191.79952015269083,True,True
reciprocal_contour_centroid,Mast,2573,2054,3332.166581463395,3508.2673621593203,3493.8133112293895,3249.2520894278105,161.64672976599468,-259.01527273150987,305.3171740210808,True,True
reciprocal_contour_centroid,Mast,2367,2055,614.7717157726215,1288.737181781205,691.882273675,1301.3196372916666,77.11055790237845,12.582455510461614,78.13038030554316,True,True
reciprocal_contour_centroid,Mast,2349,2056,239.26167324566077,1065.4437021900528,260.5010310333903,1114.3908631412903,21.239357787729517,48.94716095123749,53.35667609982405,True,True
reciprocal_contour_centroid,Mast,2368,2057,521.1638247404218,1419.2000326241068,538.3457298586836,1358.597821893761,17.181905118261852,-60.60221073034586,62.99083908711012,True,True
reciprocal_contour_centroid,Mast,2380,2059,214.85185977800273,1179.7162378780342,347.7372684424647,1467.2432212492736,132.88540866446198,287.52698337123934,316.7495824819443,True,True
reciprocal_contour_centroid,Mast,2413,2060,734.9727844674566,1614.2461200573912,764.7344104500271,1706.3360725230716,29.761625982570536,92.08995246568043,96.77971753553375,True,True
reciprocal_contour_centroid,Mast,2634,2061,4055.808273577084,4546.428750253215,4235.7177876625,4392.695990245833,179.90951408541605,-153.73276000738224,236.6457156974068,True,True
reciprocal_contour_centroid,Mast,2381,2067,527.8306456698587,1546.808076503873,534.3784731135418,1431.513999180952,6.547827443683104,-115.29407732292111,115.47986105800423,True,True
reciprocal_contour_centroid,Mast,2555,2069,2298.9700627901316,3113.3979789247505,2078.7907403468053,3087.793409149445,-220.17932244332633,-25.604569775305663,221.66309576693357,True,True
reciprocal_contour_centroid,Mast,2492,2070,1521.8702845973646,2492.9612424264465,1876.6446587556286,2216.2042126472625,354.774374158264,-276.757029779184,449.9547867192703,True,True
reciprocal_contour_centroid,Mast,2565,2071,2280.530329784974,3105.66236231229,2188.1683796375,3204.3025682333337,-92.36195014747409,98.64020592104362,135.1318617469262,True,True
reciprocal_contour_centroid,Mast,2532,2073,1747.779133002555,2722.8844582919073,2048.1650013291664,2839.2405365416666,300.38586832661144,116.35607824975932,322.1341441635712,True,True
reciprocal_contour_centroid,Mast,2401,2075,569.1337407264921,1753.2594903614752,554.7527392140988,1589.584618760041,-14.381001512393254,-163.67487160143423,164.3054375188035,True,True
reciprocal_contour_centroid,Mast,2631,2076,3856.0688964674837,4478.453901198169,3850.7084973329,4357.7432425797615,-5.360399134583531,-120.71065861840725,120.82961964258475,True,True
reciprocal_contour_centroid,Mast,2447,2079,443.14319957824193,1920.9202383397746,358.5163863289653,1921.9403210908085,-84.62681324927661,1.0200827510338968,84.6329610113394,True,True
reciprocal_contour_centroid,Mast,2465,2080,533.4996257064121,2107.196317507934,695.785245634961,2023.6298569106439,162.28561992854895,-83.56646059729019,182.5376009822412,True,True
reciprocal_contour_centroid,Mast,2553,2081,1814.575459129776,3176.7408352255934,1807.534194796952,3080.026131915942,-7.041264332823857,-96.71470330965121,96.97068237193423,True,True
reciprocal_contour_centroid,Mast,2591,2083,2192.7976240096605,3606.276507844956,2715.423486006001,3596.4387114544256,522.6258619963405,-9.837796390530457,522.718446073256,True,True
reciprocal_contour_centroid,B_cell,3325,2087,7539.672790779424,2561.882982380704,7485.976814329996,2569.1897707819903,-53.69597644942769,7.306788401286212,54.190839111409446,True,True
reciprocal_contour_centroid,B_cell,3323,2092,7465.260957642707,2595.6674670025577,7451.612274405241,2490.496600591782,-13.648683237465775,-105.17086641077549,106.05280616612586,True,True
reciprocal_contour_centroid,B_cell,3333,2098,7207.371176268181,2798.682846342317,7168.301255267964,2951.313506799258,-39.06992100021762,152.63066045694086,157.55182397701785,True,True
reciprocal_contour_centroid,B_cell,3332,2101,7196.806186236489,2928.4726629656216,7348.675969102628,2953.8120521814103,151.86978286613885,25.339389215788742,153.96920339352735,True,True
reciprocal_contour_centroid,B_cell,3346,2109,7145.706489984313,3158.8681637358704,7332.406074032625,3310.1913716349727,186.69958404831232,151.32320789910227,240.3236316567469,True,True
reciprocal_contour_centroid,B_cell,3314,2121,5627.573513194686,1858.7309848173059,5530.749037262499,1961.5382051708334,-96.82447593218694,102.80722035352755,141.22430278235194,True,True
reciprocal_contour_centroid,B_cell,3313,2127,5500.587410877598,1987.198319084624,5595.045931948722,1984.6192026548356,94.45852107112387,-2.579116429788428,94.49372489484345,True,True
reciprocal_contour_centroid,B_cell,3310,2129,5107.325260934262,1559.5069237726973,5329.494180899999,1798.4253825166668,222.1689199657376,238.9184587439695,326.2530596444057,True,True
reciprocal_contour_centroid,B_cell,3305,2133,5322.004251087275,1774.33550706999,5391.983576379603,1602.8134288340277,69.9793252923273,-171.52207823596223,185.24829092532246,True,True
reciprocal_contour_centroid,B_cell,3304,2134,5398.759829390029,1902.9485596226925,5314.322729046911,1539.2219251685246,-84.43710034311789,-363.7266344541679,373.39883305349207,True,True
reciprocal_contour_centroid,B_cell,3319,2135,5722.039262402405,2281.2800051050667,5898.257905415477,2301.4490532741884,176.21864301307141,20.169048169121652,177.3691084981166,True,True
reciprocal_contour_centroid,B_cell,3351,2140,6726.634257569209,3636.307966685671,6679.961219439712,3745.091354433557,-46.67303812949649,108.78338774788608,118.37313013578868,True,True
reciprocal_contour_centroid,B_cell,3315,2141,5277.757773547645,1950.9772621979816,5280.395774018933,2003.3951993506462,2.6380004712873415,52.417937152664535,52.48427556732779,True,True
reciprocal_contour_centroid,B_cell,3316,2143,5584.262520295285,2313.4609257694915,5438.871820287502,2035.327339233877,-145.39070000778338,-278.13358653561454,313.84191499530056,True,True
reciprocal_contour_centroid,B_cell,3342,2151,6117.990729838044,3038.447873219227,6414.5203630375,3095.560686416666,296.52963319945593,57.11281319743921,301.9796297711643,True,True
reciprocal_contour_centroid,B_cell,3322,2153,5457.314423319654,2394.092981893178,5412.459145932048,2433.731127807767,-44.85527738760629,39.63814591458868,59.85965687393578,True,True
reciprocal_contour_centroid,B_cell,3354,2165,6614.689473108171,3769.843748161022,6650.014471466413,3821.29767640872,35.32499835824183,51.453928247697604,62.41283715013284,True,True
reciprocal_contour_centroid,B_cell,3327,2167,5645.9545329314315,2631.4878639276076,5594.5661636189425,2672.268048415474,-51.388369312488976,40.780184487866336,65.60326171358534,True,True
reciprocal_contour_centroid,B_cell,3326,2173,5447.561146236157,2515.0040377350615,5268.242702987501,2629.524050241667,-179.31844324865597,114.52001250660533,212.76733150000845,True,True
reciprocal_contour_centroid,B_cell,3343,2187,5837.6595754566715,3121.933202543181,5644.161496248299,3135.0731135269693,-193.49807920837247,13.139910983788468,193.94371327266958,True,True
reciprocal_contour_centroid,B_cell,3329,2189,5548.4816716936175,2844.3426001567027,5499.716867739662,2826.1465199614463,-48.76480395395538,-18.1960801952564,52.049048398024574,True,True
reciprocal_contour_centroid,B_cell,3297,2192,3681.960930362969,1116.9682412517757,3882.938441742013,1182.3508405631337,200.9775113790438,65.38259931135804,211.34532020563708,True,True
reciprocal_contour_centroid,B_cell,3356,2197,6254.562887658101,3874.101392514044,6313.702836237454,3877.287779496154,59.13994857935268,3.1863869821099797,59.22572566012373,True,True
reciprocal_contour_centroid,B_cell,3349,2204,6020.395255979499,3517.102692296963,6020.760861518748,3596.5500702375,0.36560553924937267,79.44737794053708,79.44821916844246,True,True
reciprocal_contour_centroid,B_cell,3341,2213,5589.585501724569,3144.403818989894,5735.053209714816,3092.853908000438,145.4677079902467,-51.54991098945584,154.33161500793187,True,True
reciprocal_contour_centroid,B_cell,3307,2217,3915.62828446733,1601.9608576348799,4038.366211844454,1707.76907287926,122.73792737712392,105.80821524438011,162.04930493535977,True,True
reciprocal_contour_centroid,B_cell,3348,2224,5703.437214447098,3440.187313762943,5768.719861819297,3445.9360000803986,65.28264737219888,5.748686317455395,65.53526869022026,True,True
reciprocal_contour_centroid,B_cell,3344,2225,5457.467425362141,3127.3389058701423,5548.249459674999,3184.8843749472217,90.78203431285874,57.54546907707936,107.48422565791763,True,True
reciprocal_contour_centroid,B_cell,3347,2230,5638.074794939242,3457.3782279973334,5729.23299344772,3396.024862063687,91.15819850847856,-61.35336593364627,109.88199427885849,True,True
reciprocal_contour_centroid,B_cell,3355,2232,6042.998897288067,3929.670263145588,5998.917037245078,3846.425631369751,-44.08186004298932,-83.24463177583675,94.1959611891314,True,True
reciprocal_contour_centroid,B_cell,3361,2246,5614.908653806909,3611.7012470074806,5908.6967538093095,4048.687368135116,293.7881000024008,436.9861211276352,526.5627386752665,True,True
reciprocal_contour_centroid,B_cell,3303,2250,3314.403960746499,1460.277024592076,3159.4418168374996,1476.0833759222219,-154.96214390899922,15.806351330145844,155.7661926967639,True,True
reciprocal_contour_centroid,B_cell,3286,2266,2283.435999446864,748.8342881292472,1947.5375731124998,679.9374558430554,-335.89842633436433,-68.89683228619174,342.89142058817106,True,True
reciprocal_contour_centroid,B_cell,3352,2268,5682.918998100257,3844.6645038326897,6017.793835897514,3771.3138088201486,334.874837797257,-73.35069501254111,342.8140625011786,True,True
reciprocal_contour_centroid,B_cell,3360,2271,5886.158025393539,4078.322507583335,5933.258749987501,4008.2157654687494,47.100724593961786,-70.10674211458581,84.45965632890817,True,True
reciprocal_contour_centroid,B_cell,3309,2292,3244.4642892827164,1769.4522298617155,3275.9925943154276,1818.4908488244603,31.52830503271116,49.03861896274475,58.29940109477068,True,True
reciprocal_contour_centroid,B_cell,3281,2303,1326.9913413376391,249.6911059732344,1024.3902972812498,241.08629027462115,-302.60104405638936,-8.604815698613237,302.7233633488238,True,True
reciprocal_contour_centroid,B_cell,3368,2319,5632.0228347325365,4272.329240244171,5688.2528379125,4276.186831308334,56.230003179963205,3.857591064162989,56.362170526311196,True,True
reciprocal_contour_centroid,B_cell,3282,2320,958.8986595299305,126.69454577965877,665.3268489676069,315.4473533933531,-293.57181056232355,188.75280761369436,349.0158024200238,True,True
reciprocal_contour_centroid,B_cell,3308,2321,3551.5509151324172,2207.5837526831683,3339.5503295978974,1773.2380160383605,-212.00058553451981,-434.34573664480786,483.32232227417353,True,True
reciprocal_contour_centroid,B_cell,3337,2327,4061.764778496959,2688.274811072363,3730.9764414897777,3004.8129969988127,-330.7883370071813,316.53818592644984,457.83987053290184,True,True
reciprocal_contour_centroid,B_cell,3311,2328,3057.9921630669373,1885.5167479875047,3133.191183325,1856.6799621152775,75.19902025806277,-28.83678587222721,80.53851791045834,True,True
reciprocal_contour_centroid,B_cell,3365,2334,5506.503701317952,4319.132029279308,5500.123298306251,4260.652276618056,-6.380403011700764,-58.47975266125195,58.82678823387288,True,True
reciprocal_contour_centroid,B_cell,3366,2336,5428.825963225406,4358.847931695297,5452.784192997997,4283.440399712654,23.95822977259104,-75.40753198264338,79.12201118241151,True,True
reciprocal_contour_centroid,B_cell,3369,2337,5522.083527927021,4430.314928976804,5578.125030644267,4321.901076447071,56.04150271724575,-108.41385252973305,122.04185121156499,True,True
reciprocal_contour_centroid,B_cell,3280,2341,1253.3525020266966,554.8579878473929,1120.6426199125,213.9008196916667,-132.7098821141965,-340.9571681557262,365.873889923203,True,True
reciprocal_contour_centroid,B_cell,3364,2347,5228.0502784818855,4279.508208465116,5549.048089944803,4180.914394568,320.9978114629175,-98.59381389711598,335.7980570264841,True,True
reciprocal_contour_centroid,B_cell,3283,2357,754.4253145618584,443.86689562852456,763.669207101307,308.6928500929685,9.243892539448666,-135.17404553555605,135.48974919059174,True,True
reciprocal_contour_centroid,B_cell,3287,2360,884.0369764380094,653.7842651138154,1019.1351417555106,754.5077815210007,135.09816531750118,100.72351640718523,168.51332597033206,True,True
reciprocal_contour_centroid,B_cell,3321,2365,2565.1133627312756,2079.4791606749045,2491.0715221421265,2385.7609986787947,-74.04184058914916,306.28183800389024,315.10436120255497,True,True
reciprocal_contour_centroid,B_cell,3291,2375,932.424934433759,933.1626351270761,879.2078409296171,988.686727254573,-53.21709350414187,55.52409212749694,76.90893217053106,True,True
reciprocal_contour_centroid,B_cell,3292,2386,1275.2624758451798,1329.1653840196223,827.5105464687499,1083.8358738755555,-447.75192937642987,-245.32951014406672,510.55691044960224,True,True
reciprocal_contour_centroid,B_cell,3285,2400,454.2298081493599,832.9406934680904,646.6034033316918,667.1769289269841,192.37359518233188,-165.7637645411063,253.93941355806712,True,True
reciprocal_contour_centroid,B_cell,3373,2411,4852.863859457624,4955.777253941808,4789.528733691125,5041.191722947223,-63.335125766499004,85.4144690054145,106.33423565030766,True,True
reciprocal_contour_centroid,B_cell,3294,2420,305.0315270958781,1074.4367017754912,216.39163334364136,1149.1981285262668,-88.63989375223676,74.76142675077563,115.95818942282348,True,True
reciprocal_contour_centroid,B_cell,3298,2427,280.9974151018855,1339.1350438057311,179.97315496473874,1298.5952938384512,-101.02426013714677,-40.53974996727993,108.85482287738782,True,True
reciprocal_contour_centroid,B_cell,3371,2432,3520.9985564329622,4022.1704151169934,3022.5098509772765,4404.562663873857,-498.4887054556857,382.3922487568634,628.2633376031234,True,True
reciprocal_contour_centroid,B_cell,3299,2433,548.2324773750998,1591.659428757047,325.7151046994366,1352.7390128519808,-222.51737267566324,-238.9204159050662,326.4918778143337,True,True
reciprocal_contour_centroid,B_cell,3306,2441,504.51525439574067,1684.4609294946006,160.94862873877528,1680.0779678864108,-343.56662565696536,-4.382961608189817,343.5945817642825,True,True
reciprocal_contour_centroid,Unknown,3096,2464,7431.057376676629,2222.8920107299577,7468.3984054282355,2286.662520103748,37.341028751606245,63.770509373790446,73.89878411733835,True,True
reciprocal_contour_centroid,Unknown,3161,2468,7277.174842516547,2956.9363479724907,7164.267621373486,3015.4282759034795,-112.90722114306118,58.49192793098882,127.1587441717325,True,True
reciprocal_contour_centroid,Unknown,3149,2470,7190.620712247504,3292.8827956863943,7413.878054880734,2891.9686906443167,223.2573426332301,-400.9141050420776,458.88556379705557,True,True
reciprocal_contour_centroid,Unknown,3025,2476,5285.541842215559,1652.6944521890855,5324.389891182472,1703.354693358744,38.848048966912756,50.66024116965855,63.840668416798536,True,True
reciprocal_contour_centroid,Unknown,3039,2478,5087.861542216394,1544.0404295321114,4961.9853127875,1751.8217189416666,-125.87622942889357,207.78128940955526,242.93597791173875,True,True
reciprocal_contour_centroid,Unknown,3070,2480,5419.183536604555,1968.1876119169422,5565.749881875001,2006.7910379868663,146.5663452704457,38.603426069924126,151.564897223175,True,True
reciprocal_contour_centroid,Unknown,3072,2483,5216.795977180898,1832.379563305805,5225.7817424760915,2020.8981279885907,8.985765295193232,188.5185646827856,188.73259709970063,True,True
reciprocal_contour_centroid,Unknown,3055,2486,5251.302784153366,2028.210756159296,5087.259169054264,1865.8712402361757,-164.04361509910177,-162.3395159231202,230.79087088733652,True,True
reciprocal_contour_centroid,Unknown,3095,2489,5316.991896907181,2236.8631493483535,5335.327655090206,2296.055500916783,18.335758183024154,59.19235156842933,61.96720513583677,True,True
reciprocal_contour_centroid,Unknown,3102,2490,5616.26089457609,2516.146834146492,5415.706197199521,2335.3135286340535,-200.5546973765695,-180.83330551243853,270.04235042371096,True,True
reciprocal_contour_centroid,Unknown,3000,2492,4386.578272821791,1415.3122844478155,4477.239819490163,1442.7847705379643,90.66154666837247,27.472486090148777,94.73253684070166,True,True
reciprocal_contour_centroid,Unknown,3117,2494,5532.934243982019,2492.40298304319,5355.7448144125,2481.9457821833325,-177.18942956951923,-10.457200859857494,177.49773801655903,True,True
reciprocal_contour_centroid,Unknown,2980,2498,4372.688094703659,1523.3530056637237,4639.699758245565,1323.1543167780055,267.0116635419063,-200.19868888571818,333.7285476236289,True,True
reciprocal_contour_centroid,Unknown,3151,2499,5471.6573018450445,2516.1943541290225,5475.476870263945,2896.071115175771,3.819568418900417,379.87676104674847,379.8959629770697,True,True
reciprocal_contour_centroid,Unknown,2994,2500,4255.337085090118,1436.8363766904106,4568.225811304167,1394.5269645833334,312.8887262140488,-42.30941210707715,315.7363478358114,True,True
reciprocal_contour_centroid,Unknown,3188,2507,5644.483427204054,3113.526584362084,5548.249459675,3406.251777129167,-96.2339675290541,292.7251927670827,308.1379804355652,True,True
reciprocal_contour_centroid,Unknown,3179,2515,5683.7036840011415,3401.381022970434,5546.024512730605,3300.248358517621,-137.67917127053624,-101.13266445281306,170.83140818089316,True,True
reciprocal_contour_centroid,Unknown,3153,2516,5293.139452415036,2962.5728963391402,5081.916934913235,2934.730353145401,-211.22251750180112,-27.842543193739402,213.04966348552142,True,True
reciprocal_contour_centroid,Unknown,3167,2518,5613.701159639068,3351.891119800741,5521.998826162499,3111.095240913333,-91.70233347656813,-240.79587888740798,257.6663991563645,True,True
reciprocal_contour_centroid,Unknown,2981,2521,3388.3991579688272,1353.4078871846284,3203.1928725499993,1309.086914625,-185.20628541882797,-44.320972559628444,190.43559742671985,True,True
reciprocal_contour_centroid,Unknown,2907,2529,2191.699781377909,501.13319557092643,2030.6645789875001,485.75552409166676,-161.0352023904088,-15.377671479259675,161.76776313296776,True,True
reciprocal_contour_centroid,Unknown,2909,2530,2155.255403408364,583.8606793997042,2223.376085011698,556.0741726406309,68.12068160333365,-27.78650675907329,73.56981187943045,True,True
reciprocal_contour_centroid,Unknown,2982,2531,3014.4156138426115,1205.1720918845065,3230.610200849938,1314.8692210344007,216.1945870073264,109.69712914989418,242.43258773316137,True,True
reciprocal_contour_centroid,Unknown,3216,2532,5947.987038661174,3991.786376493673,5867.138202895651,3931.524342296669,-80.84883576552238,-60.262034197003686,100.83673442848719,True,True
reciprocal_contour_centroid,Unknown,2924,2534,2030.2298325973063,453.7887082178152,2333.872653071394,737.015175116547,303.64282047408756,283.22646689873176,415.23029029370844,True,True
reciprocal_contour_centroid,Unknown,2891,2539,1799.973193645147,351.10299710967695,1732.5448852682225,305.891273542047,-67.4283083769244,-45.211723567629974,81.18298293687786,True,True
reciprocal_contour_centroid,Unknown,2930,2540,2315.9638366760764,776.3529389562613,2267.899622283132,841.9447172043575,-48.06421439294445,65.59177824809626,81.31697288363827,True,True
reciprocal_contour_centroid,Unknown,2933,2542,2617.293936209922,979.8573438576369,2861.9346378442865,822.5336825031956,244.64070163436463,-157.32366135444136,290.86046021781846,True,True
reciprocal_contour_centroid,Unknown,2923,2545,2214.534043385552,659.6194203259793,2354.4223913875,718.7738421791666,139.88834800194763,59.15442185318739,151.8815180708267,True,True
reciprocal_contour_centroid,Unknown,2925,2547,2472.8940013917163,878.7053891936862,2371.9228136791803,730.4247580465101,-100.971187712536,-148.2806311471761,179.39433191013887,True,True
reciprocal_contour_centroid,Unknown,3132,2553,3954.950023448917,2128.0367784909245,3964.4612422874998,2645.058604766667,9.511218838582863,517.0218262757426,517.1093038510326,True,True
reciprocal_contour_centroid,Unknown,3028,2555,3541.8902171936074,1807.5214794481294,3494.7207405235545,1702.7584174992285,-47.16947667005297,-104.76306194890094,114.89237867776926,True,True
reciprocal_contour_centroid,Unknown,2905,2558,1728.5787851614666,515.5543641001376,1790.4478547374538,531.6675808565167,61.86906957598717,16.113216756379074,63.932914249519364,True,True
reciprocal_contour_centroid,Unknown,3250,2565,5936.210339866302,4221.963717979413,6020.760861412499,4423.765099366667,84.55052154619716,201.80138138725397,218.79805351862225,True,True
reciprocal_contour_centroid,Unknown,2906,2573,1598.866595054204,419.8658511616918,1517.9817532336303,500.4830888412247,-80.88484182057368,80.61723767953288,114.19937235999821,True,True
reciprocal_contour_centroid,Unknown,3027,2580,3057.136234759646,1614.2995564312657,3051.1191675460373,1714.968467218155,-6.017067213608698,100.66891078688923,100.84857310280472,True,True
reciprocal_contour_centroid,Unknown,2919,2582,2087.2522454856385,870.9422202627222,2115.621931409843,791.2362452011992,28.369685924204532,-79.70597506152308,84.60426431301289,True,True
reciprocal_contour_centroid,Unknown,2914,2583,1760.8279143604943,599.3200512412826,1495.038228210575,642.7552118897635,-265.78968614991936,43.43516064848086,269.3153735757244,True,True
reciprocal_contour_centroid,Unknown,2912,2585,2028.8822424634056,784.9245998164532,1951.9126786624997,578.9628513833334,-76.96956380090592,-205.96174843311985,219.87395382202385,True,True
reciprocal_contour_centroid,Unknown,3200,2587,5464.090740647753,3915.4941797409115,5408.246081224999,3685.8737587916667,-55.844659422753466,-229.62042094924482,236.31369766255978,True,True
reciprocal_contour_centroid,Unknown,2899,2588,1626.7070769881955,493.3679163426091,1453.1506434125,377.01364241666664,-173.55643357569556,-116.35427392594244,208.9501201156584,True,True
reciprocal_contour_centroid,Unknown,2993,2589,2839.8049703305273,1463.982424610222,2791.9329487249997,1394.5269645833332,-47.87202160552761,-69.45546002688889,84.35515028821217,True,True
reciprocal_contour_centroid,Unknown,3130,2591,3947.705612778022,2373.905600255561,4326.978002682275,2616.1304760123617,379.2723899042526,242.22487575680088,450.02270629278365,True,True
reciprocal_contour_centroid,Unknown,3231,2594,5755.769934967448,4311.715469234805,5644.501782190611,4136.375840407292,-111.26815277683636,-175.33962882751257,207.66460280880628,True,True
reciprocal_contour_centroid,Unknown,2889,2597,1219.714252528648,256.3757762943564,1373.0192052667019,242.485799571614,153.30495273805377,-13.889976722742404,153.93290742195194,True,True
reciprocal_contour_centroid,Unknown,2932,2604,1625.0794177513574,625.165085053641,1628.1548662624998,804.2138922083333,3.07544851114244,179.04880715469233,179.0752180706836,True,True
reciprocal_contour_centroid,Unknown,3218,2607,5590.521931602874,4264.111456255112,5793.766888979416,3986.063567993449,203.2449573765416,-278.04788826166305,344.4112960774697,True,True
reciprocal_contour_centroid,Unknown,2901,2608,1144.2423384234908,284.0122211101002,1076.89156409375,402.36356223618986,-67.35077432974072,118.35134112608966,136.17329675512636,True,True
reciprocal_contour_centroid,Unknown,3235,2611,5433.232773152734,4120.270193861035,5570.124987500676,4171.328588173744,136.89221434794217,51.058394312708515,146.1042024682212,True,True
reciprocal_contour_centroid,Unknown,3101,2613,3582.8037410157203,2279.288859319334,3440.3898840795155,2340.216509198696,-142.41385693620487,60.92764987936198,154.89959705327817,True,True
reciprocal_contour_centroid,Unknown,3087,2614,3225.569490794143,1972.5549197150635,3176.9422390375007,2171.2546914708337,-48.62725175664218,198.69977175577014,204.56345936945584,True,True
reciprocal_contour_centroid,Unknown,2894,2616,1190.8258741350724,336.5987113786529,1409.3995877,338.1772560333333,218.57371356492763,1.5785446546803996,218.57941363447256,True,True
reciprocal_contour_centroid,Unknown,2890,2617,1206.0225602821363,428.0207648594968,1296.759948551308,393.82262676470697,90.73738826917179,-34.19813809478984,96.96796522079212,True,True
reciprocal_contour_centroid,Unknown,3228,2621,5421.14640710589,4166.260559825782,5476.384299558111,4119.18714346531,55.237892452220876,-47.07341636047204,72.57500458428837,True,True
reciprocal_contour_centroid,Unknown,2942,2623,1614.615099318597,759.8969872942614,1676.6809028521088,937.4059934885914,62.065803533511826,177.50900619433003,188.04683259326436,True,True
reciprocal_contour_centroid,Unknown,2966,2624,1669.6495852656099,815.954383989802,1709.7806105194734,1162.3843689367905,40.13102525386353,346.4299849469885,348.7466611428659,True,True
reciprocal_contour_centroid,Unknown,3089,2625,3495.6356047465133,2302.797893326511,3163.8169223874997,2179.0219687569443,-331.81868235901356,-123.77592456956654,354.1526753612388,True,True
reciprocal_contour_centroid,Unknown,2947,2627,1923.2773374586168,1144.4734016680773,1896.768059033269,1051.707242846534,-26.509278425347702,-92.76615882154329,96.47954221044168,True,True
reciprocal_contour_centroid,Unknown,2908,2628,1258.186673657272,601.3941294359687,1192.026988354703,599.9095448556315,-66.15968530256896,-1.4845845803372413,66.17633981047256,True,True
reciprocal_contour_centroid,Unknown,3065,2630,3050.7945850020046,2067.375270461173,2747.8936107827276,1991.5084552714882,-302.90097421927703,-75.86681518968476,312.25754407221757,True,True
reciprocal_contour_centroid,Unknown,3076,2631,3248.9540844767375,2216.8369597242568,3176.9422391437492,2074.163725512541,-72.01184533298829,-142.67323421171568,159.81663752154626,True,True
reciprocal_contour_centroid,Unknown,3042,2632,2780.59547160995,1887.1694528967837,2730.6814706787036,1798.4253825324074,-49.91400093124639,-88.74407036437628,101.81806084286734,True,True
reciprocal_contour_centroid,Unknown,3224,2633,5202.255725537601,4221.366097169911,5118.118247094592,4067.0140544181413,-84.13747844300906,-154.35204275176966,175.79439234626327,True,True
reciprocal_contour_centroid,Unknown,2940,2634,1153.5453665550506,609.0036093141163,929.9232189005576,926.9056253637561,-223.622147654493,317.9020160496399,388.67538734789133,True,True
reciprocal_contour_centroid,Unknown,2956,2637,1196.1494503000795,669.6262674402642,1237.2692085597143,1026.9139154585373,41.119758259634864,357.2876480182731,359.6460731688311,True,True
reciprocal_contour_centroid,Unknown,2990,2638,2069.8860445872033,1385.431259637056,2153.167535025,1386.759687320833,83.28149043779649,1.3284276837771358,83.29208467586709,True,True
reciprocal_contour_centroid,Unknown,3222,2639,4948.6756637874605,4072.159092622058,5012.623108829826,4044.8226556033683,63.94744504236587,-27.336437018689594,69.545355821386,True,True
reciprocal_contour_centroid,Unknown,3045,2641,2582.31062111635,1920.5634823334021,2264.292011422568,1829.5087174456155,-318.01860969378185,-91.05476488778663,330.7972284048584,True,True
reciprocal_contour_centroid,Unknown,3258,2643,5374.392152390848,4598.282544831177,5407.144547646038,4670.348609070108,32.752395255189185,72.06606423893118,79.15956676133273,True,True
reciprocal_contour_centroid,Unknown,2904,2644,734.1707294537473,468.1874548319904,652.0216057184999,566.0211306857997,-82.14912373524737,97.83367585380927,127.74939006326882,True,True
reciprocal_contour_centroid,Unknown,3075,2648,2775.7246939876195,2122.624665373961,2634.4291480750003,2062.5128096541666,-141.29554591261922,-60.11185571979422,153.55085962905724,True,True
reciprocal_contour_centroid,Unknown,2969,2650,1397.174486616298,1116.0974173827738,1282.1256832064685,1213.962426123048,-115.04880340982959,97.86500874027433,151.04233546184193,True,True
reciprocal_contour_centroid,Unknown,2935,2654,693.1153638641819,613.4057003202045,564.7390542621961,832.5762227712236,-128.37630960198578,219.1705224510191,254.00038342191056,True,True
reciprocal_contour_centroid,Unknown,2968,2660,1291.9025588835325,1276.5210492598221,1037.5156140375,1169.2759237819446,-254.38694484603252,-107.24512547787754,276.0692569752454,True,True
reciprocal_contour_centroid,Unknown,2983,2661,1019.3299612217018,1081.722400553284,1088.0536924509065,1324.6712594720075,68.72373122920476,242.94885891872354,252.4818791200149,True,True
reciprocal_contour_centroid,Unknown,3058,2662,1950.143580269155,1958.4701261719097,1844.1392447699097,1894.092347594021,-106.00433549924537,-64.37777857788865,124.0218429118848,True,True
reciprocal_contour_centroid,Unknown,3243,2664,4233.68782109529,4070.454653955493,4410.6679969626,4353.859603935957,176.9801758673102,283.40494998046415,334.12624608589704,True,True
reciprocal_contour_centroid,Unknown,3013,2667,796.3701142155461,1238.7000571962064,823.1354408833333,1557.6397871666668,26.765326667787235,318.93972997046035,320.0608286955208,True,True
reciprocal_contour_centroid,Unknown,2953,2668,736.0472985406384,1236.9827046924077,915.012657913988,1002.279462457738,178.96535937334966,-234.7032422346697,295.15116766006236,True,True
reciprocal_contour_centroid,Unknown,3005,2669,911.3463981685597,1493.5618314011158,995.3687636545138,1477.5073767506342,84.02236548595408,-16.054454650481603,85.5424071205599,True,True
reciprocal_contour_centroid,Unknown,3004,2670,638.1132577869818,1301.7554156564995,600.9972254359416,1495.512180098778,-37.11603235104019,193.75676444227838,197.2797091051789,True,True
reciprocal_contour_centroid,Unknown,2992,2671,691.8736215113128,1321.9381827351629,880.0118133874996,1394.5269646069441,188.13819187618685,72.5887818717813,201.65592105383354,True,True
reciprocal_contour_centroid,Unknown,2987,2672,706.0028108845004,1504.956246904605,707.6959083181558,1393.4819694904027,1.6930974336554527,-111.47427741420233,111.48713425296387,True,True
reciprocal_contour_centroid,Unknown,3082,2674,1193.7949867884884,1974.064050593278,980.6392414625001,2132.418305158333,-213.15574532598828,158.35425456505527,265.53990604866135,True,True
reciprocal_contour_centroid,Unknown,3015,2677,491.30627144448835,1507.609445645867,632.1586102953049,1610.6545368805673,140.85233885081658,103.0450912347003,174.52126571656808,True,True
reciprocal_contour_centroid,Unknown,3034,2678,487.1614213777107,1552.250167251193,665.6316403041668,1720.7526098916667,178.47021892645608,168.50244264047365,245.4479419743895,True,True
reciprocal_contour_centroid,Unknown,3012,2679,349.96736882530666,1570.379349915415,755.123931333077,1605.426062581768,405.1565625077704,35.04671266635296,406.6695368623408,True,True
reciprocal_contour_centroid,Unknown,3001,2681,474.76605390476146,1824.5170743344183,491.1790080141288,1759.5621077820736,16.41295410936732,-64.95496655234479,66.99651291233319,True,True
reciprocal_contour_centroid,Unknown,3056,2686,297.78571920258617,1815.9759103641939,330.12109334194895,1896.1255466357213,32.335374139362784,80.14963627152747,86.42650412454923,True,True
reciprocal_contour_centroid,NK,3448,2687,7470.101179074278,2509.334093691132,7429.54485595,2598.4549411916664,-40.5563231242777,89.12084750053464,97.91496721428432,True,True
reciprocal_contour_centroid,NK,3471,2693,7151.23785606661,2891.6728898225265,7117.8915023476375,3144.0198662537928,-33.34635371897275,252.34697643126628,254.54071544716163,True,True
reciprocal_contour_centroid,NK,3416,2695,5422.619759055678,1646.2553565856808,5408.2460812465415,1803.5345248877766,-14.373677809136097,157.27916830209574,157.93460480705238,True,True
reciprocal_contour_centroid,NK,3412,2697,5326.623562531741,1565.81324762403,5517.623720612501,1744.0544416555554,191.00015808075932,178.2411940315253,261.24889212522777,True,True
reciprocal_contour_centroid,NK,3409,2698,5311.703648837863,1563.261201640256,5338.244392141667,1643.0798371958338,26.540743303804447,79.81863555557766,84.11554931802185,True,True
reciprocal_contour_centroid,NK,3399,2702,5097.5462074600255,1551.7680894369128,5221.331848724149,1513.2245231687252,123.78564126412311,-38.54356626818753,129.64756644010077,True,True
reciprocal_contour_centroid,NK,3421,2703,5343.69847664369,1744.0449994603423,5486.99798161935,1946.0036506304698,143.29950497566006,201.9586511701275,247.63288333483996,True,True
reciprocal_contour_centroid,NK,3442,2704,5730.499261169852,2262.4584564356564,5543.637861821148,2523.6161751030295,-186.86139934870334,261.15771866737305,321.12386486541664,True,True
reciprocal_contour_centroid,NK,3410,2705,5209.560789894661,1733.538232208979,5140.59588892169,1682.036646425428,-68.96490097297101,-51.501585783551036,86.07305562388362,True,True
reciprocal_contour_centroid,NK,3436,2707,5527.808607419653,2123.0368413278825,5495.748192739723,2213.9747163980555,-32.060414679929636,90.93787507017305,96.42389388386806,True,True
reciprocal_contour_centroid,NK,3432,2711,5488.7508362175595,2154.755535446484,5390.745659025,2147.9528596833334,-98.00517719255913,-6.802675763150546,98.24098510338477,True,True
reciprocal_contour_centroid,NK,3435,2713,5528.664803911299,2330.5109990703754,5625.728308930562,2237.298004804483,97.06350501926318,-93.21299426589258,134.57334916928332,True,True
reciprocal_contour_centroid,NK,3481,2717,6528.745916870334,3453.9361071066014,6572.0241636875,3670.339204266667,43.27824681716538,216.4030971600655,220.6882577484272,True,True
reciprocal_contour_centroid,NK,3429,2720,5281.175081127045,2111.9721227334144,5364.4950255125,2078.047364179167,83.31994438545553,-33.924758554247546,89.9616717016719,True,True
reciprocal_contour_centroid,NK,3440,2725,5470.748357072202,2441.164116108885,5390.745659025,2392.6220935937504,-80.0026980472021,-48.542022515134704,93.57755951450989,True,True
reciprocal_contour_centroid,NK,3450,2727,5622.632595749128,2617.7381865654843,5565.749881875,2664.476798052778,-56.88271387412806,46.73861148729384,73.62160648509455,True,True
reciprocal_contour_centroid,NK,3408,2728,4418.31239120754,1547.8346173455989,4380.096271662499,1632.7234675318177,-38.21611954504078,84.88885018621886,93.09451476332619,True,True
reciprocal_contour_centroid,NK,3457,2734,5401.252434341138,2597.9821825970444,5201.724894106516,2871.9637879721904,-199.52754023462148,273.98160537514605,338.93533217417854,True,True
reciprocal_contour_centroid,NK,3454,2736,5471.822514101748,2744.6810914723555,5277.543241811776,2749.5016161381577,-194.27927228997214,4.820524665802168,194.33906735284788,True,True
reciprocal_contour_centroid,NK,3455,2739,5375.961187851654,2672.4030740022863,5218.153353217979,2764.903709877634,-157.80783463367516,92.5006358753476,182.91987401349533,True,True
reciprocal_contour_centroid,NK,3485,2744,6129.93046148145,3611.0576102385344,6130.531138565589,3792.4746603679437,0.6006770841386242,181.4170501294093,181.4180445562569,True,True
reciprocal_contour_centroid,NK,3469,2745,5601.020687113586,3113.2515241863084,5487.880254268143,3178.694155408309,-113.14043284544277,65.44263122200073,130.70384663701728,True,True
reciprocal_contour_centroid,NK,3459,2747,5370.416873731774,2789.5586388130387,5478.247770449999,2885.844200116666,107.83089671822472,96.28556130362722,144.56282925638595,True,True
reciprocal_contour_centroid,NK,3465,2749,5487.814711367316,3039.189674324789,5430.3431334202,3033.4224682592826,-57.4715779471162,-5.767206065506343,57.76021933418767,True,True
reciprocal_contour_centroid,NK,3468,2750,5253.563248271943,2736.6935013647717,5344.223703083237,3098.0203242013254,90.66045481129368,361.3268228365537,372.52703387505835,True,True
reciprocal_contour_centroid,NK,3458,2751,5418.569792652893,2948.0065729947764,5559.116083603302,2894.3534733883102,140.54629095040946,-53.653099606466185,150.4390740376267,True,True
reciprocal_contour_centroid,NK,3477,2755,5845.167701671359,3494.8801290727974,5713.963334830434,3458.848710250752,-131.2043668409251,-36.03141882204545,136.06193082731738,True,True
reciprocal_contour_centroid,NK,3470,2756,5686.116375873316,3322.1428873061113,5747.640845054827,3129.7223225149496,61.52446918151054,-192.42056479116172,202.01716279221503,True,True
reciprocal_contour_centroid,NK,3486,2757,6012.135160080755,3658.6075032523313,6160.7642398624985,3802.382917870833,148.6290797817437,143.7754146185016,206.78968350836553,True,True
reciprocal_contour_centroid,NK,3478,2759,5891.11611951306,3571.6538411351953,5583.298916469762,3509.081897927153,-307.8172030432979,-62.571943208042285,314.1125253252875,True,True
reciprocal_contour_centroid,NK,3488,2766,6055.562114233022,3881.279027180019,6012.010650327147,3929.2758443682633,-43.5514639058747,47.99681718824422,64.81068174727406,True,True
reciprocal_contour_centroid,NK,3423,2768,4283.97373051092,2026.6393305499248,4235.7177876625,1984.8400370291668,-48.25594284842009,-41.799293520758056,63.84212527026706,True,True
reciprocal_contour_centroid,NK,3482,2769,5920.209899606161,3777.845997360564,6066.3753881266375,3718.597010183377,146.16548852047617,-59.248987177187246,157.71744518585112,True,True
reciprocal_contour_centroid,NK,3388,2773,3121.645456890078,1238.6164766170389,3156.861626384936,1293.5523600209935,35.216169494857695,54.935883403954676,65.25434758898022,True,True
reciprocal_contour_centroid,NK,3411,2776,3505.7124045184128,1601.2165077994925,3470.07431248125,1697.450777991208,-35.63809203716255,96.2342701917155,102.62118866677277,True,True
reciprocal_contour_centroid,NK,3390,2783,3349.024979793467,1592.0806070374265,3299.0382086184136,1339.1324290823432,-49.98677117505349,-252.94817795508334,257.83998530736784,True,True
reciprocal_contour_centroid,NK,3406,2794,3043.5885899215045,1466.7434212764358,3111.3156554584634,1592.59253489105,67.72706553695889,125.84911361461423,142.91590115809927,True,True
reciprocal_contour_centroid,NK,3394,2797,3008.1905406286023,1501.3245917667864,3067.3689649476723,1389.3329926269914,59.17842431907002,-111.99159913979497,126.66571826179498,True,True
reciprocal_contour_centroid,NK,3497,2798,5745.774513080599,4083.9048356351323,5718.878576975,4151.910394981845,-26.895936105598594,68.00555934671229,73.13102953641258,True,True
reciprocal_contour_centroid,NK,3431,2799,3743.364219216489,2114.5354183299924,3845.6239151058257,2162.2628435032816,102.25969588933685,47.72742517328925,112.84924686080798,True,True
reciprocal_contour_centroid,NK,3501,2802,5882.807111646302,4313.436719848907,5944.746044135712,4239.986441152459,61.938932489410035,-73.45027869644855,96.08004370582717,True,True
reciprocal_contour_centroid,NK,3378,2805,1428.5163224193625,354.1593591785502,822.1488975077349,496.07381895937374,-606.3674249116276,141.91445978082356,622.7528947253809,True,True
reciprocal_contour_centroid,NK,3439,2808,3902.70291975443,2376.349263323447,3782.7901917534864,2342.134791331845,-119.91272800094339,-34.21447199160184,124.69840588512886,True,True
reciprocal_contour_centroid,NK,3438,2810,3901.380614921848,2391.721135434323,4051.9633537124996,2303.2984050041664,150.58273879065155,-88.42273043015666,174.62457008799691,True,True
reciprocal_contour_centroid,NK,3419,2812,3013.3442489903823,1752.8567510241965,3054.439283085319,1868.330878014727,41.095034094936636,115.47412699053052,122.56865762293872,True,True
reciprocal_contour_centroid,NK,3402,2815,2782.098257896695,1593.832584034988,3038.802331691889,1539.0127055649755,256.70407379519384,-54.819878470012554,262.49228670289585,True,True
reciprocal_contour_centroid,NK,3385,2817,1766.6745151281025,779.813782236972,1833.7848282340276,936.2576057180554,67.11031310592512,156.44382348108343,170.2306201320893,True,True
reciprocal_contour_centroid,NK,3509,2818,5523.720636722259,4215.601159544603,5545.716503722914,4498.371841510511,21.99586700065538,282.7706819659079,283.62488738574257,True,True
reciprocal_contour_centroid,NK,3499,2824,5502.597328699628,4295.859100716511,5547.690830298971,4258.295763796301,45.093501599343654,-37.56333692021053,58.689250864798574,True,True
reciprocal_contour_centroid,NK,3496,2826,5224.154117086678,4041.743514871852,5266.718044915643,4142.789728470719,42.56392782896546,101.04621359886687,109.64499639699574,True,True
reciprocal_contour_centroid,NK,3380,2828,1387.5821801187546,601.6767915577948,1260.64599815,578.9628513833334,-126.93618196875468,-22.713940174461413,128.9523841231864,True,True
reciprocal_contour_centroid,NK,3386,2830,1993.923677085595,1142.8141323643827,1775.8699205673956,1156.9385060905427,-218.0537565181994,14.124373726160002,218.5107289467829,True,True
reciprocal_contour_centroid,NK,3503,2834,5012.227174510622,4022.3073932191605,5020.438758169607,4286.046456438055,8.211583658985546,263.7390632188949,263.86686713903424,True,True
reciprocal_contour_centroid,NK,3507,2835,5445.974443997816,4468.349236062415,5516.183137002135,4349.486563678641,70.20869300431877,-118.86267238377422,138.04925012323363,True,True
reciprocal_contour_centroid,NK,3502,2838,5118.121663936803,4156.812831770423,5395.120764575001,4260.652276618055,276.9991006381979,103.83944484763197,295.82280517335863,True,True
reciprocal_contour_centroid,NK,3504,2839,5290.827406003567,4308.940616948416,5250.742280574999,4276.186831308334,-40.08512542856806,-32.75378564008224,51.76512102159611,True,True
reciprocal_contour_centroid,NK,3381,2873,560.7506229547404,810.219811063083,453.6120467530386,691.0946888548684,-107.13857620170177,-119.12512220821452,160.2169443337686,True,True
reciprocal_contour_centroid,NK,3398,2878,797.911614721928,1078.4934428359659,884.3869189375,1495.5015690666667,86.47530421557201,417.0081262307008,425.8799779064705,True,True
reciprocal_contour_centroid,NK,3407,2891,514.4072192646618,1508.482727893636,683.1320625750001,1631.4289212859846,168.72484331033831,122.94619339234873,208.76742854134844,True,True
reciprocal_contour_centroid,NK,3405,2895,652.8691274297498,1742.73594534429,665.6316403041666,1580.9416190249997,12.762512874416757,-161.79432631929035,162.29690620582593,True,True
reciprocal_contour_centroid,NK,3420,2896,376.2206615222182,1558.4178711610937,483.40502086515244,1887.3792008305593,107.18435934293421,328.9613296694656,345.9827211085231,True,True
reciprocal_contour_centroid,NK,3413,2899,522.8696247252698,1732.6764319235035,446.8763616,1751.8217189416666,-75.99326312526978,19.145287018163117,78.36783814444757,True,True
reciprocal_contour_centroid,low_quality,3546,2914,7042.966413467274,2018.3288001777405,7009.384344410219,2060.394690303815,-33.58206905705538,42.065890126074464,53.82652203376887,True,True
reciprocal_contour_centroid,low_quality,3556,2915,7447.052326260721,2386.6919961638414,7515.449919634844,2423.2027696037608,68.39759337412306,36.510773439919376,77.53236328497285,True,True
reciprocal_contour_centroid,low_quality,3540,2920,6415.801407508337,1908.3498809973394,6513.768111645045,1961.3100298213894,97.96670413670745,52.960148824050066,111.36540074401341,True,True
reciprocal_contour_centroid,low_quality,3590,2921,7474.806252614808,2996.23399541264,7403.375242970409,3109.5680148521856,-71.43100964439873,113.3340194395455,133.96637302376092,True,True
reciprocal_contour_centroid,low_quality,3597,2925,7081.815925711971,2971.7158179216804,7162.928573934888,3156.7574163741647,81.1126482229165,185.04159845248432,202.03874593647885,True,True
reciprocal_contour_centroid,low_quality,3534,2926,5788.617123334214,1683.9211156864458,5720.8820638073275,1684.4738949100142,-67.73505952688629,0.5527792235684501,67.73731507803389,True,True
reciprocal_contour_centroid,low_quality,3536,2927,5838.501391632741,1795.9922261478364,5841.276530450275,1732.1031910425622,2.7751388175338434,-63.88903510527416,63.94927835511154,True,True
reciprocal_contour_centroid,low_quality,3611,2929,7246.114761055324,3837.252693659602,7070.786198937501,3732.4774224374996,-175.32856211782382,-104.77527122210222,204.2497543547328,True,True
reciprocal_contour_centroid,low_quality,3529,2931,3998.3357926298204,849.047205487641,3885.7093419625,1347.9233010083333,-112.62645066732057,498.8760955206923,511.43139918457223,True,True
reciprocal_contour_centroid,low_quality,3554,2932,5560.427585958591,2263.9255729280935,5460.747348179166,2202.3238005208327,-99.68023777942562,-61.601772407260796,117.17904320943566,True,True
reciprocal_contour_centroid,low_quality,3525,2933,4319.165046604734,1193.0938645056765,4200.716943153159,1254.7159737110712,-118.44810345157475,61.622109205394736,133.51867867154974,True,True
reciprocal_contour_centroid,low_quality,3605,2936,6517.68001331233,3662.7749802133235,6428.860986886167,3401.2893499671036,-88.81902642616296,-261.4856302462199,276.1585672771248,True,True
reciprocal_contour_centroid,low_quality,3522,2937,3929.582916460641,1158.4504361425095,3968.6614344368336,1203.601562654239,39.078517976192416,45.151126511729444,59.713941357892224,True,True
reciprocal_contour_centroid,low_quality,3582,2938,5778.815823792977,2847.80291228525,5588.104587959023,2980.8084115419138,-190.71123583395456,133.00549925666382,232.51072729194374,True,True
reciprocal_contour_centroid,low_quality,3604,2942,5773.269834780432,3304.524599346291,5781.768077606279,3406.9178117610095,8.498242825847228,102.39321241471862,102.74526791893022,True,True
reciprocal_contour_centroid,low_quality,3552,2947,3939.113430766957,1936.1048300010282,3831.234988213369,2195.318021019095,-107.87844255358823,259.2131910180667,280.765447955329,True,True
reciprocal_contour_centroid,low_quality,3516,2948,1891.8071691214884,369.46585505521904,2010.290312824947,646.3173292105666,118.48314370345861,276.8514741553476,301.13949273358935,True,True
reciprocal_contour_centroid,low_quality,3528,2949,2893.5383405894,1205.372203337405,2957.879935523855,1368.0228342743712,64.34159493445486,162.6506309369663,174.91446075983166,True,True
reciprocal_contour_centroid,low_quality,3544,2950,3402.8592184689905,1665.3709191400703,3357.925773022722,1971.7651202363127,-44.933445446268706,306.39420109624234,309.6714726691456,True,True
reciprocal_contour_centroid,low_quality,3526,2952,2189.4928018954947,854.8532164565407,2036.0605426113793,1302.536510841329,-153.4322592841154,447.68329438478816,473.2460145212476,True,True
reciprocal_contour_centroid,low_quality,3620,2953,5733.994801260019,4419.455324664802,5492.021250979071,4612.337330820608,-241.97355028094807,192.88200615580627,309.4425105480095,True,True
reciprocal_contour_centroid,low_quality,3599,2955,4495.6472441030055,3314.674683285584,4314.469688076041,3167.3155334940484,-181.17755602696434,-147.3591497915354,233.53806078493494,True,True
reciprocal_contour_centroid,low_quality,3537,2956,2633.97634704399,2157.577049165976,2762.8851166403247,1864.7867924127804,128.90876959633488,-292.79025675319554,319.91187119024374,True,True
reciprocal_contour_centroid,low_quality,3515,2958,935.9868037390243,862.0683318831423,378.0486289169524,665.0582317301212,-557.9381748220719,-197.01010015302109,591.6992365096378,True,True
reciprocal_contour_centroid,low_quality,3615,2959,4081.14144047877,3703.5794085386897,4141.861356299596,3869.2739699558065,60.71991582082592,165.6945614171168,176.469815720703,True,True
reciprocal_contour_centroid,low_quality,3564,2962,2153.127892140068,2393.886515811458,1848.7736158289888,2677.781856372015,-304.3542763110793,283.8953405605571,416.2067874276385,True,True
reciprocal_contour_centroid,low_quality,3524,2963,801.96046614797,1218.4514215678648,656.8814290624999,1223.6468646666667,-145.07903708547008,5.1954430988018885,145.17203460253663,True,True
reciprocal_contour_centroid,low_quality,3587,2966,2301.1466315605016,3174.070761719615,2266.920279945401,3052.840661417262,-34.22635161510061,-121.2301003023531,125.9689658773108,True,True
reciprocal_contour_centroid,low_quality,3530,2967,362.2635742598792,1681.2858129909139,190.344633760365,1407.5977053300758,-171.91894049951418,-273.6881076608381,323.2047375541485,True,True
