role,node_id,feature_index,source_label,status,envelope_only,exclude_reason,centroid_x,centroid_y,area,perimeter,compactness,aspect_ratio,orientation_degrees,area_fraction,bbox_fraction_x,bbox_fraction_y,knn_distances,knn_angle_gaps,knn_log_area_ratios,top3_candidates
fixed,fixed_00000,0,Structure 1,no_counterpart,False,,925.4240374138626,2077.805094202429,5801662.853031601,16520.025540714865,0.2671412308193017,2.217313795607046,100.94226849904548,0.005846832096931677,0.06000000000169525,0.18285714286956997,"[1.061459, 1.009561, 0.992366, 0.978416, 1.007634, 0.756984]","[0.023369, 0.012466, 0.019322, 0.048188, 0.415355, 0.481301]","[-8.989818, -8.989818, -8.989818, -8.989818, -7.891206, -5.945296]","moving_00072: score=0.269, d=825.4, reason=ERR_DIST;ERR_AREA | moving_00079: score=0.216, d=1165.9, reason=ERR_DIST;ERR_AREA | moving_00388: score=0.191, d=910.7, reason=ERR_DIST;ERR_AREA"
fixed,fixed_00001,1,Structure 1,matched_review,False,,1445.4070496666668,30.539272666666665,723.3091646793703,107.69743729662433,0.7836517241720186,1.069027907933756,-43.08917933270079,7.289405377705333e-07,0.0011111110970153076,0.0014285714359500142,"[1.571429, 1.071429, 0.928571, 0.5, 0.214286, 1.769524]","[0.0, 0.0, 0.0, 0.0, 0.427702, 0.572298]","[-0.0, 0.0, 0.0, 0.0, 0.0, 6.124683]","moving_00360: score=0.619, d=197.7, reason=OK | moving_00162: score=0.524, d=1141.3, reason=ERR_DIST | moving_00361: score=0.497, d=315.6, reason=OK"
fixed,fixed_00002,2,Structure 1,matched_review,False,,1563.382804,30.539272666666673,723.3091830723636,107.69743875720675,0.7836517228438391,1.0690279351180143,-43.089179332707275,7.289405563067266e-07,0.0011111111252696973,0.0014285714359500142,"[0.363636, 0.909091, 1.090909, 1.727273, 2.363937, 0.272727]","[0.0, 0.0, 0.0, 0.123798, 0.376202, 0.5]","[0.0, 0.0, 0.0, -0.0, 7.406711, -0.0]","moving_00360: score=0.697, d=79.7, reason=OK | moving_00361: score=0.552, d=197.7, reason=ERR_NOT_MUTUAL | moving_00163: score=0.530, d=1102.0, reason=ERR_DIST"
fixed,fixed_00003,3,Structure 1,no_counterpart,False,,5036.5740826632045,149.39527470802457,57141.42444125419,1272.0160213444594,0.44378821347677844,1.2026564175023051,-136.9108213090814,5.75863029188162e-05,0.010000000014409738,0.011428571448765454,"[1.141398, 0.858602, 0.661785, 0.258897, 1.252548, 1.663942]","[0.012009, 0.014802, 0.222917, 0.182444, 0.008063, 0.559765]","[-4.369448, -3.270836, -4.369448, -4.369448, -4.369448, -4.369448]","moving_00010: score=0.402, d=122.6, reason=ERR_AREA | moving_00009: score=0.378, d=206.6, reason=ERR_AREA | moving_00011: score=0.362, d=135.8, reason=ERR_AREA"
fixed,fixed_00004,4,Structure 1,matched_anchor,False,,5063.330187333333,30.53927266666667,723.3091646793744,107.69743729662466,0.7836517241720183,1.0690279079337621,-136.91082066886239,7.289405377705374e-07,0.001111111097015314,0.0014285714359500142,"[0.252899, 0.653061, 1.142857, 0.857143, 1.142857, 1.55102]","[0.21476, 0.0, 0.0, 0.5, 0.0, 0.28524]","[4.369448, -0.0, 0.0, 1.098612, -0.0, 0.0]","moving_00011: score=0.808, d=39.8, reason=OK | moving_00012: score=0.647, d=118.5, reason=OK | moving_00009: score=0.637, d=196.1, reason=OK"
fixed,fixed_00005,5,Structure 1,matched_review,False,,201.50112976404674,324.9329060723178,62927.89783226115,1051.5426219243568,0.7151535962891311,1.0690279287910711,104.96298982201819,6.341782729512526e-05,0.008888888889140039,0.011428571409930791,"[1.396558, 1.810959, 1.103116, 0.896884, 0.666048, 0.612406]","[0.24974, 0.038768, 0.025951, 0.066065, 0.06441, 0.555066]","[1.658775, -4.465908, -4.465908, -4.465908, -4.465908, -4.465908]","moving_00159: score=0.555, d=214.8, reason=OK | moving_00064: score=0.478, d=107.4, reason=ERR_AREA | moving_00375: score=0.357, d=225.3, reason=ERR_AREA"
fixed,fixed_00006,6,Structure 1,no_counterpart,False,,7898.130608086937,10329.889339881278,157125174.33020237,179132.87506395468,0.061532568506918635,1.3115912354854988,122.81434761128995,0.15834848314733818,0.5222222222087228,0.941428571397892,"[0.59795, 1.109358, 1.076843, 1.089747, 0.923157, 0.563379]","[0.298342, 0.271602, 0.100915, 0.002491, 0.137555, 0.189096]","[-5.396075, -5.556506, -6.361791, -4.883221, -8.854729, -6.64327]","moving_00507: score=0.295, d=434.0, reason=ERR_AREA | moving_00105: score=0.287, d=582.4, reason=ERR_AREA | moving_00244: score=0.249, d=2152.7, reason=ERR_DIST;ERR_AREA"
fixed,fixed_00007,7,Structure 1,no_counterpart,False,,30328.11382333391,422.1741388141838,159851.32668604446,1950.86276092755,0.5278039930769978,1.2115649852225832,39.743274818067476,0.0001610958601492497,0.018888888903549807,0.02142857142274623,"[1.126663, 1.087323, 0.661427, 0.912677, 1.108679, 0.519415]","[0.001035, 0.422013, 0.013665, 0.006265, 0.028038, 0.528984]","[-5.398163, -5.398163, -5.398163, -5.398163, -5.398163, -0.156416]","moving_00065: score=0.448, d=429.4, reason=OK | moving_00063: score=0.310, d=346.9, reason=ERR_AREA | moving_00204: score=0.288, d=824.4, reason=ERR_DIST;ERR_AREA"
fixed,fixed_00008,8,Structure 1,no_counterpart,False,,31349.607920315448,417.65181348072684,136705.4332352396,1516.7003792276607,0.746785795780805,1.1905463278236328,57.32320741257464,0.0001377697627581179,0.01222222223669482,0.020000000025630876,"[2.09395, 0.924542, 0.402523, 0.747994, 1.075458, 1.21095]","[0.299932, 0.332625, 0.090493, 0.024772, 0.006097, 0.24608]","[1.840802, 0.156416, -5.241747, -5.241747, -5.241747, -5.241747]","moving_00065: score=0.422, d=645.2, reason=OK | moving_00204: score=0.306, d=486.9, reason=ERR_AREA | moving_00208: score=0.268, d=2137.9, reason=ERR_DIST;ERR_AREA"
fixed,fixed_00009,9,Structure 1,matched_review,False,,29.69799566666667,324.82719933333334,723.3091646793699,107.6974372966243,0.7836517241720187,1.0690279079337577,-136.91082066737766,7.28940537770533e-07,0.0011111110970153082,0.0014285714359500126,"[0.77839, 2.521198, 0.833333, 0.333333, 1.166667, 2.166667]","[0.038371, 0.211531, 0.0, 0.0, 0.0, 0.750098]","[4.465908, 6.124683, 0.0, -0.0, -0.0, 0.0]","moving_00375: score=0.600, d=147.4, reason=ERR_NOT_MUTUAL | moving_00376: score=0.538, d=221.0, reason=OK | moving_00156: score=0.536, d=333.9, reason=OK"
fixed,fixed_00010,10,Structure 1,matched_review,False,,29.69799566666667,398.39918100000006,723.3091450167444,107.69743593035258,0.7836517227521572,1.0690279369944926,43.08917923227476,7.289405179548228e-07,0.0011111110970153082,0.0014285713971153532,"[0.595272, 0.99212, 2.777935, 2.182663, 0.396848, 1.00788]","[0.0, 0.0, 0.0, 0.5, 0.185688, 0.314312]","[0.0, 0.0, 0.0, 0.0, 0.0, 4.465908]","moving_00375: score=0.692, d=73.9, reason=OK | moving_00376: score=0.621, d=147.4, reason=OK | moving_00157: score=0.541, d=459.8, reason=OK"
fixed,fixed_00011,11,Structure 1,no_counterpart,False,,34255.01492844871,722.8761438804651,271240.9387430287,2390.34621098928,0.5965453816318856,1.3362849109888395,-49.46219891780717,0.00027335270366769457,0.022222222222850103,0.022857142819861582,"[0.91802, 1.08198, 1.206151, 1.373641, 0.572886, 0.798025]","[0.082835, 0.023512, 0.02115, 0.586773, 0.154976, 0.130754]","[-5.926926, -5.926926, -5.926926, -5.926926, -5.926926, -5.926926]","moving_00368: score=0.315, d=483.8, reason=ERR_AREA | moving_00208: score=0.254, d=1059.8, reason=ERR_DIST;ERR_AREA | moving_00367: score=0.252, d=850.6, reason=ERR_DIST;ERR_AREA"
fixed,fixed_00012,12,Structure 1,matched_review,False,,29.697995666666667,803.0450796666667,723.3091646793721,107.69743729662446,0.7836517241720188,1.0690279079337544,-43.089179332625015,7.289405377705352e-07,0.0011111110970153082,0.0014285714359500172,"[0.315789, 0.631579, 0.842105, 1.157895, 1.368421, 1.453765]","[0.5, 0.0, 0.0, 0.0, 0.054903, 0.445097]","[0.0, -0.0, 0.0, -0.0, -0.0, 4.465908]","moving_00378: score=0.562, d=294.3, reason=ERR_NOT_MUTUAL | moving_00376: score=0.562, d=257.2, reason=ERR_NOT_MUTUAL | moving_00375: score=0.531, d=330.8, reason=OK"
fixed,fixed_00013,13,Structure 1,matched_review,False,,29.697995666666667,913.4030523333334,723.3091646793721,107.69743729662446,0.7836517241720188,1.0690279079337544,43.0891793326215,7.289405377705352e-07,0.0011111110970153082,0.0014285714359500172,"[1.12, 0.24, 0.88, 0.72, 1.12, 1.28]","[0.5, 0.0, 0.0, 0.0, 0.0, 0.5]","[-0.0, 0.0, 0.0, -0.0, -0.0, -0.0]","moving_00378: score=0.660, d=184.0, reason=OK | moving_00379: score=0.592, d=257.5, reason=OK | moving_00381: score=0.553, d=331.1, reason=OK"
fixed,fixed_00014,14,Structure 1,no_counterpart,False,,10227.39113002207,1232.8280724159192,3616.5458595479886,237.65739940551782,0.8046391501202335,1.0690279215258707,-136.9108207175632,3.644702725285261e-06,0.0022222222222849793,0.0028571428719000344,"[1.032458, 0.142388, 1.229383, 0.967542, 0.953013, 1.123916]","[0.165265, 0.221868, 0.064261, 0.09584, 0.054139, 0.398628]","[2.00148, 5.867601, -1.609438, -1.609438, -1.609438, -1.609438]","moving_00031: score=0.359, d=1735.0, reason=ERR_DIST | moving_00036: score=0.327, d=1211.2, reason=ERR_DIST | moving_00039: score=0.277, d=1496.4, reason=ERR_DIST;ERR_AREA"
fixed,fixed_00015,15,Structure 1,matched_anchor,False,,29.69799566666667,1428.406923666667,723.3091646793699,107.6974372966243,0.7836517241720187,1.0690279079337577,-43.08917933262439,7.28940537770533e-07,0.0011111110970153082,0.0014285714359500126,"[1.419355, 1.225806, 0.741935, 0.193548, 1.096774, 0.903226]","[0.0, 0.0, 0.0, 0.5, 0.0, 0.5]","[-0.0, -0.0, 1.098612, 1.609438, 0.0, 0.0]","moving_00384: score=0.827, d=1.3, reason=OK | moving_00386: score=0.693, d=147.0, reason=OK | moving_00379: score=0.615, d=257.5, reason=OK"
fixed,fixed_00016,16,Structure 1,no_counterpart,False,,29.697995533333337,1538.7648960000004,3616.545803734231,254.8413999303528,0.6997837761869785,2.8062877971204814,90.0,3.6447026690369614e-06,0.0011111110970153082,0.004285714269015383,"[0.969697, 1.151515, 0.515152, 1.212121, 1.030303, 0.181818]","[0.0, 0.0, 0.5, 0.0, 0.0, 0.5]","[-1.609438, -1.609438, -0.510826, -1.609438, -1.609438, -1.609438]","moving_00387: score=0.530, d=128.6, reason=OK | moving_00386: score=0.478, d=36.7, reason=ERR_AREA | moving_00384: score=0.457, d=110.4, reason=ERR_AREA"
fixed,fixed_00017,17,Structure 1,matched_anchor,False,,29.697995555555565,1851.445817777778,2169.927494038114,181.26941929662453,0.8298622317391782,1.8708585483662943,90.0,2.1868216133116034e-06,0.0011111110970153082,0.0028571428719000344,"[0.681818, 0.954545, 1.136364, 1.5, 0.772727, 1.045455]","[0.0, 0.0, 0.0, 0.5, 0.0, 0.5]","[-1.098612, -1.098612, -1.098612, -1.098612, 0.510826, -1.098612]","moving_00387: score=0.733, d=184.1, reason=OK | moving_00388: score=0.566, d=54.9, reason=ERR_NOT_MUTUAL | moving_00386: score=0.463, d=276.0, reason=OK"
fixed,fixed_00018,18,Structure 1,no_counterpart,False,,32073.32831760202,2615.0974541688106,861461.2215532893,4479.901781180892,0.539397105493483,1.0690279269747762,-70.38684865532109,0.0008681681869548492,0.03555555555656018,0.045714285717392486,"[0.991338, 0.889855, 1.012872, 0.994093, 1.005907, 1.016913]","[0.57755, 0.019939, 0.031095, 0.024023, 0.009363, 0.338031]","[-0.416865, -1.840802, -7.082549, -7.082549, -7.082549, -7.082549]","moving_00368: score=0.403, d=3237.0, reason=ERR_DIST | moving_00208: score=0.295, d=2929.0, reason=ERR_DIST;ERR_AREA | moving_00401: score=0.280, d=1895.5, reason=ERR_DIST"
fixed,fixed_00019,19,Structure 1,no_counterpart,False,,5417.257451000001,2053.7687673333335,723.3091830723587,107.69743875720638,0.7836517228438393,1.0690279351180092,-136.91082066895183,7.289405563067216e-07,0.001111111125269691,0.0014285714359500126,"[0.935228, 1.042803, 0.950421, 1.005185, 0.994815, 1.00868]","[0.291136, 0.01939, 0.003839, 0.042981, 0.015135, 0.627519]","[10.041204, -0.0, 4.369448, -0.0, -0.0, 0.0]","moving_00012: score=0.482, d=2036.4, reason=ERR_DIST | moving_00013: score=0.468, d=2023.1, reason=ERR_DIST | moving_00009: score=0.449, d=2096.2, reason=ERR_DIST"
fixed,fixed_00020,20,Structure 1,matched_anchor,False,,29.697995666666667,2127.3407489999995,723.3091450167512,107.69743593035304,0.783651722752158,1.0690279369944826,43.089179232272066,7.289405179548297e-07,0.0011111110970153082,0.0014285713971153664,"[0.363636, 0.606061, 1.090909, 1.939394, 1.393939, 0.909091]","[0.0, 0.0, 0.0, 0.0, 0.5, 0.5]","[0.0, -0.0, 0.0, 0.0, 1.098612, 1.098612]","moving_00073: score=0.736, d=73.2, reason=OK | moving_00388: score=0.614, d=221.0, reason=OK | moving_00074: score=0.595, d=183.5, reason=ERR_NOT_MUTUAL"
fixed,fixed_00021,21,Structure 1,matched_anchor,False,,29.697995666666667,2237.6987213333337,723.3091646793654,107.69743729662399,0.7836517241720182,1.0690279079337641,-136.91082066738616,7.289405377705284e-07,0.0011111110970153082,0.001428571435950004,"[0.275862, 0.827586, 1.793103, 1.172414, 1.448276, 0.413793]","[0.0, 0.0, 0.0, 0.5, 0.0, 0.5]","[-0.0, 0.0, 0.0, 1.098612, 1.098612, -0.0]","moving_00073: score=0.761, d=37.2, reason=OK | moving_00074: score=0.711, d=73.2, reason=OK | moving_00076: score=0.651, d=146.7, reason=OK"
fixed,fixed_00022,22,Structure 1,matched_anchor,False,,29.697995666666667,2311.2707030000006,723.3091450167421,107.69743593035243,0.783651722752157,1.069027936994496,-43.08917923227633,7.289405179548205e-07,0.0011111110970153082,0.0014285713971153489,"[0.695652, 1.913043, 1.130435, 2.173913, 0.869565, 0.347826]","[0.0, 0.0, 0.5, 0.0, 0.0, 0.5]","[0.0, 0.0, 1.098612, 1.098612, 0.0, 0.0]","moving_00074: score=0.795, d=1.4, reason=OK | moving_00076: score=0.701, d=73.1, reason=OK | moving_00073: score=0.648, d=110.7, reason=OK"
fixed,fixed_00023,23,Structure 1,matched_review,False,,29.69799566666667,2458.414666333333,723.3091646793744,107.69743729662461,0.783651724172019,1.069027907933751,-136.9108206673845,7.289405377705374e-07,0.0011111110970153082,0.0014285714359500215,"[1.076923, 2.0, 0.384615, 0.615385, 0.923077, 1.384615]","[0.0, 0.0, 0.5, 0.0, 0.0, 0.5]","[-0.0, -0.0, 1.098612, -0.0, -0.0, -0.0]","moving_00076: score=0.716, d=74.0, reason=OK | moving_00074: score=0.645, d=147.6, reason=OK | moving_00077: score=0.645, d=220.2, reason=OK"
fixed,fixed_00024,24,Structure 1,no_counterpart,False,,29.69799555555555,2550.3796432222216,2169.9274940381056,181.26941929662408,0.829862231739179,1.8708585483662885,90.0,2.1868216133115945e-06,0.0011111110970153082,0.0028571428719000253,"[0.6, 1.4, 1.533333, 1.133333, 0.866667, 0.333333]","[0.0, 0.5, 0.0, 0.0, 0.0, 0.5]","[-1.098612, -1.098612, -1.098612, -1.098612, -1.098612, -1.098612]","moving_00387: score=0.573, d=883.0, reason=ERR_DIST | moving_00077: score=0.467, d=128.2, reason=OK | moving_00076: score=0.443, d=166.0, reason=OK"
fixed,fixed_00025,25,Structure 1,matched_anchor,False,,29.697995666666667,2715.9166016666663,723.3091646793654,107.69743729662399,0.7836517241720182,1.0690279079337641,136.91082066736797,7.289405377705284e-07,0.0011111110970153082,0.001428571435950004,"[0.705882, 1.176471, 1.411765, 0.529412, 0.823529, 1.294118]","[0.0, 0.0, 0.5, 0.0, 0.0, 0.5]","[0.0, -0.0, 0.0, 1.098612, 0.0, -0.0]","moving_00077: score=0.811, d=37.4, reason=OK | moving_00078: score=0.763, d=36.2, reason=OK | moving_00388: score=0.642, d=809.6, reason=ERR_DIST"
fixed,fixed_00026,26,Structure 1,matched_anchor,False,,29.697995666666667,2936.6325466666663,723.3091646793654,107.69743729662399,0.7836517241720182,1.0690279079337641,136.91082066736823,7.289405377705284e-07,0.0011111110970153082,0.001428571435950004,"[0.571429, 0.857143, 1.142857, 1.428571, 1.5, 0.857143]","[0.0, 0.0, 0.0, 0.5, 0.0, 0.5]","[-0.0, 0.0, 0.0, 0.0, 1.098612, 0.0]","moving_00081: score=0.772, d=37.5, reason=OK | moving_00079: score=0.683, d=111.0, reason=OK | moving_00078: score=0.643, d=184.5, reason=OK"
fixed,fixed_00027,27,Structure 1,matched_review,False,,29.697995666666667,3083.77651,723.3091450167421,107.69743593035243,0.783651722752157,1.069027936994496,-43.08917923227629,7.289405179548205e-07,0.0011111110970153082,0.0014285713971153489,"[0.4, 0.8, 1.2, 1.8, 0.8, 2.0]","[0.0, 0.0, 0.0, 0.5, 0.0, 0.5]","[0.0, 0.0, 0.0, 0.0, 0.0, 0.0]","moving_00081: score=0.615, d=184.6, reason=OK | moving_00398: score=0.605, d=697.9, reason=ERR_NOT_MUTUAL | moving_00393: score=0.583, d=293.5, reason=ERR_NOT_MUTUAL"
fixed,fixed_00028,28,Structure 1,matched_review,False,,29.697995666666667,3157.3484916666666,723.3091646793654,107.69743729662399,0.7836517241720182,1.0690279079337641,136.91082066736843,7.289405377705284e-07,0.0011111110970153082,0.001428571435950004,"[0.4, 0.8, 2.2, 1.4, 1.2, 0.4]","[0.0, 0.0, 0.0, 0.5, 0.0, 0.5]","[0.0, 0.0, 0.0, 0.0, 0.0, -0.0]","moving_00393: score=0.605, d=219.9, reason=ERR_NOT_MUTUAL | moving_00398: score=0.572, d=624.4, reason=ERR_NOT_MUTUAL | moving_00078: score=0.571, d=405.2, reason=ERR_NOT_MUTUAL"
fixed,fixed_00029,29,Structure 1,matched_anchor,False,,29.69799566666667,3230.9204733333336,723.3091646793744,107.69743729662461,0.783651724172019,1.069027907933751,-136.91082066738417,7.289405377705374e-07,0.0011111110970153082,0.0014285714359500215,"[0.444444, 1.111111, 2.0, 0.444444, 0.888889, 1.777778]","[0.0, 0.0, 0.5, 0.0, 0.0, 0.5]","[0.0, -0.0, -0.0, -0.0, -0.0, -0.0]","moving_00393: score=0.748, d=146.3, reason=OK | moving_00402: score=0.602, d=808.2, reason=ERR_DIST | moving_00077: score=0.534, d=552.4, reason=OK"
fixed,fixed_00030,30,Structure 1,matched_anchor,False,,29.69799566666667,3304.4924546666666,723.3091646793744,107.69743729662461,0.783651724172019,1.069027907933751,136.9108206673683,7.289405377705374e-07,0.0011111110970153082,0.0014285714359500215,"[0.6, 1.4, 1.8, 0.4, 1.2, 0.8]","[0.0, 0.0, 0.5, 0.0, 0.0, 0.5]","[-0.0, -0.0, -0.0, 0.0, -0.0, -0.0]","moving_00393: score=0.823, d=72.8, reason=OK | moving_00402: score=0.592, d=734.6, reason=ERR_NOT_MUTUAL | moving_00398: score=0.544, d=477.2, reason=OK"
fixed,fixed_00031,31,Structure 1,no_counterpart,False,,18639.802029080907,3509.1778074707604,78840.69969368142,1107.9306024783575,0.8071146258321202,1.3362849064481002,46.91082071756261,7.945451936640778e-05,0.011111111111425051,0.011428571448765447,"[1.005899, 0.535177, 1.068199, 0.994101, 0.770376, 1.127926]","[0.052534, 0.009388, 0.026225, 0.738747, 0.014347, 0.158759]","[-0.096228, 0.473438, -0.056619, -0.180488, 1.723749, 1.846792]","moving_00062: score=0.462, d=3329.6, reason=ERR_DIST | moving_00185: score=0.281, d=3506.3, reason=ERR_DIST;ERR_AREA | moving_00406: score=0.273, d=3225.5, reason=ERR_DIST;ERR_AREA"
fixed,fixed_00032,32,Structure 1,matched_anchor,False,,29.697995666666667,3414.8504273333338,723.3091646793654,107.697437296624,0.783651724172018,1.0690279079337641,-136.9108206673855,7.289405377705284e-07,0.0011111110970153082,0.001428571435950004,"[0.727273, 1.090909, 0.545455, 0.909091, 1.272727, 1.636364]","[0.0, 0.5, 0.0, 0.0, 0.0, 0.5]","[0.0, 0.0, 0.0, 0.0, 0.0, -0.0]","moving_00393: score=0.801, d=37.6, reason=OK | moving_00398: score=0.650, d=366.9, reason=OK | moving_00404: score=0.588, d=697.8, reason=ERR_NOT_MUTUAL"
fixed,fixed_00033,33,Structure 1,no_counterpart,False,,19659.758691524985,4431.632730493688,126579.10481334773,1492.7319642478983,0.7138520627973326,1.0690279263693434,141.27748309939,0.0001275645951120437,0.013333333333710081,0.017142857153730876,"[0.988483, 0.999726, 0.910171, 1.000274, 1.623149, 2.104574]","[0.1245, 0.056041, 0.425178, 0.170135, 0.042264, 0.181882]","[-0.569666, -0.530057, -0.653926, -0.473438, 1.250311, 1.373354]","moving_00418: score=0.330, d=1967.1, reason=ERR_DIST | moving_00406: score=0.300, d=1996.1, reason=ERR_DIST;ERR_AREA | moving_00430: score=0.260, d=3190.2, reason=ERR_DIST;ERR_AREA"
fixed,fixed_00034,34,Structure 1,no_counterpart,False,,21015.347020917874,4528.02918955288,71607.60773515062,1068.726623498598,0.7878359099077914,1.0523579137186203,118.12512618709404,7.21651136745383e-05,0.00888888888914002,0.012857142845880796,"[1.100256, 0.667226, 0.899744, 0.870059, 1.654837, 1.547924]","[0.229697, 0.040494, 0.149439, 0.053185, 0.12909, 0.398096]","[-1.650681, 0.039609, -0.08426, 0.569666, 0.096228, 1.819977]","moving_00102: score=0.371, d=3887.3, reason=ERR_DIST | moving_00448: score=0.335, d=4583.5, reason=ERR_DIST | moving_00406: score=0.323, d=645.6, reason=ERR_AREA"
fixed,fixed_00035,35,Structure 1,no_counterpart,False,,20563.52442169532,5467.187283415651,74500.84453498964,1166.2670196515041,0.6882957227871005,1.6035930167152461,-118.12512604604836,7.508087596784067e-05,0.0077777777638703555,0.01714285715373084,"[0.29111, 1.680077, 0.841273, 1.976952, 0.637895, 1.158727]","[0.171569, 0.009393, 0.095059, 0.090509, 0.17837, 0.4551]","[-0.123869, 0.056619, 0.530057, 1.780368, -0.039609, -1.69029]","moving_00102: score=0.334, d=3292.3, reason=ERR_DIST | moving_00448: score=0.306, d=3749.5, reason=ERR_DIST | moving_00418: score=0.269, d=2199.0, reason=ERR_DIST;ERR_AREA"
fixed,fixed_00036,36,Structure 1,no_counterpart,False,,22456.647454542363,5464.055994239092,13742.874234822264,453.0522740930819,0.8413773310893824,1.0690279287910782,-136.9108207676985,1.3849870324378964e-05,0.004444444444570062,0.005714285704965414,"[1.107497, 1.023251, 1.03607, 0.976749, 0.785629, 0.713191]","[0.027818, 0.03233, 0.422338, 0.008958, 0.091933, 0.416623]","[6.132256, 2.64281, -2.944439, 1.566421, 1.69029, 1.650681]","moving_00448: score=0.344, d=3718.2, reason=ERR_DIST | moving_00406: score=0.298, d=1120.6, reason=ERR_DIST;ERR_AREA | moving_00102: score=0.296, d=2645.5, reason=ERR_DIST"
fixed,fixed_00037,37,Structure 1,no_counterpart,False,,20106.93145608994,5600.349260390987,65821.13452712963,1017.4171664862649,0.7990557953670643,1.069027925158476,160.38684850707975,6.633358948263986e-05,0.00888888888914002,0.011428571448765464,"[1.359122, 0.665778, 1.777303, 0.747732, 0.253051, 1.252268]","[0.039208, 0.06145, 0.10857, 0.092976, 0.035942, 0.661852]","[0.180488, 0.653926, 1.904237, 0.08426, 0.123869, -1.566421]","moving_00102: score=0.352, d=3486.6, reason=ERR_DIST | moving_00448: score=0.293, d=3774.9, reason=ERR_DIST | moving_00418: score=0.269, d=1724.5, reason=ERR_DIST;ERR_AREA"
fixed,fixed_00038,38,Structure 1,no_counterpart,False,,2185.8414624413795,6910.171893729926,2678413.85701256,10049.086821566261,0.3332992606918155,1.2105555102227668,-100.48255127995093,0.002699266831726443,0.056666666654140545,0.09428571430668499,"[0.805746, 0.880905, 1.121011, 1.119095, 1.12175, 0.20976]","[0.270885, 0.055974, 0.016273, 0.006766, 0.431593, 0.218508]","[-5.508848, -0.104071, -8.216899, -8.216899, -7.118286, -4.410236]","moving_00229: score=0.280, d=1059.0, reason=ERR_DIST;ERR_AREA | moving_00424: score=0.241, d=2234.5, reason=ERR_DIST;ERR_AREA | moving_00096: score=0.238, d=2094.8, reason=ERR_DIST;ERR_AREA"
fixed,fixed_00039,39,Structure 1,no_counterpart,False,,24725.955937000002,6504.873655333334,723.3091830723374,107.69743875720474,0.7836517228438402,1.0690279351179912,-136.91082067071673,7.289405563067002e-07,0.0011111111252696652,0.001428571435950004,"[1.551958, 0.903214, 1.521033, 1.096786, 0.182366, 0.356303]","[0.029556, 0.009467, 0.154829, 0.059831, 0.023254, 0.723063]","[4.634729, 2.944439, 4.59512, 6.228511, 5.587249, 9.076695]","moving_00227: score=0.254, d=2233.0, reason=ERR_DIST;ERR_AREA | moving_00099: score=0.241, d=3048.7, reason=ERR_DIST;ERR_AREA | moving_00431: score=0.225, d=2550.2, reason=ERR_DIST;ERR_AREA"
fixed,fixed_00040,40,Structure 1,no_counterpart,False,,9568.502883978888,7893.347034137938,22422.584254418078,571.1493030661649,0.8637662408448481,1.1692865715048155,90.0,2.2597156821406966e-05,0.004444444444570062,0.007142857140915417,"[1.351859, 0.864684, 1.135316, 0.805229, 1.438393, 0.205783]","[0.094735, 0.10431, 0.233999, 0.109453, 0.140298, 0.317204]","[-0.600774, 2.21146, 8.854729, 2.492939, 2.438131, 3.971508]","moving_00093: score=0.447, d=2714.8, reason=ERR_DIST | moving_00086: score=0.409, d=3350.3, reason=ERR_DIST | moving_00105: score=0.361, d=2424.7, reason=ERR_DIST"
fixed,fixed_00041,41,Structure 1,no_counterpart,False,,2998.7544838666677,8233.815223066667,10849.637539953688,401.7428159841845,0.8447512730472623,1.4253705749503869,-136.91082066754456,1.093410813686428e-05,0.00444444444457001,0.004285714269015409,"[0.994731, 1.222141, 1.220388, 1.005269, 0.638171, 0.62704]","[0.101043, 0.004919, 0.0465, 0.120772, 0.041825, 0.684941]","[3.732896, -2.70805, -1.609438, 5.404777, 5.508848, 1.098612]","moving_00100: score=0.372, d=2931.3, reason=ERR_DIST | moving_00228: score=0.336, d=1769.5, reason=ERR_DIST | moving_00503: score=0.315, d=1178.6, reason=ERR_DIST"
fixed,fixed_00042,42,Structure 1,no_counterpart,False,,1141.8280246858694,9787.563754503975,453514.84971710294,2727.734992625268,0.7659440130723073,1.7461346129842852,90.0,0.0004570457206722247,0.016666666681264767,0.040000000012427095,"[1.036915, 0.992473, 0.989443, 1.007527, 1.031778, 0.914802]","[0.032602, 0.028866, 0.020625, 0.014814, 0.002558, 0.900535]","[-6.440947, -5.342334, -4.831509, -6.440947, -6.440947, -1.678773]","moving_00103: score=0.243, d=1409.2, reason=ERR_DIST;ERR_AREA | moving_00459: score=0.240, d=1325.6, reason=ERR_DIST;ERR_AREA | moving_00458: score=0.237, d=1204.6, reason=ERR_DIST;ERR_AREA"
fixed,fixed_00043,43,Structure 1,no_counterpart,False,,9690.925683737387,10139.949146243136,204696.49503409606,1906.822809260227,0.7074562600530194,1.7773155881787555,-97.6112585305321,0.00020629017363002727,0.011111111111425051,0.02714285712771163,"[0.960586, 1.548616, 0.961269, 0.832315, 1.038731, 1.255788]","[0.208335, 0.06948, 0.162462, 0.258135, 0.016493, 0.285095]","[-2.812234, -5.645447, 1.247195, 6.64327, -2.21146, 1.760049]","moving_00513: score=0.416, d=2384.2, reason=ERR_DIST | moving_00501: score=0.404, d=2096.9, reason=ERR_DIST | moving_00512: score=0.401, d=1911.3, reason=ERR_DIST"
fixed,fixed_00044,44,Structure 1,no_counterpart,False,,11696.382044522625,10694.329167338135,12296.255898171396,424.0053403852795,0.8594885659978896,1.425370562034512,136.91082071259873,1.2391989241488996e-05,0.00444444444457001,0.004285714307850047,"[1.004421, 0.995579, 0.917789, 0.598772, 1.012284, 1.084581]","[0.166948, 0.081867, 0.11114, 0.103677, 0.020684, 0.515684]","[5.141664, -2.833213, 4.059428, 2.812234, 0.600774, 4.572282]","moving_00272: score=0.394, d=4652.4, reason=ERR_DIST | moving_00517: score=0.309, d=4433.6, reason=ERR_DIST | moving_00502: score=0.293, d=3113.5, reason=ERR_DIST;ERR_AREA"
fixed,fixed_00045,45,Structure 1,no_counterpart,False,,21746.090491347102,11837.381894469841,475214.1247053541,3062.165993730681,0.6368567353255337,1.722322773617952,163.9428911450959,0.0004789139368535834,0.03222222223725979,0.025714285691761592,"[0.275183, 1.286587, 0.696384, 0.713413, 1.299387, 1.366209]","[0.170744, 0.056438, 0.01353, 0.07173, 0.065056, 0.622502]","[-0.079155, -0.275078, 0.281958, 7.253983, 1.187862, 0.432987]","moving_00449: score=0.441, d=2580.1, reason=ERR_DIST | moving_00440: score=0.409, d=3377.6, reason=ERR_DIST | moving_00504: score=0.373, d=3158.0, reason=ERR_DIST"
fixed,fixed_00046,46,Structure 1,no_counterpart,False,,22409.059399222802,12499.293274460084,439048.6662034346,2720.7080328284796,0.745347241388086,1.559048760684934,90.0,0.0004424669096950196,0.016666666681264777,0.03571428570457705,"[1.222947, 1.236232, 1.223522, 0.737404, 0.777053, 0.285291]","[0.047734, 0.152446, 0.086142, 0.010715, 0.199562, 0.5034]","[-3.112692, -0.006612, -0.195923, 0.361113, 7.333138, 0.079155]","moving_00449: score=0.448, d=3135.2, reason=ERR_DIST | moving_00440: score=0.411, d=4105.8, reason=ERR_DIST | moving_00504: score=0.382, d=3240.9, reason=ERR_DIST"
fixed,fixed_00047,47,Structure 1,no_counterpart,False,,1514.0148136309904,13077.679783937056,112112.9213025274,1743.9190373916151,0.4632472989386743,3.2070837791080318,180.0,0.0001129857841377088,0.02000000000056509,0.00857142857686542,"[0.885661, 1.086573, 1.000101, 0.998479, 0.999899, 1.054244]","[0.261234, 0.055388, 0.007879, 0.009853, 0.043434, 0.622213]","[0.930384, -5.043425, -5.043425, -5.043425, -3.944813, -5.043425]","moving_00443: score=0.289, d=1479.3, reason=ERR_DIST;ERR_AREA | moving_00470: score=0.267, d=1513.3, reason=ERR_DIST;ERR_AREA | moving_00112: score=0.267, d=1119.5, reason=ERR_DIST;ERR_AREA"
fixed,fixed_00048,48,Structure 1,matched_review,False,,29.697995666666667,13862.071816999998,723.3091450167512,107.69743593035304,0.783651722752158,1.0690279369944826,-136.910820767759,7.289405179548297e-07,0.0011111110970153082,0.0014285713971153664,"[0.32, 0.48, 1.88, 0.32, 1.52, 1.68]","[0.0, 0.5, 0.0, 0.0, 0.0, 0.5]","[0.0, 0.0, 1.098612, 0.0, 0.0, 0.0]","moving_00270: score=0.687, d=105.5, reason=OK | moving_00271: score=0.672, d=252.5, reason=OK | moving_00471: score=0.635, d=262.3, reason=OK"
fixed,fixed_00049,49,Structure 1,matched_anchor,False,,29.697995666666667,14009.215780333332,723.3091646793475,107.69743729662275,0.7836517241720169,1.0690279079337908,-136.91082066738915,7.289405377705104e-07,0.0011111110970153082,0.0014285714359499686,"[0.129032, 1.774194, 0.516129, 0.258065, 1.483871, 1.612903]","[0.5, 0.0, 0.0, 0.0, 0.0, 0.5]","[0.0, 1.098612, 0.0, -0.0, 0.0, -0.0]","moving_00270: score=0.722, d=41.7, reason=OK | moving_00271: score=0.699, d=105.4, reason=OK | moving_00274: score=0.591, d=215.7, reason=OK"
fixed,fixed_00050,50,Structure 1,no_counterpart,False,,641.0326761008182,15168.434686749284,298726.6872428016,2240.0721645635263,0.7481003670299667,1.1692865715048237,115.41349227064822,0.0003010524443468155,0.017777777778280077,0.0285714285636616,"[1.342982, 1.220868, 1.059681, 0.940319, 0.920669, 0.930731]","[0.049556, 0.031552, 0.049639, 0.028254, 0.028548, 0.81245]","[-0.607347, -6.023448, -6.023448, -6.023448, -6.023448, -6.023448]","moving_00286: score=0.330, d=1222.3, reason=ERR_DIST | moving_00481: score=0.286, d=862.3, reason=ERR_DIST;ERR_AREA | moving_00486: score=0.269, d=856.3, reason=ERR_DIST;ERR_AREA"
fixed,fixed_00051,51,Structure 1,no_counterpart,False,,180.48848781529773,15932.509999729826,162744.5632987794,2388.679470070034,0.3584269027440344,1.7858194935520597,90.0,0.0001640116222539913,0.012222222208440355,0.02999999999961171,"[1.504783, 1.222691, 0.817514, 0.421177, 0.738972, 1.182486]","[0.010328, 0.028651, 0.121866, 0.203922, 0.036539, 0.598695]","[-5.4161, -5.4161, -4.317488, -4.317488, -5.4161, -5.4161]","moving_00286: score=0.438, d=400.1, reason=OK | moving_00287: score=0.333, d=224.7, reason=ERR_AREA | moving_00486: score=0.327, d=221.3, reason=ERR_AREA"
fixed,fixed_00052,52,Structure 1,matched_anchor,False,,29.697995666666667,15701.371357333332,723.3091646793833,107.69743729662524,0.7836517241720196,1.0690279079337377,-136.910820667383,7.289405377705465e-07,0.0011111110970153082,0.001428571435950039,"[0.810953, 1.459285, 0.810714, 0.540476, 1.189047, 1.513333]","[0.091999, 0.0, 0.5, 0.0, 0.0, 0.408001]","[5.4161, 1.098612, 1.098612, -0.0, -0.0, -0.0]","moving_00486: score=0.829, d=68.0, reason=OK | moving_00485: score=0.603, d=189.4, reason=OK | moving_00482: score=0.568, d=446.8, reason=ERR_NOT_MUTUAL"
fixed,fixed_00053,53,Structure 1,no_counterpart,False,,7767.3053506873375,16339.33003598725,384077.1692562191,2794.2800120827073,0.6181423626503727,1.43065651238684,-110.67169049926977,0.0003870674283895156,0.01888888887529538,0.03714285714052716,"[0.751091, 0.951996, 1.048004, 1.184378, 0.64915, 1.075022]","[0.291153, 0.009259, 0.005579, 0.077955, 0.003944, 0.61211]","[-0.363965, -1.446448, 1.68835, -6.274762, 0.816148, 0.225025]","moving_00117: score=0.318, d=4099.9, reason=ERR_DIST | moving_00272: score=0.296, d=2335.0, reason=ERR_DIST;ERR_AREA | moving_00129: score=0.285, d=3862.9, reason=ERR_DIST"
fixed,fixed_00054,54,Structure 1,no_counterpart,False,,29.697995555555558,15977.266288500003,2169.9274743754463,181.2694179303507,0.8298622367291977,1.8708585229373143,90.0,2.1868215934958504e-06,0.0011111110970153082,0.002857142833065335,"[1.166667, 1.5, 0.666667, 1.388889, 0.833333, 0.475098]","[0.0, 0.0, 0.5, 0.0, 0.204079, 0.295921]","[-1.098612, -1.098612, 0.0, -1.098612, -1.098612, 4.317488]","moving_00287: score=0.472, d=123.0, reason=OK | moving_00486: score=0.420, d=207.9, reason=OK | moving_00491: score=0.369, d=637.8, reason=OK"
fixed,fixed_00055,55,Structure 1,matched_review,False,,29.697995555555558,16197.982233499999,2169.9274743754463,181.2694179303507,0.8298622367291977,1.8708585229373143,90.0,2.1868215934958504e-06,0.0011111110970153082,0.002857142833065335,"[0.569635, 0.949392, 1.329149, 1.708906, 0.759514, 1.050608]","[0.0, 0.0, 0.0, 0.5, 0.082214, 0.417786]","[-1.098612, -1.098612, -1.098612, -1.098612, 0.0, 4.317488]","moving_00288: score=0.569, d=49.4, reason=OK | moving_00287: score=0.499, d=97.7, reason=OK | moving_00491: score=0.352, d=417.1, reason=OK"
fixed,fixed_00056,56,Structure 1,no_counterpart,False,,29.697995555555554,17963.709792222224,2169.9274940380783,181.26941929662155,0.8298622317391917,1.8708585483662306,90.0,2.186821613311567e-06,0.0011111110970153082,0.0028571428718999372,"[0.921813, 1.782173, 0.43018, 2.02799, 1.078187, 0.226393]","[0.0, 0.0, 0.5, 0.048551, 0.049996, 0.401453]","[-1.098612, -1.098612, 0.510826, -1.098612, 3.628776, -1.098612]","moving_00127: score=0.464, d=98.4, reason=OK | moving_00126: score=0.322, d=192.8, reason=ERR_AREA | moving_00491: score=0.308, d=1348.6, reason=ERR_DIST"
fixed,fixed_00057,57,Structure 1,no_counterpart,False,,29.69799553333333,18092.46076,3616.545803734213,254.84139993035336,0.6997837761869719,2.8062877971205222,90.0,3.6447026690369436e-06,0.0011111110970153082,0.004285714269015445,"[0.496493, 1.365357, 1.985973, 0.434432, 0.634643, 1.50887]","[0.0, 0.0, 0.5, 0.033523, 0.001248, 0.465229]","[-1.609438, -1.609438, -1.609438, -0.510826, -1.609438, 3.11795]","moving_00127: score=0.344, d=227.1, reason=ERR_AREA | moving_00126: score=0.295, d=300.5, reason=ERR_AREA | moving_00491: score=0.262, d=1477.4, reason=ERR_DIST;ERR_AREA"
fixed,fixed_00058,58,Structure 1,no_counterpart,False,,29.697995666666667,18239.60472333333,723.3091646793833,107.69743729662522,0.7836517241720198,1.0690279079337377,-136.91082066739122,7.289405377705465e-07,0.0011111110970153082,0.001428571435950039,"[0.845244, 1.448989, 0.482996, 0.905618, 1.094382, 1.942191]","[0.0, 0.5, 0.0, 0.018816, 0.007372, 0.473812]","[-0.0, -0.0, 1.609438, 1.098612, -0.0, 4.727388]","moving_00301: score=0.572, d=876.0, reason=ERR_DIST | moving_00297: score=0.488, d=815.5, reason=ERR_DIST | moving_00127: score=0.487, d=374.3, reason=OK"
fixed,fixed_00059,59,Structure 1,no_counterpart,False,,29.697995666666667,18497.106658999994,723.3091450167512,107.69743593035304,0.783651722752158,1.0690279369944826,43.08917923222729,7.289405179548297e-07,0.0011111110970153082,0.0014285713971153664,"[0.917473, 0.492058, 1.082527, 1.426968, 0.688881, 1.578096]","[0.00578, 0.5, 0.0, 0.0, 0.010618, 0.483602]","[1.609438, 0.0, 1.609438, 1.098612, 0.0, 0.0]","moving_00301: score=0.538, d=618.5, reason=OK | moving_00295: score=0.477, d=1256.9, reason=ERR_DIST | moving_00491: score=0.476, d=1882.0, reason=ERR_DIST"
fixed,fixed_00060,60,Structure 1,no_counterpart,False,,29.697995666666667,18681.036613,723.3091450167512,107.69743593035304,0.783651722752158,1.0690279369944826,43.08917923222773,7.289405179548297e-07,0.0011111110970153082,0.0014285713971153664,"[0.368504, 1.531915, 0.978723, 1.361702, 1.021277, 0.425532]","[0.012456, 0.0, 0.5, 0.0, 0.0, 0.487544]","[1.609438, 0.0, 1.098612, 1.609438, 0.0, 0.0]","moving_00301: score=0.507, d=434.6, reason=OK | moving_00491: score=0.504, d=2065.9, reason=ERR_DIST | moving_00296: score=0.484, d=1367.3, reason=ERR_DIST"
fixed,fixed_00061,61,Structure 1,no_counterpart,False,,31073.62182976679,19965.64003897796,55694.8060554465,1012.3386437065636,0.682924870930113,1.2026947607200735,118.12512651085166,5.612842178638669e-05,0.0077777777638703555,0.012857142845880725,"[0.713279, 1.078312, 0.975213, 0.494595, 1.024787, 1.278596]","[0.1081, 0.026538, 0.018035, 0.031028, 0.281153, 0.535147]","[0.686632, 5.444664, 3.940446, -2.146581, 1.294549, 0.122103]","moving_00145: score=0.382, d=4373.1, reason=ERR_DIST | moving_00128: score=0.361, d=4233.7, reason=ERR_DIST | moving_00518: score=0.280, d=2375.7, reason=ERR_DIST;ERR_AREA"
fixed,fixed_00062,62,Structure 1,no_counterpart,False,,30471.104615626988,20318.951399635956,203249.87689184115,1735.7104318221368,0.8477847651891178,1.1692865715048189,90.0,0.00020483229274304674,0.013333333333710081,0.021428571422746148,"[1.284395, 0.406033, 0.649714, 2.334016, 1.338209, 0.715605]","[0.084894, 0.028582, 0.647343, 0.123786, 0.027971, 0.087424]","[-0.607917, 2.645897, 4.150115, -1.172447, -1.294549, -3.44113]","moving_00139: score=0.379, d=4523.6, reason=ERR_DIST | moving_00518: score=0.372, d=2820.8, reason=ERR_DIST | moving_00294: score=0.309, d=3718.9, reason=ERR_DIST"
fixed,fixed_00063,63,Structure 1,no_counterpart,False,,30821.369919000008,20189.262236481485,6509.78257407946,422.29945075720906,0.45870694364827913,5.34513962122148,0.0,6.560464932615928e-06,0.005555555569839727,0.001428571435950039,"[1.037056, 1.086454, 0.855772, 0.962944, 2.70007, 0.869096]","[0.192969, 0.043705, 0.095351, 0.301279, 0.139722, 0.226974]","[2.833213, 7.591245, 6.087027, 3.44113, 2.268684, 2.146581]","moving_00316: score=0.260, d=2605.1, reason=ERR_DIST;ERR_AREA | moving_00523: score=0.254, d=4016.9, reason=ERR_DIST;ERR_AREA | moving_00294: score=0.240, d=3878.4, reason=ERR_DIST;ERR_AREA"
fixed,fixed_00064,64,Structure 1,no_counterpart,False,,31128.817990948453,20448.647550437952,110666.30294146229,1320.156244301051,0.7979480120833066,1.4699134003887093,0.0,0.00011152790303021452,0.012222222208440417,0.011428571409930827,"[0.952653, 1.013696, 1.360066, 0.816086, 2.738898, 0.986304]","[0.043707, 0.034596, 0.080551, 0.097774, 0.022579, 0.720793]","[4.758032, 3.253814, 0.607917, -2.833213, -0.56453, -0.686632]","moving_00145: score=0.397, d=3994.1, reason=ERR_DIST | moving_00336: score=0.354, d=4161.8, reason=ERR_DIST | moving_00518: score=0.312, d=2856.3, reason=ERR_DIST"
fixed,fixed_00065,65,Structure 1,no_counterpart,False,,11645.723203691821,24794.15768951457,709566.2953917218,3741.294429382181,0.6370288006361285,1.2125934821315811,53.81676329892767,0.0007150906724318447,0.029999999986720406,0.04999999998640796,"[1.030797, 1.00087, 0.988824, 0.984682, 0.99913, 1.016827]","[0.018561, 0.012884, 0.026282, 0.019468, 0.01255, 0.910256]","[-6.888572, -6.888572, -6.888572, -6.888572, -6.888572, -6.888572]","moving_00335: score=0.270, d=1639.4, reason=ERR_DIST | moving_00350: score=0.261, d=1719.2, reason=ERR_DIST;ERR_AREA | moving_00341: score=0.260, d=778.0, reason=OK"
fixed,fixed_00066,66,Structure 2,matched_anchor,False,,1720.68381,30.539272666666673,723.3091830723678,107.6974387572071,0.7836517228438389,1.0690279351180205,-43.0891793327152,7.289405563067308e-07,0.0011111111252697038,0.0014285714359500142,"[0.8, 1.066667, 2.0, 0.533333, 0.933333, 3.066667]","[0.0, 0.0, 0.5, 0.0, 0.5, 0.0]","[0.0, 0.0, -0.0, -0.0, -0.0, -0.0]","moving_00361: score=0.796, d=40.4, reason=OK | moving_00360: score=0.705, d=77.6, reason=OK | moving_00000: score=0.501, d=1219.9, reason=ERR_DIST"
fixed,fixed_00067,67,Structure 2,matched_review,False,,1956.6353189999995,30.539272666666673,723.3091830723678,107.6974387572071,0.7836517228438389,1.0690279351180205,-43.08917933272826,7.289405563067308e-07,0.0011111111252697038,0.0014285714359500142,"[0.210526, 0.947368, 0.631579, 1.052632, 1.368421, 1.789474]","[0.0, 0.5, 0.0, 0.0, 0.5, 0.0]","[0.0, -0.0, 0.0, -0.0, -0.0, -0.0]","moving_00361: score=0.585, d=195.6, reason=OK | moving_00362: score=0.575, d=97.3, reason=OK | moving_00360: score=0.536, d=313.6, reason=OK"
fixed,fixed_00068,68,Structure 2,matched_review,False,,2035.2858219999998,30.539272666666673,723.3091830723678,107.6974387572071,0.7836517228438389,1.0690279351180205,-43.08917933273263,7.289405563067308e-07,0.0011111111252697038,0.0014285714359500142,"[0.7, 0.2, 0.8, 1.2, 1.5, 1.5]","[0.5, 0.0, 0.0, 0.0, 0.5, 0.0]","[-0.0, 0.0, 0.0, -0.0, -0.0, -0.0]","moving_00361: score=0.599, d=274.2, reason=OK | moving_00160: score=0.552, d=1.1, reason=ERR_AREA | moving_00000: score=0.517, d=905.3, reason=ERR_DIST"
fixed,fixed_00069,69,Structure 2,matched_review,False,,2310.562582666667,30.539272666666673,723.309164679366,107.69743729662399,0.7836517241720189,1.06902790793375,136.91082066677174,7.289405377705289e-07,0.0011111110970153013,0.0014285714359500142,"[1.3, 1.1, 0.9, 0.7, 1.5, 0.8]","[0.0, 0.5, 0.0, 0.0, 0.5, 0.0]","[0.0, 0.0, 0.0, 0.0, 0.0, 0.0]","moving_00162: score=0.556, d=276.2, reason=OK | moving_00001: score=0.548, d=708.7, reason=OK | moving_00000: score=0.534, d=630.1, reason=OK"
fixed,fixed_00070,70,Structure 2,matched_anchor,False,,2625.1645946666667,30.53927266666667,723.3091646793744,107.69743729662466,0.7836517241720183,1.0690279079337621,136.91082066660695,7.289405377705374e-07,0.001111111097015314,0.0014285714359500142,"[1.473684, 1.157895, 0.526316, 0.315789, 1.371959, 0.842105]","[0.0, 0.0, 0.0, 0.011432, 0.488568, 0.5]","[-0.0, 0.0, 0.0, 0.0, 0.0, -0.0]","moving_00163: score=0.823, d=40.2, reason=OK | moving_00162: score=0.780, d=38.4, reason=OK | moving_00165: score=0.560, d=669.3, reason=ERR_NOT_MUTUAL"
fixed,fixed_00071,71,Structure 2,matched_review,False,,2743.140349,30.539272666666676,723.3091830723677,107.6974387572071,0.7836517228438387,1.0690279351180205,-136.91082066818126,7.289405563067306e-07,0.0011111111252697038,0.0014285714359500142,"[0.221685, 0.886738, 1.113262, 0.332527, 1.219265, 1.219265]","[0.0, 0.014845, 0.485155, 0.0, 0.5, 0.0]","[0.0, 0.0, 0.0, -0.0, -0.0, -0.0]","moving_00163: score=0.693, d=77.8, reason=OK | moving_00000: score=0.631, d=197.5, reason=ERR_NOT_MUTUAL | moving_00162: score=0.623, d=156.4, reason=OK"
fixed,fixed_00072,72,Structure 2,matched_review,False,,2821.790852,30.539272666666676,723.3091830723677,107.6974387572071,0.7836517228438387,1.0690279351180205,136.91082066654928,7.289405563067306e-07,0.0011111111252697038,0.0014285714359500142,"[0.853819, 1.500101, 1.146181, 0.711516, 0.284606, 1.280728]","[0.014142, 0.004384, 0.481474, 0.0, 0.5, 0.0]","[0.0, 1.098612, 0.0, -0.0, 0.0, -0.0]","moving_00000: score=0.697, d=118.8, reason=OK | moving_00164: score=0.656, d=18.8, reason=OK | moving_00163: score=0.636, d=156.4, reason=OK"
fixed,fixed_00073,73,Structure 2,no_counterpart,False,,2291.8988071208482,748.1378380224706,1191290.2032711578,7058.301827587147,0.30048789602322784,1.3096009611423778,88.57585643952676,0.001200565074822718,0.038888888875860464,0.07000000001203874,"[1.000533, 0.962696, 0.906786, 0.999467, 1.070804, 1.126835]","[0.014903, 0.058797, 0.065059, 0.020143, 0.01189, 0.829208]","[-7.406711, -7.406711, -7.406711, -7.406711, -7.406711, -7.406711]","moving_00071: score=0.329, d=680.4, reason=OK | moving_00060: score=0.263, d=939.4, reason=ERR_DIST;ERR_AREA | moving_00162: score=0.244, d=775.4, reason=ERR_AREA"
fixed,fixed_00074,74,Structure 2,matched_anchor,False,,3057.742361,30.539272666666676,723.3091830723677,107.6974387572071,0.7836517228438387,1.0690279351180205,136.9108206664798,7.289405563067306e-07,0.0011111111252697038,0.0014285714359500142,"[1.132482, 0.867518, 0.416743, 1.132482, 1.509976, 0.566241]","[0.032619, 0.037009, 0.430372, 0.0, 0.5, 0.0]","[0.0, 1.098612, 0.0, 0.0, 0.0, -0.0]","moving_00002: score=0.813, d=40.2, reason=OK | moving_00001: score=0.801, d=38.5, reason=OK | moving_00000: score=0.731, d=117.1, reason=OK"
fixed,fixed_00075,75,Structure 2,matched_anchor,False,,3175.718115666667,30.539272666666673,723.309164679366,107.69743729662399,0.7836517241720189,1.06902790793375,136.9108206665449,7.289405377705289e-07,0.0011111110970153013,0.0014285714359500142,"[2.666667, 1.666667, 1.0, 0.589258, 0.456439, 1.0]","[0.0, 0.0, 0.088746, 0.291562, 0.119692, 0.5]","[0.0, 0.0, 0.0, 1.098612, 0.0, 0.0]","moving_00003: score=0.804, d=0.9, reason=OK | moving_00002: score=0.723, d=77.8, reason=OK | moving_00001: score=0.678, d=156.5, reason=OK"
fixed,fixed_00076,76,Structure 2,matched_anchor,False,,3293.6938700000005,30.539272666666676,723.3091830723677,107.6974387572071,0.7836517228438387,1.0690279351180205,136.9108206664103,7.289405563067306e-07,0.0011111111252697038,0.0014285714359500142,"[0.562752, 0.49741, 1.155872, 0.844128, 1.688257, 1.406881]","[0.411254, 0.052183, 0.036562, 0.0, 0.5, 0.0]","[0.0, 1.098612, 0.0, -0.0, 0.0, -0.0]","moving_00165: score=0.833, d=0.9, reason=OK | moving_00003: score=0.675, d=117.2, reason=OK | moving_00002: score=0.663, d=195.8, reason=ERR_NOT_MUTUAL"
fixed,fixed_00077,77,Structure 2,matched_anchor,False,,4080.1989000000003,30.53927266666667,723.3091830723594,107.69743875720644,0.7836517228438391,1.0690279351180083,136.91082066630824,7.289405563067222e-07,0.001111111125269691,0.0014285714359500142,"[0.170213, 0.93617, 0.510638, 1.276596, 1.06383, 1.234043]","[0.0, 0.5, 0.0, 0.0, 0.5, 0.0]","[0.0, -0.0, 0.0, -0.0, 1.098612, 1.098612]","moving_00170: score=0.793, d=79.3, reason=OK | moving_00171: score=0.719, d=157.9, reason=OK | moving_00169: score=0.711, d=156.6, reason=OK"
fixed,fixed_00078,78,Structure 2,matched_anchor,False,,4158.849403,30.53927266666667,723.3091830723761,107.69743875720775,0.7836517228438382,1.069027935118033,136.91082066615658,7.289405563067392e-07,0.0011111111252697166,0.0014285714359500142,"[0.837209, 0.186047, 0.744186, 1.348837, 1.162791, 1.395349]","[0.5, 0.0, 0.0, 0.5, 0.0, 0.0]","[-0.0, -0.0, -0.0, 1.098612, 1.098612, -0.0]","moving_00170: score=0.941, d=0.8, reason=OK | moving_00171: score=0.812, d=79.3, reason=OK | moving_00169: score=0.682, d=235.3, reason=OK"
fixed,fixed_00079,79,Structure 2,envelope_only,True,area_fraction;bbox_span,20133.244810636763,13653.289749812007,671821853.4450564,400602.78200590494,0.05260609547993257,1.3744644775935717,0.0,0.677052368544672,1.0,1.0,"[0.08647, 0.98485, 1.206229, 1.009416, 0.990584, 1.040723]","[0.160436, 0.2057, 0.076698, 0.357975, 0.059725, 0.139467]","[-6.972025, -7.529061, -6.581598, -6.066121, -7.253983, -7.333138]",
fixed,fixed_00080,80,Structure 2,matched_anchor,False,,4512.776666333332,30.53927266666667,723.3091646793744,107.69743729662466,0.7836517241720183,1.0690279079337621,-136.91082066870047,7.289405377705374e-07,0.001111111097015314,0.0014285714359500142,"[1.4, 1.365822, 1.1, 0.9, 0.35, 0.6]","[0.035513, 0.464487, 0.0, 0.5, 0.0, 0.0]","[0.0, 4.369448, 0.0, 0.0, 1.098612, -0.0]","moving_00006: score=0.796, d=39.9, reason=OK | moving_00005: score=0.766, d=78.0, reason=OK | moving_00011: score=0.584, d=590.4, reason=OK"
fixed,fixed_00081,81,Structure 2,matched_anchor,False,,4650.4150465,30.539272555555556,2169.927512431108,186.34794075720683,0.785246292199026,2.13805584305177,0.0,2.186821631847797e-06,0.002222222222285005,0.0014285714359500142,"[1.010868, 0.240683, 0.989132, 0.336956, 1.203414, 1.39596]","[0.0, 0.047522, 0.452478, 0.0, 0.0, 0.5]","[-1.098612, -1.098612, 3.270836, -1.098612, -1.098612, -1.098612]","moving_00007: score=0.908, d=0.7, reason=OK | moving_00010: score=0.605, d=354.5, reason=OK | moving_00006: score=0.551, d=97.7, reason=ERR_NOT_MUTUAL"
fixed,fixed_00082,82,Structure 2,matched_anchor,False,,4748.728175333333,30.539272666666662,723.3091646793577,107.69743729662332,0.7836517241720197,1.0690279079337375,-136.9108206684696,7.289405377705206e-07,0.0011111110970152885,0.0014285714359500142,"[1.005084, 0.994916, 0.753813, 1.884532, 2.135803, 0.314089]","[0.062324, 0.437676, 0.0, 0.0, 0.0, 0.5]","[0.0, 4.369448, 0.0, 0.0, 0.0, 1.098612]","moving_00008: score=0.762, d=39.9, reason=OK | moving_00009: score=0.666, d=118.5, reason=OK | moving_00005: score=0.600, d=314.0, reason=OK"
fixed,fixed_00083,83,Structure 2,matched_review,False,,5613.883708333335,30.539272666666662,723.3091646793577,107.69743729662332,0.7836517241720197,1.0690279079337375,-136.9108206686682,7.289405377705206e-07,0.0011111110970152885,0.0014285714359500142,"[1.091297, 0.303138, 0.908703, 0.848786, 1.333807, 1.485376]","[0.0, 0.467685, 0.032315, 0.0, 0.0, 0.5]","[0.0, 0.0, 4.369448, 0.0, 0.0, 1.098612]","moving_00014: score=0.656, d=118.4, reason=OK | moving_00013: score=0.642, d=235.5, reason=OK | moving_00015: score=0.626, d=275.7, reason=OK"
fixed,fixed_00084,84,Structure 2,matched_review,False,,5810.5099660000005,30.539272666666665,723.3091830723594,107.69743875720643,0.7836517228438393,1.0690279351180083,-136.91082066908172,7.289405563067222e-07,0.001111111125269691,0.0014285714359500142,"[0.66819, 1.023415, 0.256996, 0.976585, 1.387779, 1.516277]","[0.475748, 0.024252, 0.0, 0.0, 0.0, 0.5]","[-0.0, 4.369448, -0.0, -0.0, -0.0, 1.098612]","moving_00015: score=0.719, d=79.0, reason=OK | moving_00014: score=0.707, d=78.2, reason=OK | moving_00012: score=0.553, d=628.7, reason=OK"
fixed,fixed_00085,85,Structure 2,matched_review,False,,6321.738235333334,30.53927266666667,723.3091646793744,107.69743729662466,0.7836517241720183,1.0690279079337621,-136.91082066923207,7.289405377705374e-07,0.001111111097015314,0.0014285714359500142,"[0.864865, 1.182697, 0.648649, 0.468468, 1.153153, 1.135135]","[0.485323, 0.014677, 0.0, 0.0, 0.5, 0.0]","[0.0, 4.369448, -0.0, 0.0, 0.0, 1.098612]","moving_00015: score=0.551, d=432.2, reason=OK | moving_00013: score=0.546, d=943.3, reason=ERR_DIST | moving_00022: score=0.530, d=1022.6, reason=ERR_DIST"
fixed,fixed_00086,86,Structure 2,matched_anchor,False,,7265.544271333334,30.53927266666667,723.3091646793744,107.69743729662466,0.7836517241720183,1.0690279079337621,-136.91082066950818,7.289405377705374e-07,0.001111111097015314,0.0014285714359500142,"[0.512821, 0.769231, 1.538462, 1.333333, 1.230769, 0.384615]","[0.0, 0.0, 0.0, 0.5, 0.5, 0.0]","[0.0, 0.0, 0.0, 0.0, 0.0, 1.098612]","moving_00022: score=0.747, d=78.8, reason=OK | moving_00021: score=0.618, d=196.4, reason=OK | moving_00172: score=0.573, d=18.8, reason=OK"
fixed,fixed_00087,87,Structure 2,matched_review,False,,7560.483657499999,30.539272555555552,2169.927512431125,186.34794075720816,0.7852462921990209,2.138055843051795,0.0,2.186821631847814e-06,0.002222222222285031,0.0014285714359500142,"[1.730769, 1.423077, 0.576923, 0.192308, 0.576923, 2.423077]","[0.0, 0.0, 0.0, 0.5, 0.0, 0.5]","[-1.098612, -1.098612, -1.098612, -1.098612, -1.098612, -1.098612]","moving_00172: score=0.630, d=295.4, reason=OK | moving_00026: score=0.575, d=589.9, reason=OK | moving_00019: score=0.536, d=707.6, reason=OK"
fixed,fixed_00088,88,Structure 2,matched_anchor,False,,7658.796786333334,30.53927266666667,723.3091646793744,107.69743729662466,0.7836517241720183,1.0690279079337621,-136.9108206696222,7.289405377705374e-07,0.001111111097015314,0.0014285714359500142,"[0.384615, 1.230769, 1.538462, 0.769231, 2.615385, 0.192308]","[0.0, 0.0, 0.5, 0.0, 0.0, 0.5]","[0.0, 0.0, 0.0, 0.0, 0.0, 1.098612]","moving_00023: score=0.838, d=39.2, reason=OK | moving_00024: score=0.752, d=118.1, reason=OK | moving_00021: score=0.600, d=589.7, reason=OK"
fixed,fixed_00089,89,Structure 2,matched_anchor,False,,7855.423043999998,30.53927266666667,723.3091830723761,107.69743875720775,0.7836517228438382,1.069027935118033,136.91082066507187,7.289405563067392e-07,0.0011111111252697166,0.0014285714359500142,"[1.153846, 0.846154, 2.538462, 0.384615, 1.153846, 0.576923]","[0.0, 0.0, 0.5, 0.0, 0.0, 0.5]","[-0.0, -0.0, -0.0, -0.0, -0.0, 1.098612]","moving_00024: score=0.797, d=78.6, reason=OK | moving_00023: score=0.703, d=235.8, reason=OK | moving_00025: score=0.641, d=196.7, reason=OK"
fixed,fixed_00090,90,Structure 2,matched_anchor,False,,8288.000810333333,30.53927266666667,723.3091646793744,107.69743729662466,0.7836517241720183,1.0690279079337621,-136.91082067033167,7.289405377705374e-07,0.001111111097015314,0.0014285714359500142,"[0.231884, 1.275362, 0.927536, 0.637681, 1.507246, 1.072464]","[0.0, 0.5, 0.0, 0.0, 0.0, 0.5]","[0.0, 0.0, 0.0, 0.0, 0.0, 1.098612]","moving_00027: score=0.783, d=39.3, reason=OK | moving_00029: score=0.701, d=196.6, reason=OK | moving_00028: score=0.687, d=118.0, reason=OK"
fixed,fixed_00091,91,Structure 2,matched_anchor,False,,8445.301816333335,30.53927266666667,723.3091646793744,107.69743729662466,0.7836517241720183,1.0690279079337621,-136.91082067038806,7.289405377705374e-07,0.001111111097015314,0.0014285714359500142,"[0.947368, 0.210526, 0.789474, 1.052632, 1.578947, 1.184211]","[0.5, 0.0, 0.0, 0.0, 0.0, 0.5]","[0.0, 0.0, 0.0, 0.0, 0.0, 1.098612]","moving_00030: score=0.776, d=117.9, reason=OK | moving_00028: score=0.775, d=39.3, reason=OK | moving_00029: score=0.770, d=39.3, reason=OK"
fixed,fixed_00092,92,Structure 2,matched_review,False,,9153.156343333334,30.53927266666667,723.3091646793744,107.69743729662466,0.7836517241720183,1.0690279079337621,-136.91082066948374,7.289405377705374e-07,0.001111111097015314,0.0014285714359500142,"[1.309091, 0.654545, 1.2, 0.8, 1.381818, 0.618182]","[0.5, 0.0, 0.0, 0.0, 0.5, 0.0]","[0.0, 0.0, 0.0, 0.0, 0.0, 0.0]","moving_00025: score=0.601, d=1101.1, reason=ERR_DIST | moving_00033: score=0.600, d=511.0, reason=OK | moving_00029: score=0.579, d=668.5, reason=OK"
fixed,fixed_00093,93,Structure 2,matched_review,False,,9821.685619000002,30.539272666666665,723.3091830723426,107.6974387572051,0.7836517228438404,1.0690279351179834,136.9108206651152,7.289405563067054e-07,0.0011111111252696652,0.0014285714359500142,"[0.99585, 0.591286, 1.00415, 1.047352, 0.529046, 1.089211]","[0.0, 0.198204, 0.021949, 0.279847, 0.0, 0.5]","[0.0, -0.0, 1.609438, 7.477038, -0.0, -0.0]","moving_00034: score=0.712, d=39.5, reason=OK | moving_00033: score=0.642, d=157.5, reason=OK | moving_00035: score=0.584, d=157.0, reason=OK"
fixed,fixed_00094,94,Structure 2,matched_review,False,,10568.865397333335,30.53927266666667,723.3091646793744,107.69743729662466,0.7836517241720183,1.0690279079337621,-136.9108206711436,7.289405377705374e-07,0.001111111097015314,0.0014285714359500142,"[0.442311, 0.918646, 1.081354, 1.205438, 0.646455, 1.224862]","[0.0, 0.294043, 0.014429, 0.191528, 0.0, 0.5]","[0.0, 0.0, 1.609438, 7.477038, 0.0, 0.0]","moving_00037: score=0.595, d=236.3, reason=OK | moving_00038: score=0.502, d=392.8, reason=OK | moving_00173: score=0.497, d=982.6, reason=ERR_DIST"
fixed,fixed_00095,95,Structure 2,matched_review,False,,11080.093667000001,30.53927266666667,723.3091830723761,107.69743875720775,0.7836517228438382,1.069027935118033,-136.9108206713292,7.289405563067392e-07,0.0011111111252697166,0.0014285714359500142,"[0.402984, 1.078893, 1.205894, 0.3742, 0.921107, 1.410445]","[0.348182, 0.007051, 0.144767, 0.0, 0.0, 0.5]","[0.0, 1.609438, 7.477038, -0.0, -0.0, -0.0]","moving_00039: score=0.717, d=38.9, reason=OK | moving_00038: score=0.680, d=118.4, reason=OK | moving_00173: score=0.483, d=471.4, reason=OK"
fixed,fixed_00096,96,Structure 2,matched_review,False,,11630.647188,30.53927266666667,723.3091830723761,107.69743875720775,0.7836517228438382,1.069027935118033,136.91082066323347,7.289405563067392e-07,0.0011111111252697166,0.0014285714359500142,"[1.01064, 1.111644, 0.580711, 0.30111, 0.98936, 1.354993]","[0.002271, 0.110477, 0.0, 0.0, 0.0, 0.887251]","[1.609438, 7.477038, -0.0, 0.0, -0.0, -0.0]","moving_00173: score=0.697, d=79.2, reason=OK | moving_00179: score=0.505, d=903.8, reason=ERR_DIST | moving_00037: score=0.496, d=1298.0, reason=ERR_DIST"
fixed,fixed_00097,97,Structure 2,matched_anchor,False,,24647.305433999994,30.539272666666673,723.3091830723426,107.69743875720508,0.7836517228438408,1.0690279351179834,136.91082065859277,7.289405563067054e-07,0.0011111111252696652,0.0014285714359500142,"[1.186441, 1.423729, 1.775632, 0.372881, 0.813559, 0.644068]","[0.0, 0.161597, 0.838403, 0.0, 0.0, 0.0]","[-0.0, 0.0, 7.995307, -0.0, 0.0, -0.0]","moving_00058: score=0.787, d=2.6, reason=OK | moving_00061: score=0.724, d=56.0, reason=OK | moving_00193: score=0.641, d=154.7, reason=OK"
fixed,fixed_00098,98,Structure 2,no_counterpart,False,,25079.88320033334,30.539272666666665,723.3091646794078,107.6974372966273,0.7836517241720159,1.0690279079338116,-136.91082067631646,7.289405377705712e-07,0.0011111110970153655,0.0014285714359500142,"[0.432432, 0.702703, 1.675676, 1.297297, 0.594595, 2.27027]","[0.0, 0.0, 0.0, 0.5, 0.5, 0.0]","[0.0, 0.0, 0.0, -0.0, 0.0, -0.0]","moving_00193: score=0.526, d=277.8, reason=OK | moving_00061: score=0.518, d=475.9, reason=OK | moving_00197: score=0.517, d=2395.8, reason=ERR_DIST"
fixed,fixed_00099,99,Structure 2,no_counterpart,False,,25394.485212333333,30.539272666666665,723.3091646794078,107.6974372966273,0.7836517241720159,1.0690279079338116,-136.91082067642924,7.289405377705712e-07,0.0011111110970153655,0.0014285714359500142,"[0.285714, 1.314286, 0.914286, 0.457143, 1.085714, 1.942857]","[0.0, 0.0, 0.5, 0.0, 0.5, 0.0]","[0.0, 0.0, -0.0, 0.0, 0.0, -0.0]","moving_00197: score=0.605, d=2081.2, reason=ERR_DIST | moving_00196: score=0.514, d=1884.7, reason=ERR_DIST | moving_00195: score=0.513, d=1334.2, reason=ERR_DIST"
fixed,fixed_00100,100,Structure 2,no_counterpart,False,,25591.11147,30.539272666666665,723.3091830724096,107.69743875721042,0.7836517228438358,1.0690279351180825,136.9108206582589,7.28940556306773e-07,0.001111111125269768,0.0014285714359500142,"[1.16129, 0.709677, 0.322581, 0.83871, 1.548387, 1.870968]","[0.0, 0.5, 0.0, 0.0, 0.5, 0.0]","[-0.0, -0.0, -0.0, -0.0, -0.0, -0.0]","moving_00196: score=0.610, d=1688.0, reason=ERR_DIST | moving_00193: score=0.529, d=789.1, reason=OK | moving_00210: score=0.502, d=784.6, reason=OK"
fixed,fixed_00101,101,Structure 2,matched_review,False,,26023.68923633333,30.539272666666673,723.3091646793409,107.69743729662198,0.783651724172021,1.0690279079337128,-136.9108206766527,7.289405377705037e-07,0.0011111110970152627,0.0014285714359500142,"[0.411765, 0.647059, 0.941176, 1.411765, 1.058824, 2.0]","[0.5, 0.0, 0.0, 0.5, 0.0, 0.0]","[0.0, 0.0, 0.0, 0.0, 0.0, 0.0]","moving_00211: score=0.605, d=136.9, reason=OK | moving_00196: score=0.578, d=1255.4, reason=ERR_DIST | moving_00198: score=0.575, d=1648.6, reason=ERR_DIST"
fixed,fixed_00102,102,Structure 2,matched_review,False,,26298.965997,30.539272666666673,723.3091830723426,107.6974387572051,0.7836517228438404,1.0690279351179834,-136.91082067674904,7.289405563067054e-07,0.0011111111252696652,0.0014285714359500142,"[0.341463, 0.878049, 1.121951, 1.512195, 0.536585, 1.317073]","[0.0, 0.0, 0.0, 0.5, 0.0, 0.5]","[-0.0, 0.0, -0.0, -0.0, -0.0, -0.0]","moving_00210: score=0.682, d=84.5, reason=OK | moving_00194: score=0.625, d=154.5, reason=OK | moving_00211: score=0.622, d=176.4, reason=OK"
fixed,fixed_00103,103,Structure 2,matched_anchor,False,,26731.543763333335,30.539272666666662,723.3091646793409,107.69743729662198,0.783651724172021,1.0690279079337128,-136.9108206701586,7.289405377705037e-07,0.0011111110970152627,0.0014285714359500142,"[0.680851, 1.404255, 0.765957, 0.468085, 1.234043, 1.446809]","[0.0, 0.5, 0.0, 0.0, 0.0, 0.5]","[0.0, 0.0, 0.0, 0.0, 0.0, 0.0]","moving_00195: score=0.877, d=2.9, reason=OK | moving_00199: score=0.594, d=1058.7, reason=ERR_DIST | moving_00197: score=0.594, d=744.2, reason=OK"
fixed,fixed_00104,104,Structure 2,matched_anchor,False,,27360.747787333334,30.539272666666665,723.3091646794078,107.6974372966273,0.7836517241720159,1.0690279079338116,-136.91082067713089,7.289405377705712e-07,0.0011111110970153655,0.0014285714359500142,"[0.952381, 1.047619, 0.809524, 0.761905, 1.285714, 1.619048]","[0.0, 0.0, 0.5, 0.0, 0.0, 0.5]","[0.0, 0.0, -0.0, -0.0, 0.0, -0.0]","moving_00196: score=0.827, d=81.6, reason=OK | moving_00197: score=0.697, d=115.0, reason=OK | moving_00198: score=0.655, d=311.6, reason=OK"
fixed,fixed_00105,105,Structure 2,matched_review,False,,28029.277062666668,30.539272666666673,723.3091646793409,107.697437296622,0.7836517241720208,1.0690279079337128,136.910820657389,7.289405377705037e-07,0.0011111110970152627,0.0014285714359500142,"[0.2, 0.68, 1.32, 1.76, 2.04, 0.12]","[0.5, 0.0, 0.0, 0.0, 0.5, 0.0]","[0.0, 0.0, 0.0, 0.0, 0.0, 0.0]","moving_00199: score=0.641, d=239.0, reason=OK | moving_00197: score=0.583, d=553.5, reason=ERR_NOT_MUTUAL | moving_00201: score=0.557, d=704.7, reason=OK"
fixed,fixed_00106,106,Structure 2,matched_review,False,,28147.252817000004,30.539272666666665,723.3091830724096,107.69743875721042,0.7836517228438358,1.0690279351180825,136.91082065735117,7.28940556306773e-07,0.001111111125269768,0.0014285714359500142,"[0.071429, 0.107143, 0.714286, 1.285714, 1.678571, 1.928571]","[0.5, 0.0, 0.0, 0.0, 0.0, 0.5]","[-0.0, -0.0, -0.0, -0.0, -0.0, -0.0]","moving_00199: score=0.562, d=357.0, reason=ERR_NOT_MUTUAL | moving_00200: score=0.525, d=508.1, reason=OK | moving_00198: score=0.505, d=474.9, reason=OK"
fixed,fixed_00107,107,Structure 2,no_counterpart,False,,28225.90332,30.539272666666673,723.3091830723426,107.69743875720508,0.7836517228438408,1.0690279351179834,136.91082065731962,7.289405563067054e-07,0.0011111111252696652,0.0014285714359500142,"[1.812558, 0.066667, 0.733333, 0.166667, 1.266667, 1.633333]","[0.470686, 0.0, 0.0, 0.0, 0.0, 0.529314]","[5.398163, 0.0, -0.0, -0.0, -0.0, 0.0]","moving_00200: score=0.489, d=429.4, reason=OK | moving_00199: score=0.480, d=435.6, reason=OK | moving_00195: score=0.473, d=1497.2, reason=ERR_DIST"
fixed,fixed_00108,108,Structure 2,no_counterpart,False,,31568.54969766667,30.539272666666662,723.3091646793409,107.69743729662198,0.783651724172021,1.0690279079337128,136.91082066408998,7.289405377705037e-07,0.0011111110970152627,0.0014285714359500142,"[2.6, 1.08, 0.92, 0.52, 0.452369, 1.323111]","[0.0, 0.0, 0.0, 0.331921, 0.119407, 0.548673]","[0.0, 0.0, 0.0, 0.0, 5.241747, 5.398163]","moving_00063: score=0.515, d=1381.8, reason=ERR_DIST | moving_00204: score=0.485, d=514.8, reason=OK | moving_00205: score=0.477, d=428.9, reason=OK"
fixed,fixed_00109,109,Structure 2,matched_anchor,False,,32079.777966999998,30.539272666666673,723.3091830723426,107.69743875720508,0.7836517228438408,1.0690279351179834,136.91082065595074,7.289405563067054e-07,0.0011111111252696652,0.0014285714359500142,"[0.571175, 1.200355, 2.606998, 0.742528, 0.799645, 2.970111]","[0.422414, 0.042578, 0.035008, 0.5, 0.0, 0.0]","[0.0, 5.241747, 5.398163, -0.0, 0.0, -0.0]","moving_00205: score=0.747, d=82.3, reason=OK | moving_00206: score=0.666, d=153.6, reason=OK | moving_00207: score=0.500, d=507.4, reason=OK"
fixed,fixed_00110,110,Structure 2,matched_review,False,,32473.030482,30.539272666666673,723.3091830723426,107.6974387572051,0.7836517228438404,1.0690279351179834,-136.91082067895005,7.289405563067054e-07,0.0011111111252696652,0.0014285714359500142,"[1.827043, 1.135597, 0.864403, 0.375827, 0.150331, 1.578475]","[0.388208, 0.052814, 0.0, 0.5, 0.0, 0.058978]","[5.926926, 5.241747, -0.0, 0.0, 0.0, -0.0]","moving_00207: score=0.673, d=114.2, reason=OK | moving_00206: score=0.646, d=239.7, reason=OK | moving_00205: score=0.557, d=475.6, reason=OK"
fixed,fixed_00111,111,Structure 2,matched_review,False,,32630.331488,30.539272666666665,723.3091830724096,107.69743875721042,0.7836517228438358,1.0690279351180825,136.91082065575335,7.28940556306773e-07,0.001111111125269768,0.0014285714359500142,"[1.245439, 1.471872, 1.115083, 0.131099, 0.884917, 0.458846]","[0.064113, 0.38917, 0.046717, 0.0, 0.0, 0.5]","[-0.0, 5.926926, 5.241747, -0.0, -0.0, -0.0]","moving_00207: score=0.706, d=43.1, reason=OK | moving_00204: score=0.502, d=1576.6, reason=ERR_DIST | moving_00206: score=0.474, d=397.0, reason=OK"
fixed,fixed_00112,112,Structure 2,matched_review,False,,34124.691045,30.539272666666665,723.3091830722757,107.69743875719976,0.7836517228438457,1.0690279351178846,-43.089179329063626,7.28940556306638e-07,0.0011111111252695624,0.0014285714359500142,"[0.559495, 0.98758, 1.27427, 0.477292, 1.01242, 1.118991]","[0.084201, 0.049147, 0.087039, 0.279612, 0.0, 0.5]","[-0.0, -0.0, 0.0, 5.926926, 0.0, 0.0]","moving_00363: score=0.682, d=74.6, reason=OK | moving_00209: score=0.681, d=82.7, reason=OK | moving_00365: score=0.595, d=310.5, reason=OK"
fixed,fixed_00113,113,Structure 2,matched_anchor,False,,34950.52132666667,30.539272666666665,723.3091646794078,107.69743729662731,0.7836517241720158,1.0690279079338116,-43.08917931134492,7.289405377705712e-07,0.0011111110970153655,0.0014285714359500142,"[0.69824, 1.197132, 1.39977, 1.633845, 0.802868, 0.675629]","[0.036831, 0.007083, 0.005931, 0.160113, 0.124637, 0.665405]","[-0.0, 0.0, 0.0, 0.0, 5.926926, 0.0]","moving_00369: score=0.850, d=4.2, reason=OK | moving_00370: score=0.627, d=192.4, reason=OK | moving_00367: score=0.618, d=200.8, reason=OK"
fixed,fixed_00114,114,Structure 2,matched_anchor,False,,3136.392864,67.32526366666667,723.3091830723677,107.6974387572071,0.7836517228438387,1.0690279351180205,-136.91082066829668,7.289405563067306e-07,0.0011111111252697038,0.0014285714359500142,"[2.437832, 0.668273, 0.414447, 1.243333, 1.83794, 0.756667]","[0.051103, 0.31068, 0.08313, 0.011948, 0.024615, 0.518526]","[0.0, 0.0, -0.0, 0.0, 0.0, 1.098612]","moving_00002: score=0.776, d=52.9, reason=OK | moving_00003: score=0.757, d=54.1, reason=OK | moving_00001: score=0.678, d=122.6, reason=OK"
fixed,fixed_00115,115,Structure 2,matched_review,False,,3234.7059927222226,67.32526355555557,2169.927530824093,186.3479412966239,0.7852462943089509,2.13805584305177,0.0,2.186821650383982e-06,0.002222222222285005,0.0014285714359500142,"[0.816613, 1.501327, 0.577435, 0.577435, 1.183387, 2.145069]","[0.032619, 0.056126, 0.322509, 0.047181, 0.018817, 0.522748]","[-1.098612, -1.098612, -1.098612, -1.098612, -1.098612, -1.098612]","moving_00003: score=0.551, d=68.6, reason=ERR_NOT_MUTUAL | moving_00165: score=0.533, d=70.0, reason=OK | moving_00164: score=0.529, d=433.2, reason=OK"
fixed,fixed_00116,116,Structure 2,no_counterpart,False,,569.9899494112467,458.0254887937076,330552.2908489366,2626.2977212589963,0.6022296333772854,1.6035418904621628,143.19089685957434,0.00033312582837176634,0.026666666667420114,0.022857142858696246,"[1.167703, 1.009868, 0.988486, 0.990132, 1.013623, 0.713653]","[0.054458, 0.02109, 0.032394, 0.020976, 0.016694, 0.854388]","[-6.124683, -6.124683, -6.124683, -6.124683, -6.124683, -1.658775]","moving_00069: score=0.283, d=449.5, reason=ERR_AREA | moving_00359: score=0.279, d=602.0, reason=ERR_AREA | moving_00064: score=0.272, d=484.9, reason=ERR_AREA"
fixed,fixed_00117,117,Structure 2,matched_review,False,,15956.424852666669,214.46922666666669,723.3091646793741,107.69743729662464,0.7836517241720182,1.0690279079337623,136.91082066166533,7.289405377705372e-07,0.001111111097015314,0.0014285714359500137,"[1.717981, 0.332451, 0.359882, 0.443318, 1.556682, 1.586172]","[0.024188, 0.0062, 0.020978, 0.017993, 0.365544, 0.565096]","[6.415097, 0.0, 0.0, -0.0, 4.691348, 0.0]","moving_00048: score=0.583, d=187.9, reason=OK | moving_00050: score=0.577, d=240.9, reason=OK | moving_00047: score=0.522, d=269.8, reason=OK"
fixed,fixed_00118,118,Structure 2,matched_anchor,False,,29.697995666666667,508.75715333333324,723.3091646793721,107.69743729662446,0.7836517241720188,1.0690279079337544,43.08917933262396,7.289405377705352e-07,0.0011111110970153082,0.0014285714359500172,"[0.337843, 1.35137, 1.858134, 0.506764, 0.844606, 1.155394]","[0.0, 0.0, 0.5, 0.0, 0.119622, 0.380378]","[-0.0, 0.0, 0.0, -0.0, -0.0, 4.465908]","moving_00375: score=0.757, d=36.5, reason=OK | moving_00376: score=0.751, d=37.1, reason=OK | moving_00156: score=0.562, d=503.4, reason=OK"
fixed,fixed_00119,119,Structure 2,matched_anchor,False,,29.69799566666667,582.329135,723.3091450167444,107.69743593035258,0.7836517227521572,1.0690279369944926,-136.9108207677271,7.289405179548228e-07,0.0011111110970153082,0.0014285713971153532,"[0.923077, 1.384615, 0.769231, 0.307692, 1.076923, 1.294246]","[0.0, 0.5, 0.0, 0.0, 0.093672, 0.406328]","[0.0, 0.0, 0.0, 0.0, 0.0, 4.465908]","moving_00376: score=0.821, d=36.6, reason=OK | moving_00375: score=0.738, d=110.1, reason=OK | moving_00377: score=0.635, d=55.4, reason=OK"
fixed,fixed_00120,120,Structure 2,no_counterpart,False,,16703.604630999995,729.4730983333334,723.309183072342,107.69743875720505,0.7836517228438405,1.0690279351179846,136.91082066132913,7.289405563067048e-07,0.0011111111252696652,0.0014285714359500126,"[2.045085, 1.767133, 1.577432, 0.038846, 0.163661, 0.422568]","[0.031156, 0.087073, 0.018705, 0.023644, 0.400528, 0.438892]","[2.564949, 6.415097, 4.691348, -0.0, -0.0, -0.0]","moving_00052: score=0.406, d=715.7, reason=OK | moving_00048: score=0.400, d=1052.8, reason=ERR_DIST | moving_00056: score=0.399, d=1173.0, reason=ERR_DIST"
fixed,fixed_00121,121,Structure 2,no_counterpart,False,,35383.099093,766.2590889999999,723.309163409783,107.69743739093865,0.7836517214239742,1.0690279641788192,-136.9108221718884,7.289405364910615e-07,0.001111111125269768,0.0014285713971153532,"[0.64645, 0.897847, 1.185157, 1.102153, 1.423136, 0.833234]","[0.0, 0.0, 0.256118, 0.078083, 0.081204, 0.584595]","[0.0, 0.0, 0.0, 5.926926, 0.0, 0.0]","moving_00383: score=0.540, d=588.5, reason=OK | moving_00380: score=0.517, d=404.7, reason=OK | moving_00366: score=0.502, d=1079.7, reason=ERR_DIST"
fixed,fixed_00122,122,Structure 2,no_counterpart,False,,16742.929882666667,803.0450796666668,723.3091646794094,107.69743729662741,0.783651724172016,1.0690279079338094,136.91082066145768,7.289405377705728e-07,0.0011111110970153655,0.0014285714359500172,"[2.023714, 1.739943, 1.541717, 0.125608, 0.458283, 0.038918]","[0.031281, 0.088798, 0.050122, 0.399427, 0.069627, 0.360745]","[2.564949, 6.415097, 4.691348, -0.0, -0.0, 0.0]","moving_00053: score=0.444, d=865.8, reason=ERR_DIST | moving_00052: score=0.428, d=780.8, reason=OK | moving_00056: score=0.427, d=1188.1, reason=ERR_DIST"
fixed,fixed_00123,123,Structure 2,no_counterpart,False,,16821.580385666664,1060.5470153333333,723.3091646793403,107.69743729662194,0.7836517241720209,1.0690279079337137,-136.91082067361265,7.289405377705031e-07,0.0011111110970152627,0.0014285714359500126,"[1.978945, 1.67259, 1.431874, 0.568126, 0.165008, 0.126407]","[0.03098, 0.093666, 0.47488, 0.072293, 0.007302, 0.320879]","[2.564949, 6.415097, 4.691348, 0.0, 0.0, 0.0]","moving_00048: score=0.459, d=1371.2, reason=ERR_DIST | moving_00057: score=0.439, d=1369.5, reason=ERR_DIST | moving_00050: score=0.436, d=1250.1, reason=ERR_DIST"
fixed,fixed_00124,124,Structure 2,matched_review,False,,35383.099093000004,1428.4069236666667,723.3091830724088,107.69743875721036,0.7836517228438357,1.0690279351180834,43.08917935464867,7.289405563067721e-07,0.001111111125269768,0.0014285714359500126,"[0.341463, 0.731707, 1.609756, 1.487805, 1.121951, 0.878049]","[0.0, 0.0, 0.0, 0.0, 0.5, 0.5]","[0.0, 0.0, -0.0, 1.098612, 0.0, -0.0]","moving_00383: score=0.672, d=73.7, reason=OK | moving_00382: score=0.611, d=147.2, reason=OK | moving_00380: score=0.556, d=257.5, reason=OK"
fixed,fixed_00125,125,Structure 2,no_counterpart,False,,20990.05704457582,1685.9088589904907,9403.019219791375,367.61736041785036,0.8743496953565769,1.0690279357435044,136.91082121886907,9.47622707059124e-06,0.003333333347554696,0.004285714269015383,"[0.91242, 1.08758, 0.095981, 1.285918, 1.345787, 0.45084]","[0.02153, 0.175219, 0.039807, 0.146407, 0.007179, 0.609859]","[5.331231, 2.383811, 3.97319, 2.03017, 2.126399, 3.850148]","moving_00190: score=0.245, d=1977.9, reason=ERR_DIST | moving_00406: score=0.235, d=3081.9, reason=ERR_DIST;ERR_AREA | moving_00187: score=0.226, d=2787.6, reason=ERR_DIST;ERR_AREA"
fixed,fixed_00126,126,Structure 2,matched_review,False,,35383.099093000004,1685.9088593333333,723.3091830724088,107.69743875721036,0.7836517228438357,1.0690279351180834,-43.08917949871967,7.289405563067721e-07,0.001111111125269768,0.0014285714359500126,"[0.405063, 1.316456, 1.189873, 0.810127, 1.265823, 0.35443]","[0.0, 0.0, 0.0, 0.5, 0.0, 0.5]","[0.0, -0.0, 1.098612, 0.0, -0.0, 0.0]","moving_00213: score=0.631, d=404.3, reason=OK | moving_00212: score=0.627, d=330.8, reason=OK | moving_00219: score=0.591, d=1103.0, reason=ERR_DIST"
fixed,fixed_00127,127,Structure 2,no_counterpart,False,,1591.6283222135837,1883.122643101491,15189.492553714908,531.7027763627873,0.6751733211894159,1.3362849075908056,136.9108213090813,1.530775138937245e-05,0.0055555555415853245,0.0057142857049653955,"[0.441637, 1.019147, 1.005935, 0.994065, 1.017728, 0.848592]","[0.009721, 0.010843, 0.027912, 0.031309, 0.303447, 0.616767]","[5.945296, -3.044522, -3.044522, -1.94591, -1.435085, 4.362188]","moving_00069: score=0.429, d=1394.8, reason=ERR_DIST | moving_00070: score=0.280, d=1122.9, reason=ERR_DIST | moving_00071: score=0.276, d=948.6, reason=ERR_DIST;ERR_AREA"
fixed,fixed_00128,128,Structure 2,matched_anchor,False,,35383.099093000004,1980.196785666667,723.3091830724088,107.69743875721036,0.7836517228438357,1.0690279351180834,43.08917935405489,7.289405563067721e-07,0.001111111125269768,0.0014285714359500126,"[1.180328, 1.016393, 0.52459, 2.163934, 0.983607, 0.52459]","[0.0, 0.0, 0.5, 0.0, 0.0, 0.5]","[-0.0, 1.098612, 0.0, -0.0, 0.0, 0.0]","moving_00212: score=0.797, d=36.7, reason=OK | moving_00215: score=0.695, d=183.6, reason=OK | moving_00213: score=0.693, d=110.1, reason=OK"
fixed,fixed_00129,129,Structure 2,matched_anchor,False,,35383.099093,2274.484712333333,723.3091830724134,107.69743875721068,0.783651722843836,1.0690279351180767,-43.089179498715126,7.289405563067767e-07,0.001111111125269768,0.0014285714359500215,"[0.769231, 2.461538, 0.576923, 1.769231, 1.230769, 0.615385]","[0.0, 0.0, 0.5, 0.0, 0.0, 0.5]","[-0.0, -0.0, 1.098612, -0.0, -0.0, -0.0]","moving_00216: score=0.776, d=37.4, reason=OK | moving_00215: score=0.751, d=110.8, reason=OK | moving_00217: score=0.650, d=183.5, reason=OK"
fixed,fixed_00130,130,Structure 2,no_counterpart,False,,10254.52909644239,2586.5856748459764,26762.439317970668,683.925262315633,0.7189824146497579,1.2828335128056456,154.93382017057675,2.697080012409416e-05,0.006666666666855041,0.0071428571409154,"[1.074428, 1.003316, 0.491309, 0.524032, 0.996684, 1.03955]","[0.338209, 0.003283, 0.020225, 0.022665, 0.030247, 0.585372]","[2.2612, -3.610918, 3.866121, -2.00148, -3.610918, -3.610918]","moving_00086: score=0.392, d=2459.2, reason=ERR_DIST | moving_00499: score=0.320, d=1709.2, reason=ERR_DIST | moving_00391: score=0.283, d=779.0, reason=ERR_AREA"
fixed,fixed_00131,131,Structure 2,no_counterpart,False,,35383.099093,2550.379643222222,2169.9275492172223,181.26942075721016,0.8298622394684565,1.8708585007922012,90.0,2.186821668920312e-06,0.001111111125269768,0.0028571428719000253,"[0.128205, 1.25641, 0.384615, 1.564103, 1.205128, 0.794872]","[0.0, 0.5, 0.0, 0.0, 0.0, 0.5]","[-1.098612, -1.098612, -1.098612, -1.098612, -1.098612, -1.098612]","moving_00217: score=0.543, d=92.5, reason=OK | moving_00219: score=0.447, d=238.5, reason=OK | moving_00216: score=0.385, d=313.1, reason=OK"
fixed,fixed_00132,132,Structure 2,matched_review,False,,35383.099093000004,2642.3446203333333,723.3091830724044,107.69743875721005,0.7836517228438353,1.06902793511809,-43.08917949871372,7.289405563067677e-07,0.001111111125269768,0.001428571435950004,"[1.1, 0.125, 0.5, 0.9, 1.3, 1.65]","[0.5, 0.0, 0.0, 0.0, 0.0, 0.5]","[-0.0, 1.098612, 0.0, 0.0, 0.0, 0.0]","moving_00219: score=0.665, d=146.6, reason=OK | moving_00217: score=0.629, d=184.5, reason=OK | moving_00408: score=0.574, d=1727.7, reason=ERR_DIST"
fixed,fixed_00133,133,Structure 2,matched_anchor,False,,35383.099093000004,3451.636418,723.3091634097896,107.69743739093911,0.7836517214239743,1.0690279641788092,-43.0891776411831,7.289405364910682e-07,0.001111111125269768,0.0014285713971153664,"[0.844444, 1.022222, 1.155556, 0.533333, 1.088889, 0.977778]","[0.0, 0.0, 0.0, 0.5, 0.0, 0.5]","[0.0, 0.0, 0.0, 0.0, 1.098612, 0.0]","moving_00395: score=0.839, d=4.3, reason=OK | moving_00220: score=0.744, d=74.5, reason=OK | moving_00219: score=0.620, d=662.8, reason=OK"
fixed,fixed_00134,134,Structure 2,matched_review,False,,29.697995666666667,3561.9943903333333,723.3091646793654,107.697437296624,0.783651724172018,1.0690279079337641,-136.91082066738437,7.289405377705284e-07,0.0011111110970153082,0.001428571435950004,"[0.25, 0.5, 0.875, 1.125, 1.375, 1.625]","[0.5, 0.0, 0.0, 0.0, 0.0, 0.5]","[0.0, 0.0, 0.0, 0.0, 0.0, -0.0]","moving_00393: score=0.636, d=184.8, reason=ERR_NOT_MUTUAL | moving_00398: score=0.605, d=219.7, reason=ERR_NOT_MUTUAL | moving_00079: score=0.551, d=736.3, reason=ERR_NOT_MUTUAL"
fixed,fixed_00135,135,Structure 2,matched_review,False,,29.697995666666667,3635.566372333333,723.3091646793654,107.697437296624,0.783651724172018,1.0690279079337641,-136.91082066738474,7.289405377705284e-07,0.0011111110970153082,0.001428571435950004,"[1.1, 0.2, 0.6, 0.9, 1.1, 1.3]","[0.5, 0.0, 0.0, 0.0, 0.0, 0.5]","[-0.0, 0.0, 0.0, 0.0, 0.0, 0.0]","moving_00398: score=0.651, d=146.2, reason=OK | moving_00393: score=0.598, d=258.3, reason=ERR_NOT_MUTUAL | moving_00396: score=0.591, d=35.9, reason=ERR_AREA"
fixed,fixed_00136,136,Structure 2,no_counterpart,False,,7087.8043275411,4114.698913347544,399989.9711078071,3070.898844171019,0.5330009027100608,1.1662122837923539,28.125885442304988,0.00040310412045088933,0.026666666667420114,0.03142857143556166,"[0.358929, 0.907644, 1.267079, 1.092356, 0.845845, 1.121058]","[0.169875, 0.262849, 0.071367, 0.0936, 0.286855, 0.115454]","[-0.44324, -0.388432, 0.245673, 3.725846, -6.315358, -2.70444]","moving_00218: score=0.460, d=1028.5, reason=ERR_DIST | moving_00223: score=0.438, d=2730.2, reason=ERR_DIST | moving_00214: score=0.390, d=2224.8, reason=ERR_DIST"
fixed,fixed_00137,137,Structure 2,matched_review,False,,35383.099093,3893.068307666666,723.3091830724134,107.69743875721068,0.783651722843836,1.0690279351180767,43.089179354057194,7.289405563067767e-07,0.001111111125269768,0.0014285714359500215,"[0.538462, 0.846154, 1.076923, 1.423077, 1.846154, 0.923077]","[0.0, 0.0, 0.0, 0.0, 0.5, 0.5]","[-0.0, -0.0, 0.0, 1.098612, -0.0, -0.0]","moving_00408: score=0.600, d=477.0, reason=ERR_NOT_MUTUAL | moving_00410: score=0.551, d=624.1, reason=OK | moving_00219: score=0.530, d=1104.2, reason=ERR_DIST"
fixed,fixed_00138,138,Structure 2,matched_anchor,False,,29.697995666666667,4040.212271000001,723.3091450167421,107.69743593035243,0.783651722752157,1.069027936994496,43.08917923227203,7.289405179548205e-07,0.0011111110970153082,0.0014285713971153489,"[0.363636, 0.606061, 0.848485, 1.454545, 1.151515, 1.333333]","[0.0, 0.0, 0.0, 0.0, 0.5, 0.5]","[0.0, -0.0, 0.0, 0.0, 1.098612, 0.0]","moving_00402: score=0.827, d=1.7, reason=OK | moving_00404: score=0.738, d=72.5, reason=OK | moving_00398: score=0.602, d=258.5, reason=ERR_NOT_MUTUAL"
fixed,fixed_00139,139,Structure 2,no_counterpart,False,,8171.012802824856,4421.292684235849,256774.75544786264,2634.7880235306166,0.46480503823883995,1.1005050091478723,122.67679280806237,0.000258773892910693,0.01888888890354976,0.02857142860249629,"[1.104947, 0.807893, 0.362951, 1.170835, 1.169186, 0.895053]","[0.108282, 0.265755, 0.06912, 0.224614, 0.047459, 0.284769]","[1.533378, 0.054808, 0.44324, -5.872118, 1.604921, -2.2612]","moving_00218: score=0.447, d=1475.9, reason=ERR_DIST | moving_00223: score=0.410, d=3507.1, reason=ERR_DIST | moving_00214: score=0.409, d=3250.7, reason=ERR_DIST"
fixed,fixed_00140,140,Structure 2,matched_anchor,False,,29.697995666666667,4150.570243333334,723.3091646793654,107.69743729662399,0.7836517241720182,1.0690279079337641,-136.9108206673851,7.289405377705284e-07,0.0011111110970153082,0.001428571435950004,"[0.380952, 0.761905, 1.714286, 1.238095, 0.571429, 2.666667]","[0.0, 0.0, 0.0, 0.5, 0.0, 0.5]","[-0.0, 0.0, 0.0, 1.098612, -0.0, 0.0]","moving_00404: score=0.847, d=37.9, reason=OK | moving_00402: score=0.692, d=111.5, reason=OK | moving_00407: score=0.642, d=182.7, reason=OK"
fixed,fixed_00141,141,Structure 2,no_counterpart,False,,3156.4633896941423,4696.3244973913625,511379.5832732448,3941.1720433675946,0.4137161380644579,1.2334937620551814,-27.460129307911085,0.000515360964078632,0.03333333333427514,0.03714285714052706,"[0.799132, 0.895688, 1.104312, 1.161307, 1.164138, 0.640989]","[0.021571, 0.129281, 0.065868, 0.004648, 0.296722, 0.481911]","[-2.754368, 1.655868, 0.068333, -6.561031, -5.462418, 3.480173]","moving_00223: score=0.448, d=2118.5, reason=ERR_DIST | moving_00229: score=0.386, d=2443.3, reason=ERR_DIST | moving_00389: score=0.352, d=1916.1, reason=ERR_DIST"
fixed,fixed_00142,142,Structure 2,matched_review,False,,35383.099093000004,4150.570243333334,723.3091830724044,107.69743875721005,0.7836517228438353,1.06902793511809,136.9108208323091,7.289405563067677e-07,0.001111111125269768,0.001428571435950004,"[0.432432, 0.756757, 1.243243, 1.837838, 0.756757, 2.054054]","[0.0, 0.0, 0.0, 0.5, 0.0, 0.5]","[0.0, 0.0, 1.098612, 0.0, 0.0, -0.0]","moving_00408: score=0.601, d=219.5, reason=OK | moving_00219: score=0.597, d=1361.7, reason=ERR_DIST | moving_00411: score=0.554, d=440.2, reason=ERR_NOT_MUTUAL"
fixed,fixed_00143,143,Structure 2,matched_anchor,False,,29.697995666666667,4224.142224999999,723.3091450167333,107.6974359303518,0.7836517227521566,1.069027936994509,43.08917923227323,7.289405179548116e-07,0.0011111110970153082,0.0014285713971153313,"[0.421053, 1.473684, 0.947368, 0.421053, 1.052632, 3.368421]","[0.0, 0.0, 0.5, 0.0, 0.0, 0.5]","[0.0, 0.0, 1.098612, 0.0, 0.0, 0.0]","moving_00402: score=0.725, d=185.0, reason=OK | moving_00404: score=0.693, d=111.5, reason=OK | moving_00407: score=0.633, d=109.2, reason=ERR_NOT_MUTUAL"
fixed,fixed_00144,144,Structure 2,matched_anchor,False,,29.697995666666667,4297.714206666667,723.3091646793654,107.69743729662399,0.7836517241720182,1.0690279079337641,136.91082066736735,7.289405377705284e-07,0.0011111110970153082,0.001428571435950004,"[1.111111, 0.555556, 0.444444, 0.888889, 1.555556, 4.0]","[0.0, 0.5, 0.0, 0.0, 0.0, 0.5]","[0.0, 1.098612, -0.0, 0.0, -0.0, 0.0]","moving_00407: score=0.815, d=35.6, reason=OK | moving_00409: score=0.707, d=109.1, reason=OK | moving_00404: score=0.691, d=185.0, reason=ERR_NOT_MUTUAL"
fixed,fixed_00145,145,Structure 2,matched_review,False,,35383.099093000004,4297.714206666667,723.3091830724044,107.69743875721005,0.7836517228438353,1.06902793511809,43.08917935524519,7.289405563067677e-07,0.001111111125269768,0.001428571435950004,"[0.324324, 0.810811, 1.405405, 1.189189, 0.432432, 2.486486]","[0.0, 0.0, 0.5, 0.0, 0.0, 0.5]","[0.0, 1.098612, 0.0, 0.0, 0.0, -0.0]","moving_00408: score=0.712, d=72.5, reason=OK | moving_00410: score=0.569, d=219.5, reason=OK | moving_00395: score=0.550, d=846.9, reason=ERR_DIST"
fixed,fixed_00146,146,Structure 2,matched_review,False,,29.697995555555565,4389.679183777778,2169.927494038114,181.26941929662473,0.8298622317391764,1.8708585483663,90.0,2.1868216133116034e-06,0.0011111110970153082,0.002857142871900043,"[0.454545, 3.545455, 1.727273, 1.181818, 0.818182, 0.454545]","[0.0, 0.5, 0.0, 0.0, 0.0, 0.5]","[-1.098612, -1.098612, -1.098612, -1.098612, -1.098612, -1.098612]","moving_00409: score=0.614, d=17.2, reason=ERR_NOT_MUTUAL | moving_00400: score=0.564, d=479.3, reason=OK | moving_00407: score=0.546, d=56.4, reason=OK"
fixed,fixed_00147,147,Structure 2,matched_anchor,False,,35383.099093000004,4408.072179333334,723.3091830724222,107.6974387572113,0.7836517228438364,1.0690279351180636,136.91082083468336,7.289405563067857e-07,0.001111111125269768,0.001428571435950039,"[0.529412, 1.176471, 2.470588, 1.647059, 0.823529, 0.352941]","[0.0, 0.0, 0.5, 0.0, 0.0, 0.5]","[1.098612, -0.0, -0.0, -0.0, -0.0, -0.0]","moving_00408: score=0.777, d=38.2, reason=OK | moving_00410: score=0.653, d=109.2, reason=OK | moving_00411: score=0.614, d=182.7, reason=OK"
fixed,fixed_00148,148,Structure 2,matched_review,False,,29.697995666666667,4481.644160666667,723.3091646793833,107.69743729662524,0.7836517241720196,1.0690279079337377,136.91082066736868,7.289405377705465e-07,0.0011111110970153082,0.001428571435950039,"[2.125, 0.3125, 0.875, 0.625, 1.125, 1.5]","[0.5, 0.0, 0.0, 0.0, 0.0, 0.5]","[0.0, 1.098612, -0.0, -0.0, -0.0, -0.0]","moving_00409: score=0.701, d=74.8, reason=OK | moving_00407: score=0.656, d=148.3, reason=OK | moving_00087: score=0.558, d=476.8, reason=OK"
fixed,fixed_00149,149,Structure 2,matched_review,False,,35383.099093000004,4573.6091377777775,2169.927549217231,181.26942075721075,0.8298622394684543,1.8708585007922127,90.0,2.186821668920321e-06,0.001111111125269768,0.002857142871900043,"[0.578947, 1.736842, 1.947368, 0.473684, 1.210526, 0.789474]","[0.0, 0.5, 0.0, 0.0, 0.0, 0.5]","[-1.098612, -1.098612, -1.098612, -1.098612, -1.098612, -1.098612]","moving_00411: score=0.622, d=17.6, reason=OK | moving_00410: score=0.489, d=56.6, reason=OK | moving_00412: score=0.439, d=421.6, reason=OK"
fixed,fixed_00150,150,Structure 2,matched_review,False,,35383.099093000004,4775.932087333334,723.3091830724044,107.69743875721005,0.7836517228438353,1.06902793511809,136.9108208323073,7.289405563067677e-07,0.001111111125269768,0.001428571435950004,"[0.916667, 1.666667, 0.833333, 0.458333, 1.083333, 1.416667]","[0.0, 0.5, 0.0, 0.0, 0.0, 0.5]","[0.0, 0.0, 0.0, 1.098612, 0.0, 0.0]","moving_00411: score=0.674, d=185.3, reason=OK | moving_00410: score=0.547, d=258.8, reason=OK | moving_00408: score=0.522, d=405.9, reason=OK"
fixed,fixed_00151,151,Structure 2,matched_anchor,False,,29.697995666666667,5107.006004333334,723.3091646793833,107.69743729662524,0.7836517241720196,1.0690279079337377,-136.91082066738292,7.289405377705465e-07,0.0011111110970153082,0.001428571435950039,"[0.173913, 0.347826, 0.869565, 1.130435, 1.391304, 1.478261]","[0.0, 0.0, 0.0, 0.0, 0.5, 0.5]","[-0.0, -0.0, -0.0, -0.0, -0.0, 0.0]","moving_00413: score=0.743, d=35.3, reason=OK | moving_00088: score=0.706, d=75.1, reason=OK | moving_00087: score=0.690, d=148.6, reason=OK"
fixed,fixed_00152,152,Structure 2,no_counterpart,False,,24859.17574950857,6018.710735460591,193123.54850927516,1662.1384501390046,0.8784371706648,1.0913341329806858,90.0,0.00019462712513660456,0.013333333333710081,0.01999999998679621,"[0.200225, 0.979398, 1.636388, 1.020602, 0.195292, 1.633824]","[0.243543, 0.15381, 0.031343, 0.118404, 0.071647, 0.381253]","[-5.587249, -2.64281, -0.638489, 0.641262, 3.489446, 1.778564]","moving_00500: score=0.327, d=3213.9, reason=ERR_DIST | moving_00426: score=0.299, d=1131.6, reason=ERR_DIST | moving_00082: score=0.289, d=2802.7, reason=ERR_DIST"
fixed,fixed_00153,153,Structure 2,no_counterpart,False,,13674.994713376464,6307.471447967603,305959.7789076631,2692.881891901313,0.5301998378136595,1.170840111238153,-47.50067023776127,0.00030834184974272926,0.025555555570404797,0.029999999999611674,"[0.44532, 1.044533, 1.199885, 0.955467, 0.870085, 1.097002]","[0.172161, 0.06065, 0.063258, 0.013768, 0.176579, 0.513584]","[0.278777, -3.214159, -0.401925, -2.613385, 1.358123, -2.436454]","moving_00094: score=0.432, d=4711.8, reason=ERR_DIST | moving_00421: score=0.424, d=1730.0, reason=ERR_DIST | moving_00418: score=0.380, d=4758.0, reason=ERR_DIST"
fixed,fixed_00154,154,Structure 2,matched_anchor,False,,35383.099093000004,6210.585728666667,723.3091830724044,107.69743875721005,0.7836517228438353,1.06902793511809,43.089179352862175,7.289405563067677e-07,0.001111111125269768,0.001428571435950004,"[1.166667, 0.243973, 0.416667, 0.833333, 1.166667, 2.166667]","[0.130308, 0.369692, 0.0, 0.0, 0.0, 0.5]","[0.0, -0.0, 1.098612, 0.0, -0.0, 0.0]","moving_00423: score=0.860, d=4.6, reason=OK | moving_00433: score=0.579, d=1064.5, reason=ERR_DIST | moving_00428: score=0.571, d=880.6, reason=ERR_DIST"
fixed,fixed_00155,155,Structure 2,matched_anchor,False,,29.697995666666667,6247.371719666667,723.3091646793833,107.69743729662524,0.7836517241720196,1.0690279079337377,136.9108206673679,7.289405377705465e-07,0.0011111110970153082,0.001428571435950039,"[0.555556, 1.166667, 0.388889, 0.888889, 1.111111, 1.333333]","[0.0, 0.5, 0.0, 0.0, 0.0, 0.5]","[0.0, 1.098612, 2.397895, -0.0, -0.0, 0.0]","moving_00424: score=0.818, d=71.6, reason=OK | moving_00416: score=0.582, d=847.7, reason=ERR_DIST | moving_00088: score=0.549, d=1215.4, reason=ERR_DIST"
fixed,fixed_00156,156,Structure 2,matched_review,False,,35343.77384166667,6247.371719666668,723.3091646794205,107.69743729662818,0.7836517241720169,1.0690279079337928,136.91082083451246,7.28940537770584e-07,0.0011111110970153655,0.001428571435950039,"[1.0, 2.303844, 1.324329, 1.0, 0.60048, 0.24019]","[0.540192, 0.009013, 0.00692, 0.019117, 0.083128, 0.34163]","[0.0, 0.0, -0.0, 0.0, 1.098612, 0.0]","moving_00423: score=0.697, d=52.2, reason=OK | moving_00226: score=0.522, d=444.6, reason=OK | moving_00427: score=0.518, d=514.1, reason=OK"
fixed,fixed_00157,157,Structure 2,matched_review,False,,29.697995666666667,6431.301673666666,723.3091646793833,107.69743729662524,0.7836517241720196,1.0690279079337377,136.91082066736791,7.289405377705465e-07,0.0011111110970153082,0.001428571435950039,"[1.294118, 1.0, 0.647059, 1.0, 0.588235, 1.529412]","[0.0, 0.0, 0.5, 0.0, 0.0, 0.5]","[-0.0, 1.098612, 1.098612, 2.397895, 0.0, -0.0]","moving_00424: score=0.690, d=112.3, reason=OK | moving_00415: score=0.568, d=1105.2, reason=ERR_DIST | moving_00416: score=0.510, d=1031.6, reason=ERR_DIST"
fixed,fixed_00158,158,Structure 2,no_counterpart,False,,7730.19396527206,6888.052884802848,271240.9388013817,2558.0859582308485,0.5208765853506433,1.247239010735323,-118.12512651085135,0.0002733527037265019,0.020000000000565097,0.03428571430746172,"[0.807739, 0.782881, 1.418848, 1.287568, 1.063696, 0.936304]","[0.039836, 0.083999, 0.078596, 0.471533, 0.064371, 0.261665]","[1.47857, -2.492939, -0.281479, 6.361791, 0.388432, -0.054808]","moving_00501: score=0.460, d=2380.0, reason=ERR_DIST | moving_00094: score=0.419, d=1372.2, reason=ERR_DIST | moving_00223: score=0.381, d=2975.6, reason=ERR_DIST"
fixed,fixed_00159,159,Structure 2,no_counterpart,False,,9824.679836386089,7423.1500071339515,1189843.5849608274,8434.603502907186,0.21016984000864777,1.0690279265861833,-43.089178763566146,0.0011991071937663533,0.05444444443185554,0.07000000001203874,"[1.226166, 0.884971, 0.174208, 1.134555, 0.70332, 1.115029]","[0.090544, 0.071568, 0.013759, 0.196654, 0.130053, 0.497423]","[-4.572282, -1.760049, -3.971508, 4.883221, -1.47857, -1.533378]","moving_00236: score=0.410, d=3870.4, reason=ERR_DIST | moving_00422: score=0.395, d=1193.3, reason=ERR_DIST | moving_00405: score=0.302, d=2464.5, reason=ERR_DIST"
fixed,fixed_00160,160,Structure 2,matched_review,False,,35383.099093000004,6468.087664333333,723.3091830724044,107.69743875721005,0.7836517228438353,1.06902793511809,136.91082083467876,7.289405563067677e-07,0.001111111125269768,0.001428571435950004,"[0.566929, 0.883721, 0.651163, 1.116279, 1.302326, 1.860465]","[0.028062, 0.0, 0.0, 0.0, 0.0, 0.971938]","[-0.0, 1.098612, 0.0, 0.0, -0.0, 0.0]","moving_00425: score=0.586, d=16.9, reason=OK | moving_00427: score=0.580, d=292.2, reason=OK | moving_00423: score=0.552, d=259.5, reason=ERR_NOT_MUTUAL"
fixed,fixed_00161,161,Structure 2,matched_review,False,,29.69799555555556,6633.624623,2169.9274743755,181.2694186628968,0.8298622300219385,1.8708585483663,-136.91081921364287,2.1868215934959046e-06,0.0011111110970153082,0.002857142871900043,"[0.6875, 1.4375, 0.375, 1.75, 1.3125, 0.6875]","[0.0, 0.0, 0.5, 0.0, 0.0, 0.5]","[-1.098612, -1.098612, -0.0, 1.299283, -1.098612, -1.098612]","moving_00096: score=0.702, d=80.0, reason=OK | moving_00417: score=0.477, d=1068.5, reason=ERR_DIST | moving_00419: score=0.471, d=958.2, reason=ERR_DIST"
fixed,fixed_00162,162,Structure 2,no_counterpart,False,,2565.302823016869,6770.414011197211,32548.912648720026,706.1877857144749,0.820173901150606,1.2828335128056487,-154.9338201705767,3.280232443967648e-05,0.006666666666855041,0.007142857140915382,"[0.716786, 0.987131, 0.189913, 1.190887, 1.153559, 1.012869]","[0.231099, 0.008568, 0.057823, 0.069738, 0.222794, 0.409979]","[-1.098612, 4.306165, 4.410236, -2.70805, 2.822701, 2.754368]","moving_00084: score=0.433, d=2638.8, reason=ERR_DIST | moving_00100: score=0.386, d=2492.9, reason=ERR_DIST | moving_00101: score=0.272, d=2056.9, reason=ERR_DIST;ERR_AREA"
fixed,fixed_00163,163,Structure 2,matched_review,False,,29.69799555555555,6743.9825955,2169.9274743754822,181.26941793035252,0.8298622367291949,1.8708585229373373,90.0,2.186821593495887e-06,0.0011111110970153082,0.00285714283306537,"[0.294118, 1.0, 1.823529, 0.352941, 1.588235, 1.0]","[0.0, 0.0, 0.5, 0.0, 0.0, 0.5]","[-1.098612, -1.098612, -1.098612, 0.0, -1.098612, -1.098612]","moving_00096: score=0.636, d=138.0, reason=OK | moving_00417: score=0.499, d=1178.8, reason=ERR_DIST | moving_00419: score=0.491, d=1068.5, reason=ERR_DIST"
fixed,fixed_00164,164,Structure 2,matched_review,False,,29.697995666666667,6835.947572666666,723.3091646793654,107.69743729662399,0.7836517241720182,1.0690279079337641,136.9108206673685,7.289405377705284e-07,0.0011111110970153082,0.001428571435950004,"[0.705882, 1.529412, 0.294118, 0.647059, 1.294118, 1.882353]","[0.0, 0.5, 0.0, 0.0, 0.0, 0.5]","[0.0, -0.0, 1.098612, 1.098612, 0.0, 0.0]","moving_00424: score=0.589, d=517.0, reason=OK | moving_00437: score=0.533, d=990.7, reason=ERR_DIST | moving_00432: score=0.509, d=402.3, reason=OK"
fixed,fixed_00165,165,Structure 2,matched_anchor,False,,35383.099093000004,7571.667388666666,723.3091830724222,107.6974387572113,0.7836517228438364,1.0690279351180636,43.089179352861336,7.289405563067857e-07,0.001111111125269768,0.001428571435950039,"[0.808044, 0.986522, 1.081957, 0.821739, 1.013478, 1.150435]","[0.495275, 0.004725, 0.0, 0.0, 0.0, 0.5]","[1.098612, -0.0, 1.098612, -0.0, -0.0, 0.0]","moving_00231: score=0.848, d=4.9, reason=OK | moving_00232: score=0.622, d=181.5, reason=OK | moving_00433: score=0.583, d=296.6, reason=OK"
fixed,fixed_00166,166,Structure 2,no_counterpart,False,,14929.69459448716,7930.802414467585,404329.8260768556,4021.207592287827,0.3142191542126623,3.359802058652877,-169.40326956380716,0.0004074777636583366,0.04888888889027022,0.01999999998679621,"[0.924093, 0.892025, 1.12438, 1.075907, 0.430284, 1.190703]","[0.219222, 0.113669, 0.014663, 0.1295, 0.287408, 0.235538]","[0.594522, -3.492936, -2.892162, 1.079346, -0.278777, -1.81529]","moving_00421: score=0.409, d=3446.9, reason=ERR_DIST | moving_00418: score=0.400, d=4008.9, reason=ERR_DIST | moving_00430: score=0.376, d=5243.7, reason=ERR_DIST"
fixed,fixed_00167,167,Structure 2,no_counterpart,False,,35383.099093,8656.8541175,2169.9275295545626,181.26941939093678,0.8298622444584752,1.8708584753632276,90.0,2.1868216491045675e-06,0.001111111125269768,0.002857142833065335,"[0.752294, 1.100917, 0.917431, 0.458716, 1.229358, 1.082569]","[0.0, 0.0, 0.0, 0.0, 0.5, 0.5]","[-1.098612, 0.0, 0.0, -1.098612, 0.510826, -1.098612]","moving_00241: score=0.492, d=125.9, reason=OK | moving_00247: score=0.448, d=953.2, reason=ERR_DIST | moving_00239: score=0.400, d=315.4, reason=OK"
fixed,fixed_00168,168,Structure 2,matched_anchor,False,,35383.099093,9116.679002666668,723.3091830723865,107.6974387572088,0.7836517228438342,1.0690279351181164,43.089179357622236,7.289405563067497e-07,0.001111111125269768,0.0014285714359499686,"[0.533333, 1.166667, 0.833333, 1.4, 1.800353, 0.833333]","[0.0, 0.0, 0.0, 0.00315, 0.49685, 0.5]","[0.0, 1.098612, 1.098612, 1.609438, 1.098612, 1.098612]","moving_00243: score=0.737, d=70.6, reason=OK | moving_00242: score=0.673, d=113.4, reason=OK | moving_00245: score=0.565, d=291.2, reason=ERR_NOT_MUTUAL"
fixed,fixed_00169,169,Structure 2,no_counterpart,False,,29.697995533333334,9705.254855500001,3616.545803734213,254.84140066289572,0.6997837721639107,2.8062878225494385,90.0,3.6447026690369436e-06,0.0011111110970153082,0.004285714307850047,"[1.677209, 0.768721, 1.956744, 0.978372, 0.55907, 1.021628]","[0.0, 0.5, 0.0, 0.0, 0.081028, 0.418972]","[-1.609438, -0.510826, -1.609438, -1.609438, -1.609438, 3.152736]","moving_00455: score=0.471, d=205.5, reason=OK | moving_00103: score=0.441, d=800.7, reason=ERR_DIST | moving_00456: score=0.398, d=107.1, reason=ERR_AREA"
fixed,fixed_00170,170,Structure 2,no_counterpart,False,,35363.436467499996,10109.900754555554,2169.9275124311293,186.3479407572114,0.7852462921989952,2.1380558430518564,0.0,2.1868216318478188e-06,0.0022222222222851337,0.001428571435950039,"[0.596838, 1.191079, 1.445971, 1.233557, 0.808921, 0.512111]","[0.006056, 0.001071, 0.510867, 0.003081, 0.005196, 0.47373]","[-1.098612, -1.098612, -1.098612, 0.0, 0.0, 0.510826]","moving_00247: score=0.541, d=500.1, reason=OK | moving_00254: score=0.461, d=640.3, reason=OK | moving_00246: score=0.424, d=592.0, reason=OK"
fixed,fixed_00171,171,Structure 2,no_counterpart,False,,4408.389762750557,10981.083483732216,606856.3937561306,4770.574530716818,0.3350845666616892,1.2069670149632659,-19.5356007661898,0.0006115811158153532,0.03888888890411487,0.04428571428144247,"[0.83945, 1.029877, 0.997837, 1.002163, 0.889789, 1.022969]","[0.079802, 0.077834, 0.077692, 0.118796, 0.296091, 0.349785]","[1.067952, -1.688786, 0.833583, -0.291264, -4.024161, 5.556506]","moving_00507: score=0.484, d=3378.4, reason=ERR_DIST | moving_00252: score=0.473, d=690.9, reason=OK | moving_00240: score=0.437, d=1598.5, reason=ERR_DIST"
fixed,fixed_00172,172,Structure 2,matched_review,False,,35383.099093,10864.013566000001,2169.927529554598,181.2694201234816,0.8298622377512207,1.8708585007921896,43.08917933262819,2.186821649104603e-06,0.001111111125269768,0.002857142871900008,"[1.5, 0.368392, 2.7, 1.3, 0.7, 0.3]","[0.098547, 0.401453, 0.0, 0.0, 0.0, 0.5]","[-1.098612, -1.098612, -1.098612, -1.098612, -1.098612, -1.098612]","moving_00254: score=0.699, d=114.1, reason=OK | moving_00247: score=0.469, d=1254.0, reason=ERR_DIST | moving_00257: score=0.442, d=1320.1, reason=ERR_DIST"
fixed,fixed_00173,173,Structure 2,no_counterpart,False,,35343.77384166667,10919.192552333334,723.3091646793848,107.69743729662571,0.7836517241720143,1.0690279079338456,43.08917935760058,7.28940537770548e-07,0.0011111110970153655,0.0014285714359499686,"[1.087574, 2.149905, 1.440306, 0.912426, 0.56833, 0.328702]","[0.013921, 0.535283, 0.012381, 0.020957, 0.044066, 0.373391]","[0.0, -0.0, 0.0, 0.0, 0.0, 1.098612]","moving_00245: score=0.556, d=1511.8, reason=ERR_DIST | moving_00246: score=0.524, d=1401.5, reason=ERR_DIST | moving_00514: score=0.523, d=953.0, reason=ERR_DIST"
fixed,fixed_00174,174,Structure 2,no_counterpart,False,,35383.099093000004,11139.908497333334,723.3091830724222,107.6974387572113,0.7836517228438364,1.0690279351180636,43.089179335031524,7.289405563067857e-07,0.001111111125269768,0.001428571435950039,"[0.727273, 1.212121, 0.738726, 0.909091, 1.090909, 1.333333]","[0.0, 0.471938, 0.028062, 0.0, 0.0, 0.5]","[-0.0, -0.0, -0.0, 1.098612, 0.0, 0.0]","moving_00259: score=0.577, d=1430.3, reason=ERR_DIST | moving_00249: score=0.533, d=1437.9, reason=ERR_DIST | moving_00258: score=0.508, d=1246.4, reason=ERR_DIST"
fixed,fixed_00175,175,Structure 2,no_counterpart,False,,31009.889655312403,11334.648369444201,13742.874271608172,463.45186603924424,0.8040409481995547,1.2472390026238804,-90.0,1.3849870361451272e-05,0.003333333347554696,0.0057142857049653425,"[0.627579, 0.512962, 0.994386, 1.005614, 1.312524, 1.690053]","[8.1e-05, 0.217593, 0.466479, 0.149375, 0.045748, 0.120725]","[1.45001, 5.83773, 2.944439, 3.728859, 5.860786, -2.944439]","moving_00251: score=0.388, d=2056.9, reason=ERR_DIST | moving_00108: score=0.357, d=2103.9, reason=ERR_DIST | moving_00116: score=0.348, d=2635.0, reason=ERR_DIST"
fixed,fixed_00176,176,Structure 2,no_counterpart,False,,35383.099093000004,11360.624442000002,723.3091634097896,107.69743739093911,0.7836517214239743,1.0690279641788092,-43.089177641179575,7.289405364910682e-07,0.001111111125269768,0.0014285713971153664,"[0.313142, 0.943146, 1.056854, 0.469713, 1.174282, 1.330853]","[0.485859, 0.014141, 0.0, 0.0, 0.0, 0.5]","[0.0, 0.0, 1.098612, 0.0, 0.0, 0.0]","moving_00259: score=0.524, d=1209.6, reason=ERR_DIST | moving_00250: score=0.504, d=1585.1, reason=ERR_DIST | moving_00246: score=0.503, d=1842.5, reason=ERR_DIST"
fixed,fixed_00177,177,Structure 2,no_counterpart,False,,35383.099093,11507.768405333334,723.3091830723865,107.6974387572088,0.7836517228438342,1.0690279351181164,136.91082082992824,7.289405563067497e-07,0.001111111125269768,0.0014285714359499686,"[0.956335, 1.043665, 1.252398, 1.133122, 0.59638, 0.238552]","[0.010618, 0.0, 0.0, 0.0, 0.0, 0.989382]","[-0.0, 1.098612, 0.0, 0.0, 0.0, -0.0]","moving_00514: score=0.514, d=363.8, reason=OK | moving_00259: score=0.509, d=1062.4, reason=ERR_DIST | moving_00258: score=0.488, d=878.6, reason=ERR_DIST"
fixed,fixed_00178,178,Structure 2,no_counterpart,False,,3161.0201483768487,13613.63451603382,1765597.684337355,10317.982140710004,0.20840688911328675,1.4489982611965666,-124.37907039573271,0.0017793438661568603,0.056666666682394944,0.11285714285753123,"[0.889758, 1.128505, 0.465417, 0.660102, 1.169416, 1.110242]","[0.061912, 0.001065, 0.13699, 0.073982, 0.196372, 0.52968]","[-1.679866, -1.776715, -1.826353, -2.756738, -0.23437, -1.067952]","moving_00112: score=0.402, d=2837.1, reason=ERR_DIST | moving_00443: score=0.279, d=2957.0, reason=ERR_DIST | moving_00469: score=0.267, d=460.0, reason=ERR_AREA"
fixed,fixed_00179,179,Structure 2,no_counterpart,False,,32284.131717367887,12329.662811045138,58588.042863847106,909.71972977621,0.8896181345711673,1.0690279276191488,0.0,5.904418408831732e-05,0.0077777777921246545,0.01000000001281539,"[1.029142, 0.970858, 0.10464, 0.572946, 1.037358, 1.098383]","[0.239344, 0.183879, 0.000361, 0.254212, 0.137737, 0.184466]","[-1.996554, 1.494429, 4.38772, -1.45001, 4.410776, -4.394449]","moving_00104: score=0.409, d=2605.1, reason=ERR_DIST | moving_00108: score=0.323, d=2396.4, reason=ERR_DIST | moving_00464: score=0.307, d=894.7, reason=ERR_DIST"
fixed,fixed_00180,180,Structure 2,matched_anchor,False,,35383.099093000004,12280.274212333336,723.3091830724222,107.6974387572113,0.7836517228438364,1.0690279351180636,43.08917933503281,7.289405563067857e-07,0.001111111125269768,0.001428571435950039,"[0.130435, 0.391304, 1.217391, 0.913043, 1.086957, 1.347826]","[0.0, 0.0, 0.5, 0.0, 0.0, 0.5]","[0.0, 0.0, 0.0, -0.0, -0.0, 0.0]","moving_00258: score=0.761, d=106.1, reason=OK | moving_00259: score=0.585, d=290.0, reason=OK | moving_00265: score=0.548, d=1135.7, reason=ERR_DIST"
fixed,fixed_00181,181,Structure 2,matched_anchor,False,,29.697995666666674,12317.060203,723.3091450167153,107.69743593035057,0.783651722752155,1.0690279369945355,43.08917923223217,7.289405179547935e-07,0.0011111110970153082,0.001428571397115296,"[0.933333, 0.266667, 1.066667, 1.466667, 1.733333, 0.302371]","[0.0, 0.5, 0.0, 0.0, 0.078125, 0.421875]","[0.0, 0.0, 0.0, 0.0, 0.0, 0.0]","moving_00114: score=0.778, d=4.5, reason=OK | moving_00113: score=0.681, d=77.8, reason=OK | moving_00463: score=0.536, d=1144.2, reason=ERR_DIST"
fixed,fixed_00182,182,Structure 2,matched_review,False,,29.697995666666667,12390.632184666667,723.3091646793833,107.69743729662524,0.7836517241720196,1.0690279079337377,136.91082066736936,7.289405377705465e-07,0.0011111110970153082,0.001428571435950039,"[0.666667, 0.266667, 1.333333, 1.733333, 2.0, 0.552052]","[0.5, 0.0, 0.0, 0.0, 0.041564, 0.458436]","[0.0, -0.0, 0.0, 0.0, -0.0, 0.0]","moving_00114: score=0.684, d=77.8, reason=OK | moving_00113: score=0.592, d=151.4, reason=OK | moving_00462: score=0.515, d=1328.1, reason=ERR_DIST"
fixed,fixed_00183,183,Structure 2,matched_anchor,False,,35383.099093000004,12390.632184666669,723.3091830724222,107.6974387572113,0.7836517228438364,1.0690279351180636,136.9108208525246,7.289405563067857e-07,0.001111111125269768,0.001428571435950039,"[0.244898, 1.020408, 1.183673, 0.979592, 0.122449, 1.142857]","[0.0, 0.0, 0.5, 0.0, 0.0, 0.5]","[0.0, 0.0, -0.0, -0.0, 0.0, -0.0]","moving_00258: score=0.888, d=6.0, reason=OK | moving_00259: score=0.643, d=179.6, reason=OK | moving_00265: score=0.563, d=1025.3, reason=ERR_DIST"
fixed,fixed_00184,184,Structure 2,matched_review,False,,29.697995666666667,12574.562138666664,723.3091646793833,107.69743729662524,0.7836517241720196,1.0690279079337377,136.91082066736746,7.289405377705465e-07,0.0011111110970153082,0.001428571435950039,"[1.361651, 1.118499, 0.680826, 0.486304, 1.458912, 0.881501]","[0.0, 0.5, 0.0, 0.0, 0.018816, 0.481184]","[-0.0, 1.098612, -0.0, 0.0, 0.0, 0.0]","moving_00463: score=0.589, d=1401.7, reason=ERR_DIST | moving_00114: score=0.562, d=261.8, reason=ERR_NOT_MUTUAL | moving_00471: score=0.539, d=1025.2, reason=ERR_DIST"
fixed,fixed_00185,185,Structure 2,matched_anchor,False,,35383.099093000004,12611.348129666669,723.3091830724222,107.6974387572113,0.7836517228438364,1.0690279351180636,136.91082085253453,7.289405563067857e-07,0.001111111125269768,0.001428571435950039,"[0.904762, 1.238095, 1.095238, 1.428571, 0.285714, 0.428571]","[0.0, 0.0, 0.5, 0.0, 0.0, 0.5]","[0.0, -0.0, -0.0, -0.0, 0.0, 0.0]","moving_00259: score=0.782, d=41.4, reason=OK | moving_00258: score=0.686, d=225.0, reason=OK | moving_00265: score=0.601, d=804.6, reason=ERR_DIST"
fixed,fixed_00186,186,Structure 2,matched_review,False,,29.69799555555556,12997.601032999999,2169.9274743754463,181.26941866289442,0.8298622300219399,1.8708585483662767,-43.08918078635787,2.1868215934958504e-06,0.0011111110970153082,0.002857142871900008,"[0.178571, 0.321429, 1.392857, 1.321429, 1.178571, 0.821429]","[0.0, 0.0, 0.5, 0.0, 0.0, 0.5]","[-1.098612, -1.098612, -1.098612, -1.098612, -1.098612, -1.098612]","moving_00472: score=0.583, d=694.1, reason=OK | moving_00468: score=0.564, d=59.7, reason=OK | moving_00465: score=0.342, d=1383.5, reason=ERR_DIST"
fixed,fixed_00187,187,Structure 2,matched_review,False,,29.697995666666667,13089.566009999999,723.3091450167512,107.69743593035304,0.783651722752158,1.0690279369944826,-136.91082076775845,7.289405179548297e-07,0.0011111110970153082,0.0014285713971153664,"[0.129032, 1.096774, 1.354839, 0.16129, 0.903226, 1.225806]","[0.0, 0.0, 0.5, 0.0, 0.0, 0.5]","[0.0, 0.0, 0.0, 1.098612, 0.0, 0.0]","moving_00468: score=0.645, d=151.7, reason=OK | moving_00465: score=0.582, d=1475.4, reason=ERR_DIST | moving_00270: score=0.550, d=878.0, reason=ERR_DIST"
fixed,fixed_00188,188,Structure 2,matched_review,False,,29.697995666666667,13163.137991666666,723.3091646793833,107.69743729662524,0.7836517241720196,1.0690279079337377,136.91082066737064,7.289405377705465e-07,0.0011111110970153082,0.001428571435950039,"[0.967742, 1.225806, 0.290323, 0.129032, 1.032258, 1.354839]","[0.0, 0.5, 0.0, 0.0, 0.0, 0.5]","[-0.0, -0.0, 1.098612, -0.0, 0.0, 0.0]","moving_00471: score=0.605, d=436.7, reason=OK | moving_00274: score=0.580, d=1061.8, reason=ERR_DIST | moving_00468: score=0.569, d=225.2, reason=OK"
fixed,fixed_00189,189,Structure 2,matched_anchor,False,,35383.099093000004,13310.281954666667,723.3091830724222,107.6974387572113,0.7836517228438364,1.0690279351180636,136.9108208525252,7.289405563067857e-07,0.001111111125269768,0.001428571435950039,"[0.914286, 1.085714, 0.4, 0.228571, 1.372788, 1.085714]","[0.0, 0.0, 0.0, 0.007085, 0.492915, 0.5]","[0.0, -0.0, -0.0, -0.0, -0.0, 0.0]","moving_00262: score=0.803, d=41.6, reason=OK | moving_00263: score=0.761, d=32.4, reason=OK | moving_00265: score=0.690, d=105.8, reason=OK"
fixed,fixed_00190,190,Structure 2,matched_anchor,False,,35383.099093,13457.425918333334,723.3091830723865,107.6974387572088,0.7836517228438342,1.0690279351181164,136.91082082992608,7.289405563067497e-07,0.001111111125269768,0.0014285714359499686,"[0.888889, 1.703704, 1.111111, 0.222222, 1.483596, 0.296296]","[0.0, 0.0, 0.0, 0.008499, 0.491501, 0.5]","[0.0, 0.0, 0.0, 0.0, -0.0, 0.0]","moving_00265: score=0.769, d=41.7, reason=OK | moving_00263: score=0.666, d=115.1, reason=OK | moving_00262: score=0.622, d=188.6, reason=OK"
fixed,fixed_00191,191,Structure 2,no_counterpart,False,,9664.384612999998,13494.211909000001,723.3091634097227,107.6974373909338,0.7836517214239792,1.0690279641787104,136.91082223394415,7.289405364910009e-07,0.0011111111252696652,0.0014285713971153664,"[0.993087, 1.16125, 0.240986, 0.42908, 1.006913, 1.973661]","[0.106386, 0.115399, 0.015374, 0.264601, 0.086001, 0.412238]","[6.499787, 7.09091, 7.963112, 4.828314, 6.892642, 5.645447]","moving_00256: score=0.476, d=2018.7, reason=ERR_DIST | moving_00261: score=0.465, d=2111.0, reason=ERR_DIST | moving_00517: score=0.261, d=3991.0, reason=ERR_DIST;ERR_AREA"
fixed,fixed_00192,192,Structure 2,matched_review,False,,35383.099093,13567.783890666668,723.3091830723865,107.6974387572088,0.7836517228438342,1.0690279351181164,43.08917935763156,7.289405563067497e-07,0.001111111125269768,0.0014285714359499686,"[0.857143, 1.904762, 1.142857, 1.622246, 0.285714, 0.666667]","[0.0, 0.0, 0.009995, 0.490005, 0.0, 0.5]","[0.0, 0.0, 0.0, -0.0, 0.0, 0.0]","moving_00265: score=0.665, d=151.9, reason=OK | moving_00263: score=0.655, d=225.4, reason=OK | moving_00262: score=0.620, d=299.0, reason=OK"
fixed,fixed_00193,193,Structure 2,matched_review,False,,29.697995666666667,13714.927853666668,723.3091646793475,107.69743729662275,0.7836517241720169,1.0690279079337908,136.91082066736814,7.289405377705104e-07,0.0011111110970153082,0.0014285714359499686,"[0.32, 0.64, 0.8, 1.56, 1.2, 1.36]","[0.0, 0.0, 0.5, 0.0, 0.0, 0.5]","[-0.0, 0.0, 0.0, 1.098612, 0.0, -0.0]","moving_00471: score=0.681, d=115.1, reason=OK | moving_00270: score=0.670, d=252.6, reason=OK | moving_00472: score=0.661, d=23.2, reason=OK"
fixed,fixed_00194,194,Structure 2,no_counterpart,False,,9072.644445215032,13920.41439839623,90413.64638213522,1159.4826082637153,0.8451141457906819,1.469960259376924,90.0,9.111756802473737e-05,0.007777777792124758,0.015714285717780874,"[1.063581, 0.936419, 1.638814, 1.145168, 0.434797, 0.19318]","[0.117966, 0.11409, 0.398209, 0.17369, 0.019453, 0.176593]","[1.671473, 2.262596, 1.446448, 2.064328, -4.828314, 3.134798]","moving_00266: score=0.412, d=1714.6, reason=ERR_DIST | moving_00117: score=0.386, d=4171.8, reason=ERR_DIST | moving_00105: score=0.370, d=4290.3, reason=ERR_DIST"
fixed,fixed_00195,195,Structure 2,matched_anchor,False,,35383.099093000004,13898.857807666669,723.3091830724222,107.6974387572113,0.7836517228438364,1.0690279351180636,136.91082085252384,7.289405563067857e-07,0.001111111125269768,0.001428571435950039,"[1.1, 1.4, 0.3, 0.807111, 0.9, 1.2]","[0.0, 0.0, 0.021142, 0.478858, 0.0, 0.5]","[0.0, 0.0, -0.0, -0.0, -0.0, -0.0]","moving_00269: score=0.855, d=6.5, reason=OK | moving_00268: score=0.747, d=78.5, reason=OK | moving_00262: score=0.564, d=630.0, reason=ERR_NOT_MUTUAL"
fixed,fixed_00196,196,Structure 2,no_counterpart,False,,2117.4635899214163,14247.895706583844,284260.50398569176,2728.9166387310156,0.4796736335971349,1.4253705684924585,21.845763094160578,0.00028647363362816635,0.026666666667420118,0.025714285730596264,"[0.848184, 1.138474, 1.370362, 1.374995, 0.861526, 0.799064]","[0.12031, 0.101291, 0.005556, 0.156109, 0.238856, 0.377878]","[0.146488, 0.049638, -5.97381, -5.97381, -0.930384, 1.826353]","moving_00478: score=0.427, d=879.7, reason=ERR_DIST | moving_00469: score=0.408, d=1148.5, reason=ERR_DIST | moving_00467: score=0.354, d=2258.3, reason=ERR_DIST"
fixed,fixed_00197,197,Structure 2,matched_review,False,,35383.099093,14009.215780333332,723.3091830723865,107.6974387572088,0.7836517228438342,1.0690279351181164,136.91082082993358,7.289405563067497e-07,0.001111111125269768,0.0014285714359499686,"[0.842105, 1.157895, 1.263158, 0.538211, 1.263158, 0.315789]","[0.0, 0.0, 0.033523, 0.466477, 0.0, 0.5]","[0.0, 0.0, -0.0, -0.0, 0.0, 0.0]","moving_00269: score=0.696, d=115.3, reason=OK | moving_00268: score=0.640, d=188.8, reason=OK | moving_00263: score=0.568, d=666.8, reason=ERR_NOT_MUTUAL"
fixed,fixed_00198,198,Structure 2,matched_anchor,False,,29.697995666666667,14082.787761666665,723.3091646793833,107.69743729662524,0.7836517241720196,1.0690279079337377,136.91082066736894,7.289405377705465e-07,0.0011111110970153082,0.001428571435950039,"[1.542857, 0.114286, 0.571429, 0.342857, 1.428571, 1.542857]","[0.5, 0.0, 0.0, 0.0, 0.0, 0.5]","[-0.0, -0.0, -0.0, -0.0, 0.0, -0.0]","moving_00271: score=0.753, d=31.9, reason=OK | moving_00274: score=0.675, d=142.1, reason=OK | moving_00270: score=0.649, d=115.3, reason=ERR_NOT_MUTUAL"
fixed,fixed_00199,199,Structure 2,matched_anchor,False,,732.0691033766165,16058.465252131962,3588336.792602524,15174.273290104831,0.19583362325205997,2.4364669040328226,90.0,0.0036162740347150993,0.04777777776500051,0.16000000001087378,"[1.101356, 1.033514, 0.966486, 0.954279, 0.763612, 1.063447]","[0.019793, 0.034004, 0.049526, 0.017413, 0.039128, 0.840136]","[-8.509363, -8.509363, -7.41075, -7.41075, -3.093262, -8.509363]","moving_00481: score=0.741, d=42.3, reason=OK | moving_00286: score=0.213, d=551.5, reason=ERR_AREA | moving_00486: score=0.209, d=758.3, reason=ERR_AREA"
fixed,fixed_00200,200,Structure 2,matched_review,False,,35343.77384166667,14193.145734333333,723.3091646794205,107.69743729662818,0.7836517241720169,1.0690279079337928,43.08917935283859,7.28940537770584e-07,0.0011111110970153655,0.001428571435950039,"[0.483434, 0.925114, 1.074886, 1.526601, 1.225155, 0.776129]","[0.026419, 0.003943, 0.00717, 0.538092, 0.012381, 0.411996]","[0.0, 0.0, -0.0, 0.0, 0.0, 0.0]","moving_00476: score=0.670, d=111.0, reason=OK | moving_00475: score=0.595, d=37.6, reason=OK | moving_00479: score=0.595, d=474.3, reason=ERR_NOT_MUTUAL"
fixed,fixed_00201,201,Structure 2,matched_anchor,False,,35383.099093000004,14303.503706666668,723.3091830724222,107.6974387572113,0.7836517228438364,1.0690279351180636,136.91082085251784,7.289405563067857e-07,0.001111111125269768,0.001428571435950039,"[0.545455, 0.727273, 1.272727, 2.0, 0.579051, 1.454545]","[0.0, 0.0, 0.0, 0.445519, 0.054481, 0.5]","[0.0, -0.0, 0.0, -0.0, -0.0, -0.0]","moving_00476: score=0.834, d=6.6, reason=OK | moving_00477: score=0.665, d=105.4, reason=OK | moving_00479: score=0.626, d=362.7, reason=ERR_NOT_MUTUAL"
fixed,fixed_00202,202,Structure 2,matched_anchor,False,,35383.099093000004,14413.861679333335,723.3091830724222,107.6974387572113,0.7836517228438364,1.0690279351180636,43.08917933503518,7.289405563067857e-07,0.001111111125269768,0.001428571435950039,"[0.198128, 0.792511, 2.080343, 1.585023, 1.207489, 0.594384]","[0.0, 0.0, 0.0, 0.471938, 0.028062, 0.5]","[-0.0, 0.0, 1.098612, -0.0, -0.0, 0.0]","moving_00477: score=0.807, d=6.6, reason=OK | moving_00479: score=0.668, d=252.4, reason=OK | moving_00476: score=0.656, d=115.5, reason=OK"
fixed,fixed_00203,203,Structure 2,no_counterpart,False,,34205.08980892247,15269.792763630152,1674460.7291136873,5851.124937914374,0.6146191495462267,1.0022456333238754,41.360820107855616,0.0016874973579200153,0.046666666667985135,0.06428571430707339,"[1.001739, 1.014812, 0.359248, 0.654074, 1.011948, 0.998261]","[0.012066, 0.481908, 0.047797, 0.406555, 0.014577, 0.037098]","[-6.648553, -7.747165, 2.051018, -5.34927, -7.747165, -7.747165]","moving_00480: score=0.414, d=789.3, reason=OK | moving_00119: score=0.257, d=562.6, reason=ERR_AREA | moving_00479: score=0.244, d=1319.9, reason=ERR_DIST;ERR_AREA"
fixed,fixed_00204,204,Structure 2,matched_review,False,,29.697995666666667,15076.009513666666,723.3091646793475,107.69743729662275,0.7836517241720169,1.0690279079337908,136.91082066736467,7.289405377705104e-07,0.0011111110970153082,0.0014285714359499686,"[1.166885, 1.641335, 0.416558, 0.208279, 0.833115, 1.180247]","[0.198383, 0.027736, 0.0, 0.0, 0.0, 0.773881]","[6.023448, 5.4161, 0.0, 0.0, 0.0, 0.0]","moving_00282: score=0.704, d=42.1, reason=OK | moving_00283: score=0.702, d=31.5, reason=OK | moving_00280: score=0.642, d=115.6, reason=OK"
fixed,fixed_00205,205,Structure 2,no_counterpart,False,,1787.5367376667857,15501.460383378108,329105.6724586852,2681.0189592577653,0.5753676784165918,1.2862152292910325,-95.5508217512665,0.00033166794723485854,0.017777777778280074,0.03142857143556168,"[0.80634, 1.124184, 1.195341, 1.187735, 0.806654, 0.875816]","[0.035576, 0.023685, 0.016576, 0.046439, 0.245968, 0.631757]","[2.389065, -0.704197, -6.120297, -6.120297, -0.09685, -0.146488]","moving_00478: score=0.431, d=1148.4, reason=ERR_DIST | moving_00286: score=0.367, d=1744.9, reason=ERR_DIST | moving_00485: score=0.253, d=1756.6, reason=ERR_DIST;ERR_AREA"
fixed,fixed_00206,206,Structure 2,matched_review,False,,29.697995666666667,15186.367486333333,723.3091646793475,107.69743729662275,0.7836517241720169,1.0690279079337908,-136.91082066738602,7.289405377705104e-07,0.0011111110970153082,0.0014285714359499686,"[1.799425, 0.26087, 1.217391, 0.782609, 0.26087, 1.445724]","[0.031737, 0.0, 0.0, 0.5, 0.245333, 0.222931]","[5.4161, 0.0, 0.0, 0.0, 0.0, 6.023448]","moving_00482: score=0.696, d=68.2, reason=OK | moving_00283: score=0.664, d=78.9, reason=OK | moving_00483: score=0.626, d=178.5, reason=OK"
fixed,fixed_00207,207,Structure 2,matched_anchor,False,,29.697995666666667,15296.725458666666,723.3091646793475,107.69743729662275,0.7836517241720169,1.0690279079337908,136.91082066736266,7.289405377705104e-07,0.0011111110970153082,0.0014285714359499686,"[2.089739, 0.705882, 1.294118, 0.352941, 0.705882, 1.997726]","[0.037062, 0.0, 0.5, 0.0, 0.217078, 0.245859]","[5.4161, 0.0, 0.0, 0.0, 0.0, 6.023448]","moving_00482: score=0.772, d=42.2, reason=OK | moving_00483: score=0.705, d=68.1, reason=OK | moving_00283: score=0.582, d=189.3, reason=OK"
fixed,fixed_00208,208,Structure 2,no_counterpart,False,,5658.972755852834,15831.692459106245,266901.08354470314,2502.1830737445825,0.5357004818983332,2.619201921696546,-86.60117076864758,0.00026897906022918517,0.011111111111425051,0.040000000012427095,"[0.581, 0.987662, 1.040988, 1.039388, 0.894999, 1.012338]","[0.303738, 0.1722, 0.053387, 0.048636, 0.368434, 0.053606]","[0.363965, 0.927609, 0.209501, 0.063013, 1.889366, 1.180113]","moving_00478: score=0.428, d=3071.0, reason=ERR_DIST | moving_00121: score=0.383, d=2115.9, reason=ERR_DIST | moving_00117: score=0.368, d=2562.4, reason=ERR_DIST"
fixed,fixed_00209,209,Structure 2,no_counterpart,False,,25189.72688133244,15396.751563206157,19529.347565571774,610.3532800930838,0.6587718499065555,1.6035418931866172,25.066179829402152,1.968139463996144e-05,0.006666666666855093,0.005714285704965414,"[0.275643, 1.001131, 0.998869, 1.498141, 0.764575, 1.332257]","[0.018785, 0.179379, 0.008451, 0.07585, 0.60239, 0.115146]","[0.93827, 0.367725, 1.773067, 3.667353, 3.10608, 6.939936]","moving_00515: score=0.303, d=4812.8, reason=ERR_DIST | moving_00510: score=0.249, d=4697.9, reason=ERR_DIST;ERR_AREA | moving_00509: score=0.249, d=4654.4, reason=ERR_DIST;ERR_AREA"
fixed,fixed_00210,210,Structure 2,matched_anchor,False,,29.697995666666667,15517.441403333332,723.3091646793475,107.69743729662275,0.7836517241720169,1.0690279079337908,-136.91082066738906,7.289405377705104e-07,0.0011111110970153082,0.0014285714359499686,"[1.143319, 0.47619, 1.190476, 0.571429, 1.142857, 0.857143]","[0.05546, 0.0, 0.5, 0.0, 0.0, 0.44454]","[5.4161, 0.0, 1.098612, 0.0, 0.0, 0.0]","moving_00485: score=0.799, d=5.6, reason=OK | moving_00486: score=0.709, d=251.9, reason=OK | moving_00483: score=0.638, d=152.6, reason=OK"
fixed,fixed_00211,211,Structure 2,no_counterpart,False,,25518.017795814627,15682.489659375673,49908.332712326686,860.1161593897017,0.8477517824798403,1.2472390079098947,-43.08917928249291,5.0296897458337606e-05,0.0066666666668549895,0.011428571409930827,"[0.804095, 1.599581, 1.046216, 0.953784, 0.304401, 1.25933]","[0.210068, 0.006662, 0.090442, 0.166947, 0.359276, 0.166605]","[-0.570545, 2.729083, 0.834798, 2.167811, -0.93827, 6.001666]","moving_00515: score=0.439, d=5247.9, reason=ERR_DIST | moving_00473: score=0.270, d=4310.1, reason=ERR_DIST;ERR_AREA | moving_00509: score=0.264, d=5023.8, reason=ERR_DIST"
fixed,fixed_00212,212,Structure 2,no_counterpart,False,,29543.314594763575,16287.980122044159,308853.015767125,2494.913566734173,0.623520448905591,1.4343248608472987,90.0,0.00031125761209611875,0.016666666681264777,0.032857142871511716,"[0.770862, 1.220169, 1.294515, 0.525848, 0.950562, 1.049438]","[0.081813, 0.301922, 0.043986, 0.030464, 0.208686, 0.333131]","[2.129959, -1.590876, -2.393222, -6.056784, 4.178988, -0.167906]","moving_00518: score=0.449, d=2106.6, reason=ERR_DIST | moving_00267: score=0.447, d=3117.9, reason=ERR_DIST | moving_00279: score=0.444, d=3631.5, reason=ERR_DIST"
fixed,fixed_00213,213,Structure 2,no_counterpart,False,,28225.903319999998,16032.445274666663,723.3091830723554,107.69743875720599,0.7836517228438414,1.0690279351179648,136.9108208079611,7.289405563067183e-07,0.0011111111252696652,0.001428571435950039,"[0.561961, 0.856617, 1.143383, 1.298997, 0.476298, 1.219717]","[0.42737, 0.062593, 0.012393, 0.064138, 0.24867, 0.184837]","[6.056784, 3.663562, 4.234106, 3.295837, 10.235772, 5.888878]","moving_00518: score=0.277, d=3356.0, reason=ERR_DIST;ERR_AREA | moving_00267: score=0.267, d=2097.5, reason=ERR_DIST;ERR_AREA | moving_00116: score=0.260, d=6060.7, reason=ERR_DIST;ERR_AREA"
fixed,fixed_00214,214,Structure 2,matched_review,False,,29.697995666666667,16363.519192,723.3091450167512,107.69743593035304,0.783651722752158,1.0690279369944826,-136.91082076776027,7.289405179548297e-07,0.0011111110970153082,0.0014285713971153664,"[0.4, 0.8, 1.2, 0.6, 1.4, 1.65507]","[0.0, 0.0, 0.5, 0.0, 0.053563, 0.446437]","[0.0, 0.0, 0.0, 1.098612, 1.098612, 5.4161]","moving_00288: score=0.666, d=116.1, reason=OK | moving_00491: score=0.659, d=251.6, reason=OK | moving_00287: score=0.584, d=263.2, reason=OK"
fixed,fixed_00215,215,Structure 2,matched_review,False,,29.697995666666667,16473.877164333335,723.3091646793833,107.69743729662522,0.7836517241720198,1.0690279079337377,-136.91082066738693,7.289405377705465e-07,0.0011111110970153082,0.001428571435950039,"[0.444444, 0.888889, 1.111111, 2.0, 0.444444, 2.263242]","[0.0, 0.5, 0.0, 0.0, 0.043235, 0.456765]","[0.0, 0.0, 1.098612, 1.098612, -0.0, 5.4161]","moving_00491: score=0.628, d=141.2, reason=ERR_NOT_MUTUAL | moving_00288: score=0.564, d=226.5, reason=OK | moving_00287: score=0.518, d=373.6, reason=OK"
fixed,fixed_00216,216,Structure 2,no_counterpart,False,,26251.574027207716,16567.728602550833,28209.05766318331,656.5842170110993,0.8222759056469159,1.1225151125162294,136.91082121886993,2.842868121561256e-05,0.0055555555415853245,0.00857142857686542,"[1.032485, 1.266809, 0.967515, 0.70368, 0.966279, 1.252052]","[0.061332, 0.098694, 0.007097, 0.224813, 0.09318, 0.514884]","[1.405343, 2.738356, -0.367725, 0.570545, 6.572211, -3.663562]","moving_00137: score=0.316, d=5793.1, reason=ERR_DIST | moving_00518: score=0.270, d=5050.5, reason=ERR_DIST;ERR_AREA | moving_00516: score=0.262, d=5015.7, reason=ERR_DIST;ERR_AREA"
fixed,fixed_00217,217,Structure 2,matched_anchor,False,,29.697995666666667,16584.235136666666,723.3091646793833,107.69743729662522,0.7836517241720198,1.0690279079337377,136.91082066736587,7.289405377705465e-07,0.0011111110970153082,0.001428571435950039,"[0.363636, 1.69697, 1.939394, 1.272727, 0.727273, 0.363636]","[0.0, 0.0, 0.5, 0.0, 0.0, 0.5]","[0.0, 0.0, 0.0, 1.098612, -0.0, 0.0]","moving_00491: score=0.814, d=30.9, reason=OK | moving_00486: score=0.552, d=814.9, reason=ERR_DIST | moving_00288: score=0.552, d=336.9, reason=ERR_NOT_MUTUAL"
fixed,fixed_00218,218,Structure 2,matched_review,False,,29.697995666666667,16694.593109333335,723.3091646793833,107.69743729662522,0.7836517241720198,1.0690279079337377,-136.91082066739142,7.289405377705465e-07,0.0011111110970153082,0.001428571435950039,"[1.1, 1.3, 1.35, 0.3, 0.9, 0.6]","[0.0, 0.5, 0.0, 0.0, 0.0, 0.5]","[0.0, 0.0, 1.098612, 0.0, -0.0, 0.0]","moving_00491: score=0.709, d=79.5, reason=OK | moving_00295: score=0.530, d=545.6, reason=OK | moving_00485: score=0.509, d=1182.6, reason=ERR_DIST"
fixed,fixed_00219,219,Structure 2,no_counterpart,False,,2254.7313538628687,17809.09926709627,669060.9824722338,5182.474388354708,0.3130410120514374,1.2975309061780902,74.62945411551175,0.0006742700026216072,0.034444444431290445,0.061428571435173315,"[0.830254, 0.404685, 1.038046, 1.032213, 1.012576, 0.987424]","[0.154769, 0.217946, 0.009119, 0.003806, 0.018672, 0.595688]","[0.008611, -2.937973, -5.220356, -5.731181, -6.829794, -2.102406]","moving_00481: score=0.298, d=2362.3, reason=ERR_DIST | moving_00286: score=0.248, d=2493.3, reason=ERR_DIST;ERR_AREA | moving_00492: score=0.246, d=1150.9, reason=ERR_DIST;ERR_AREA"
fixed,fixed_00220,220,Structure 2,matched_review,False,,29.697995666666667,17099.239008333334,723.3091646793833,107.69743729662522,0.7836517241720198,1.0690279079337377,-136.91082066739133,7.289405377705465e-07,0.0011111110970153082,0.001428571435950039,"[1.228832, 0.16, 0.56, 0.88, 1.12, 1.36]","[0.027435, 0.0, 0.5, 0.0, 0.0, 0.472565]","[4.727388, 0.0, 0.0, 0.0, 0.0, 0.0]","moving_00295: score=0.645, d=141.0, reason=OK | moving_00296: score=0.640, d=214.5, reason=OK | moving_00486: score=0.577, d=1329.9, reason=ERR_DIST"
fixed,fixed_00221,221,Structure 2,matched_review,False,,29.697995666666667,17172.810989666665,723.3091646793833,107.69743729662522,0.7836517241720198,1.0690279079337377,136.9108206673701,7.289405377705465e-07,0.0011111110970153082,0.001428571435950039,"[1.014944, 0.378868, 0.151547, 0.985056, 1.212377, 1.439698]","[0.031512, 0.5, 0.0, 0.0, 0.0, 0.468488]","[4.727388, 0.0, 0.0, 0.0, 0.0, 0.0]","moving_00295: score=0.710, d=67.4, reason=OK | moving_00296: score=0.604, d=141.0, reason=OK | moving_00297: score=0.566, d=251.3, reason=OK"
fixed,fixed_00222,222,Structure 2,matched_anchor,False,,29.697995666666667,17356.740943666668,723.3091646793833,107.69743729662522,0.7836517241720198,1.0690279079337377,136.91082066736823,7.289405377705465e-07,0.0011111110970153082,0.001428571435950039,"[0.724883, 1.275117, 1.39908, 0.593549, 0.423964, 1.526269]","[0.038539, 0.011324, 0.5, 0.0, 0.0, 0.450137]","[4.727388, -0.0, 1.098612, 0.0, 0.0, 0.0]","moving_00296: score=0.773, d=43.0, reason=OK | moving_00297: score=0.764, d=67.4, reason=OK | moving_00295: score=0.634, d=116.5, reason=OK"
fixed,fixed_00223,223,Structure 2,no_counterpart,False,,126.61908022978487,17655.911966608484,81733.93604922328,1940.9482647499806,0.27263672644144205,2.1826682701995397,90.0,8.23702812119539e-05,0.006666666666855029,0.02000000002563092,"[1.161691, 0.6731, 0.838309, 0.816961, 1.280019, 1.467893]","[0.000906, 0.012875, 0.401586, 0.018351, 0.004077, 0.562206]","[-3.11795, -4.727388, -3.628776, -4.727388, -4.727388, -4.727388]","moving_00126: score=0.378, d=169.2, reason=OK | moving_00492: score=0.321, d=1010.2, reason=ERR_DIST | moving_00286: score=0.311, d=1335.1, reason=ERR_DIST"
fixed,fixed_00224,224,Structure 2,matched_anchor,False,,69.023247,17908.530806000002,723.3091634097461,107.69743739093566,0.7836517214239775,1.0690279641787448,43.089177778447265,7.289405364910245e-07,0.0011111111252697012,0.0014285713971153664,"[1.991174, 1.1254, 0.63489, 0.228719, 1.867297, 0.8746]","[0.008198, 0.014707, 0.065024, 0.390129, 0.047, 0.474941]","[-0.0, 0.0, 1.609438, 1.098612, 0.0, 4.727388]","moving_00127: score=0.725, d=57.5, reason=OK | moving_00301: score=0.484, d=1207.7, reason=ERR_DIST | moving_00295: score=0.478, d=669.4, reason=OK"
fixed,fixed_00225,225,Structure 2,no_counterpart,False,,35383.099093000004,18018.888778333334,723.3091830724222,107.69743875721129,0.7836517228438368,1.0690279351180636,136.91082082992384,7.289405563067857e-07,0.001111111125269768,0.001428571435950039,"[0.875, 0.875, 1.75, 0.5, 1.125, 1.4375]","[0.5, 0.0, 0.0, 0.0, 0.0, 0.5]","[0.0, -0.0, -0.0, 1.609438, 0.0, 1.098612]","moving_00292: score=0.528, d=1072.8, reason=ERR_DIST | moving_00490: score=0.523, d=1514.1, reason=ERR_DIST | moving_00293: score=0.493, d=925.8, reason=ERR_DIST"
fixed,fixed_00226,226,Structure 2,no_counterpart,False,,3657.470008566759,18927.485666045824,674847.4555572178,6127.986314077093,0.22582910086392788,1.1005050084751313,61.112003358588375,0.0006801015266895107,0.037777777778845154,0.05714285712732334,"[0.955185, 1.044815, 1.403962, 1.397898, 0.575397, 0.693467]","[0.166925, 0.145662, 0.011599, 0.022607, 0.08066, 0.572546]","[0.291693, 0.45257, -5.739793, -5.228967, -2.946585, -0.008611]","moving_00493: score=0.399, d=2240.4, reason=ERR_DIST | moving_00484: score=0.252, d=2434.2, reason=ERR_DIST;ERR_AREA | moving_00124: score=0.235, d=1821.2, reason=ERR_DIST;ERR_AREA"
fixed,fixed_00227,227,Structure 2,no_counterpart,False,,35383.099093000004,18276.39071433333,723.3091830724222,107.69743875721129,0.7836517228438368,1.0690279351180636,136.91082082992295,7.289405563067857e-07,0.001111111125269768,0.001428571435950039,"[0.933333, 1.4, 0.733333, 0.466667, 1.066667, 1.233333]","[0.0, 0.0, 0.0, 0.0, 0.0, 1.0]","[-0.0, -0.0, 1.609438, 0.0, 0.0, 1.098612]","moving_00490: score=0.501, d=1771.6, reason=ERR_DIST | moving_00291: score=0.467, d=1403.9, reason=ERR_DIST | moving_00307: score=0.457, d=2273.3, reason=ERR_DIST"
fixed,fixed_00228,228,Structure 2,no_counterpart,False,,2189.4434832278303,18681.09917422915,35442.1493416843,820.6696338300466,0.6612918754802338,1.0690279237356846,-136.91082108102273,3.571808662527204e-05,0.0077777777638703294,0.01000000001281546,"[0.690283, 1.020555, 0.998471, 1.001529, 1.005157, 0.4055]","[0.442755, 0.019037, 0.011748, 0.013521, 0.248368, 0.264571]","[2.946585, -2.793208, -2.282382, -3.89182, -3.89182, 2.937973]","moving_00126: score=0.429, d=2203.7, reason=ERR_DIST | moving_00124: score=0.384, d=2489.7, reason=ERR_DIST | moving_00120: score=0.376, d=2730.8, reason=ERR_DIST"
fixed,fixed_00229,229,Structure 2,no_counterpart,False,,42.1509920531062,18839.829473252903,3616.5458214924256,237.65739803924893,0.8046391509048977,1.069027936056241,-43.08917850543729,3.644702686933414e-06,0.0022222222222850097,0.0028571428330654057,"[1.189685, 0.62505, 0.376346, 0.810315, 1.418509, 1.766118]","[0.003558, 0.480049, 0.006675, 0.002479, 0.00065, 0.506588]","[-1.609438, -0.510826, -1.609438, -1.609438, -1.609438, -0.0]","moving_00301: score=0.394, d=276.0, reason=ERR_AREA | moving_00288: score=0.268, d=2592.5, reason=ERR_DIST;ERR_AREA | moving_00295: score=0.266, d=1599.6, reason=ERR_DIST;ERR_AREA"
fixed,fixed_00230,230,Structure 2,no_counterpart,False,,27326.00495072975,19362.764838747004,857121.3663165977,3925.897331373595,0.6988344557375579,1.3979595959503293,-161.72928239419974,0.0008637945434776748,0.03777777775059081,0.03714285714052695,"[0.975876, 1.033322, 0.063074, 0.888951, 1.024124, 1.029665]","[0.004066, 0.160305, 0.480247, 0.100411, 0.197884, 0.057087]","[-1.439143, 1.206754, 1.099737, -3.413936, -7.077498, -2.61159]","moving_00299: score=0.400, d=1618.9, reason=ERR_DIST | moving_00313: score=0.364, d=2878.4, reason=ERR_DIST | moving_00317: score=0.330, d=3652.6, reason=ERR_DIST"
fixed,fixed_00231,231,Structure 2,no_counterpart,False,,30787.431172345776,19142.51757268699,62927.89782306467,993.4487525853442,0.8012391293199665,1.6035418872886666,0.0,6.341782728585718e-05,0.009999999986155386,0.00857142857686542,"[0.684801, 1.060853, 0.822977, 1.137609, 1.042708, 0.957292]","[0.012567, 0.03553, 0.016996, 0.007175, 0.022793, 0.904939]","[-0.122103, 0.56453, -2.268684, 5.322561, 3.818344, 1.172447]","moving_00128: score=0.455, d=4234.8, reason=ERR_DIST | moving_00119: score=0.375, d=4722.4, reason=ERR_DIST | moving_00518: score=0.278, d=1602.6, reason=ERR_DIST;ERR_AREA"
fixed,fixed_00232,232,Structure 2,matched_review,False,,29.69799555555555,19104.075507499998,2169.9274743754463,181.26941793034936,0.82986223672921,1.8708585229372678,90.0,2.1868215934958504e-06,0.0011111110970153082,0.0028571428330652644,"[0.464286, 1.178571, 1.678571, 1.178571, 0.821429, 0.513665]","[0.0, 0.0, 0.5, 0.0, 0.007495, 0.492505]","[-1.098612, -1.098612, -1.098612, -1.098612, -1.098612, 0.510826]","moving_00301: score=0.594, d=11.6, reason=OK | moving_00491: score=0.334, d=2489.0, reason=ERR_DIST | moving_00296: score=0.308, d=1790.3, reason=ERR_DIST"
fixed,fixed_00233,233,Structure 2,matched_review,False,,29.697995666666667,19343.184447666667,723.3091646793117,107.69743729662028,0.7836517241720141,1.0690279079338436,136.9108206673627,7.289405377704743e-07,0.0011111110970153082,0.001428571435949898,"[0.651731, 1.107942, 0.423625, 1.173115, 1.498981, 0.892058]","[0.0, 0.5, 0.0, 0.0, 0.003937, 0.496063]","[0.0, 0.0, 1.098612, -0.0, -0.0, 1.609438]","moving_00301: score=0.694, d=227.6, reason=OK | moving_00491: score=0.503, d=2728.1, reason=ERR_DIST | moving_00288: score=0.483, d=3095.8, reason=ERR_DIST"
fixed,fixed_00234,234,Structure 2,no_counterpart,False,,30629.2940462062,20459.978091007757,2865027.6230321047,8339.739188043288,0.5176470455091138,1.1497984624035622,78.66567833303839,0.0028873334920154372,0.05333333333484023,0.08428571429386963,"[0.327015, 0.50969, 3.191291, 0.798315, 1.598579, 1.201685]","[0.426516, 0.153132, 0.079199, 0.018317, 0.129862, 0.192974]","[1.504218, -2.645897, -3.818344, -6.087027, -3.940446, -3.253814]","moving_00522: score=0.402, d=3095.4, reason=ERR_DIST | moving_00526: score=0.293, d=3822.4, reason=ERR_DIST | moving_00317: score=0.291, d=3744.2, reason=ERR_DIST"
fixed,fixed_00235,235,Structure 2,no_counterpart,False,,29.697995666666667,19711.044355666665,723.3091646793833,107.69743729662522,0.7836517241720198,1.0690279079337377,136.91082066736928,7.289405377705465e-07,0.0011111110970153082,0.001428571435950039,"[0.348382, 1.293991, 1.393529, 0.821187, 0.497689, 1.178813]","[0.0, 0.0, 0.5, 0.0, 0.002275, 0.497725]","[0.0, 0.0, -0.0, 1.098612, -0.0, 1.609438]","moving_00491: score=0.536, d=3095.9, reason=ERR_DIST | moving_00296: score=0.515, d=2397.3, reason=ERR_DIST | moving_00301: score=0.507, d=595.5, reason=OK"
fixed,fixed_00236,236,Structure 2,no_counterpart,False,,29.697995666666667,19968.546291333332,723.3091646793833,107.69743729662524,0.7836517241720196,1.0690279079337377,-136.91082066737823,7.289405377705465e-07,0.0011111110970153082,0.001428571435950039,"[1.05, 0.95, 1.3, 1.175, 0.35, 0.85]","[0.0, 0.0, 0.5, 0.0, 0.0, 0.5]","[-0.0, 0.0, 0.0, 1.098612, 0.0, -0.0]","moving_00306: score=0.540, d=250.2, reason=OK | moving_00491: score=0.530, d=3353.4, reason=ERR_DIST | moving_00301: score=0.516, d=853.0, reason=ERR_DIST"
fixed,fixed_00237,237,Structure 2,no_counterpart,False,,4714.220188575963,21161.204661803484,903413.1535921069,5901.010203003027,0.3260194740640232,1.012763299148697,-46.67246940951341,0.000910446738636749,0.040000000001130166,0.05428571429425793,"[1.202718, 1.006592, 0.729357, 0.993408, 1.167011, 0.693614]","[0.1398, 0.024691, 0.122752, 0.025676, 0.030416, 0.656665]","[1.258579, -0.909508, 0.160876, -3.238278, -0.300305, -0.291693]","moving_00493: score=0.439, d=1230.2, reason=ERR_DIST | moving_00129: score=0.404, d=3927.1, reason=ERR_DIST | moving_00494: score=0.355, d=1901.9, reason=ERR_DIST"
fixed,fixed_00238,238,Structure 2,matched_review,False,,29.697995666666667,20667.480116666666,723.3091646793833,107.69743729662522,0.7836517241720198,1.0690279079337377,136.91082066736334,7.289405377705465e-07,0.0011111110970153082,0.001428571435950039,"[0.170213, 0.595745, 1.106383, 1.276596, 1.446809, 0.893617]","[0.0, 0.0, 0.0, 0.0, 0.0, 1.0]","[-0.0, 0.0, 0.0, 0.0, 0.0, 1.098612]","moving_00310: score=0.693, d=176.4, reason=OK | moving_00306: score=0.492, d=448.7, reason=OK | moving_00301: score=0.485, d=1551.9, reason=ERR_DIST"
fixed,fixed_00239,239,Structure 2,matched_review,False,,29.697995666666667,20741.05209833333,723.3091646793117,107.69743729662027,0.7836517241720143,1.0690279079338436,-136.91082066739025,7.289405377704743e-07,0.0011111110970153082,0.001428571435949898,"[0.512821, 1.128205, 1.538462, 1.333333, 0.871795, 0.205128]","[0.0, 0.0, 0.0, 0.0, 0.5, 0.5]","[0.0, 0.0, 0.0, 0.0, 1.098612, 0.0]","moving_00310: score=0.683, d=102.8, reason=OK | moving_00306: score=0.566, d=522.3, reason=OK | moving_00301: score=0.485, d=1625.5, reason=ERR_DIST"
fixed,fixed_00240,240,Structure 2,matched_anchor,False,,35383.099093,20741.05209833333,723.3091830723507,107.69743875720631,0.7836517228438317,1.0690279351181693,136.91082082992634,7.289405563067136e-07,0.001111111125269768,0.001428571435949898,"[0.21875, 0.28125, 0.34375, 1.65625, 1.8125, 1.75]","[0.0, 0.0, 0.0, 0.0, 0.0, 1.0]","[-0.0, 0.0, 0.0, 0.0, 0.0, 0.0]","moving_00309: score=0.737, d=8.6, reason=OK | moving_00307: score=0.629, d=191.4, reason=OK | moving_00308: score=0.612, d=117.9, reason=OK"
fixed,fixed_00241,241,Structure 2,matched_review,False,,35383.099093000004,20998.554034000004,723.3091634097896,107.69743739093913,0.7836517214239741,1.0690279641788092,136.91082208884058,7.289405364910682e-07,0.001111111125269768,0.0014285713971153664,"[0.075472, 0.150943, 1.735849, 1.924528, 1.849057, 0.264151]","[0.0, 0.0, 0.0, 0.0, 0.5, 0.5]","[0.0, 0.0, 0.0, 0.0, 0.0, 0.0]","moving_00312: score=0.564, d=139.6, reason=OK | moving_00311: score=0.532, d=154.7, reason=ERR_TOPO | moving_00308: score=0.524, d=375.3, reason=OK"
fixed,fixed_00242,242,Structure 2,matched_review,False,,35383.099093000004,21072.12601566667,723.3091830724222,107.6974387572113,0.7836517228438364,1.0690279351180636,43.08917935763119,7.289405563067857e-07,0.001111111125269768,0.001428571435950039,"[0.075472, 1.660377, 1.849057, 1.773585, 0.339623, 0.075472]","[0.0, 0.0, 0.0, 0.5, 0.0, 0.5]","[0.0, 0.0, 0.0, -0.0, -0.0, -0.0]","moving_00312: score=0.685, d=66.0, reason=OK | moving_00309: score=0.523, d=338.6, reason=OK | moving_00311: score=0.485, d=228.3, reason=ERR_TOPO"
fixed,fixed_00243,243,Structure 2,no_counterpart,False,,35383.099093000004,21145.697997333336,723.3091830724222,107.6974387572113,0.7836517228438364,1.0690279351180636,-136.91082066499962,7.289405563067857e-07,0.001111111125269768,0.001428571435950039,"[1.584906, 1.773585, 1.698113, 0.415094, 0.075472, 0.150943]","[0.0, 0.0, 0.5, 0.0, 0.0, 0.5]","[0.0, 0.0, -0.0, -0.0, 0.0, -0.0]","moving_00312: score=0.722, d=8.7, reason=ERR_TOPO | moving_00311: score=0.529, d=301.9, reason=OK | moving_00309: score=0.435, d=412.2, reason=OK"
fixed,fixed_00244,244,Structure 2,no_counterpart,False,,29.697995666666667,21881.417813333333,723.3091646793117,107.69743729662027,0.7836517241720143,1.0690279079338436,-136.9108206673915,7.289405377704743e-07,0.0011111110970153082,0.001428571435949898,"[1.058824, 0.117647, 0.352941, 0.941176, 1.882353, 1.834759]","[0.5, 0.0, 0.0, 0.0, 0.024637, 0.475363]","[0.0, 0.0, -0.0, -0.0, 0.0, 4.779123]","moving_00306: score=0.517, d=1662.7, reason=ERR_DIST | moving_00295: score=0.503, d=4641.2, reason=ERR_DIST | moving_00127: score=0.483, d=4016.1, reason=ERR_DIST"
fixed,fixed_00245,245,Structure 2,no_counterpart,False,,30113.515391999998,22028.561776666666,723.3091830723554,107.69743875720599,0.7836517228438414,1.0690279351179648,43.08917933872808,7.289405563067183e-07,0.0011111111252696652,0.001428571435950039,"[0.963744, 0.911103, 1.087453, 0.855019, 1.255522, 1.036256]","[0.017744, 0.00791, 0.001078, 0.009779, 0.021579, 0.941911]","[5.638355, 8.284252, 2.197225, 9.788469, 4.343805, 5.030438]","moving_00326: score=0.492, d=4456.0, reason=ERR_DIST | moving_00332: score=0.458, d=2019.2, reason=ERR_DIST | moving_00336: score=0.264, d=3075.4, reason=ERR_DIST;ERR_AREA"
fixed,fixed_00246,246,Structure 2,no_counterpart,False,,35383.099093000004,22690.709611333335,723.3091830724222,107.6974387572113,0.7836517228438364,1.0690279351180636,-136.91082066500726,7.289405563067857e-07,0.001111111125269768,0.001428571435950039,"[0.224719, 0.853933, 1.393258, 1.146067, 1.752809, 0.134831]","[0.0, 0.0, 0.0, 0.0, 0.0, 1.0]","[0.0, 0.0, 0.0, 1.098612, 1.609438, -0.0]","moving_00330: score=0.479, d=1078.9, reason=ERR_DIST | moving_00307: score=0.461, d=2141.0, reason=ERR_DIST | moving_00308: score=0.424, d=2067.5, reason=ERR_DIST"
fixed,fixed_00247,247,Structure 2,no_counterpart,False,,35383.099093,22801.067583666667,723.3091830723507,107.69743875720633,0.7836517228438314,1.0690279351181693,43.08917935762407,7.289405563067136e-07,0.001111111125269768,0.001428571435949898,"[0.103896, 0.831169, 1.454545, 1.168831, 1.87013, 0.155844]","[0.0, 0.0, 0.0, 0.0, 0.5, 0.5]","[0.0, 0.0, 0.0, 1.098612, 1.609438, 0.0]","moving_00308: score=0.483, d=2177.8, reason=ERR_DIST | moving_00330: score=0.429, d=983.3, reason=ERR_DIST | moving_00307: score=0.420, d=2251.4, reason=ERR_DIST"
fixed,fixed_00248,248,Structure 2,no_counterpart,False,,35383.099093000004,22874.63956533334,723.3091830724222,107.69743875721129,0.7836517228438368,1.0690279351180636,136.9108208299273,7.289405563067857e-07,0.001111111125269768,0.001428571435950039,"[0.811594, 1.507246, 1.188406, 1.971014, 0.115942, 0.289855]","[0.0, 0.0, 0.0, 0.5, 0.0, 0.5]","[0.0, 0.0, 1.098612, 1.609438, -0.0, 0.0]","moving_00309: score=0.466, d=2141.1, reason=ERR_DIST | moving_00312: score=0.447, d=1736.6, reason=ERR_DIST | moving_00330: score=0.439, d=921.5, reason=ERR_DIST"
fixed,fixed_00249,249,Structure 2,no_counterpart,False,,24254.052918999994,23279.285464333327,723.3091830723554,107.69743875720597,0.7836517228438415,1.0690279351179648,136.91082079103194,7.289405563067183e-07,0.0011111111252696652,0.001428571435950039,"[0.797347, 1.003309, 1.811669, 0.996691, 1.504972, 0.642839]","[0.031761, 0.003472, 0.047896, 0.03176, 0.195791, 0.68932]","[0.0, -0.0, -0.0, 0.0, -0.0, 0.0]","moving_00326: score=0.509, d=1543.0, reason=ERR_DIST | moving_00320: score=0.471, d=1173.8, reason=ERR_DIST | moving_00331: score=0.307, d=729.7, reason=ERR_AREA"
fixed,fixed_00250,250,Structure 2,no_counterpart,False,,24096.751913000004,23352.857445666665,723.3091830724222,107.6974387572113,0.7836517228438364,1.0690279351180636,136.9108207906392,7.289405563067857e-07,0.001111111125269768,0.001428571435950039,"[0.963869, 1.036131, 0.892512, 1.529097, 1.148745, 0.518065]","[0.033066, 0.035753, 0.03944, 0.019883, 0.765667, 0.106191]","[0.0, -0.0, -0.0, 0.0, -0.0, -0.0]","moving_00326: score=0.491, d=1709.1, reason=ERR_DIST | moving_00320: score=0.453, d=1316.5, reason=ERR_DIST | moving_00331: score=0.313, d=655.5, reason=ERR_AREA"
fixed,fixed_00251,251,Structure 2,no_counterpart,False,,35383.099093000004,23389.643436666665,723.3091830724222,107.6974387572113,0.7836517228438364,1.0690279351180636,43.08917935762705,7.289405563067857e-07,0.001111111125269768,0.001428571435950039,"[0.8, 1.333333, 0.433333, 1.066667, 0.933333, 1.266667]","[0.0, 0.0, 0.5, 0.0, 0.0, 0.5]","[0.0, 1.609438, 1.098612, -0.0, 0.0, 0.0]","moving_00330: score=0.476, d=572.3, reason=OK | moving_00311: score=0.471, d=2545.8, reason=ERR_DIST | moving_00312: score=0.434, d=2251.6, reason=ERR_DIST"
fixed,fixed_00252,252,Structure 2,no_counterpart,False,,24411.353924999996,23426.42942733333,723.3091830724222,107.6974387572113,0.7836517228438364,1.0690279351180636,43.08917933310521,7.289405563067857e-07,0.001111111125269768,0.001428571435950039,"[1.136064, 0.295093, 1.136064, 0.54355, 1.295896, 0.863936]","[0.068375, 0.068375, 0.030172, 0.188015, 0.08313, 0.561933]","[-0.0, -0.0, -0.0, -0.0, 0.0, -0.0]","moving_00326: score=0.500, d=1415.0, reason=ERR_DIST | moving_00320: score=0.468, d=1248.0, reason=ERR_DIST | moving_00143: score=0.313, d=841.1, reason=ERR_DIST;ERR_AREA"
fixed,fixed_00253,253,Structure 2,no_counterpart,False,,24411.353925000003,23500.001409,723.3091634097896,107.69743739093911,0.7836517214239743,1.0690279641788092,136.9108221238091,7.289405364910682e-07,0.001111111125269768,0.0014285713971153664,"[1.0, 1.178421, 1.0, 0.397356, 1.240346, 0.336692]","[0.090769, 0.090769, 0.089603, 0.221081, 0.098547, 0.409231]","[-0.0, 0.0, -0.0, 0.0, 0.0, 0.0]","moving_00326: score=0.490, d=1434.4, reason=ERR_DIST | moving_00320: score=0.465, d=1318.0, reason=ERR_DIST | moving_00331: score=0.320, d=558.7, reason=ERR_AREA"
fixed,fixed_00254,254,Structure 2,no_counterpart,False,,24332.703422,23536.787399666664,723.3091830723554,107.69743875720599,0.7836517228438414,1.0690279351179648,43.089179333098215,7.289405563067183e-07,0.0011111111252696652,0.001428571435950039,"[1.270437, 1.212101, 0.787899, 1.392821, 0.701035, 0.449166]","[0.093272, 0.096045, 0.411257, 0.145726, 0.081825, 0.171876]","[-0.0, 0.0, -0.0, 0.0, 0.0, -0.0]","moving_00320: score=0.503, d=1378.0, reason=ERR_DIST | moving_00326: score=0.485, d=1520.4, reason=ERR_DIST | moving_00331: score=0.356, d=494.7, reason=ERR_AREA"
fixed,fixed_00255,255,Structure 2,no_counterpart,False,,35383.099093,23628.752376777775,2169.927549217267,181.26942075721257,0.8298622394684515,1.8708585007922358,90.0,2.186821668920357e-06,0.001111111125269768,0.002857142871900078,"[0.323529, 0.794118, 1.323529, 1.5, 1.205882, 0.382353]","[0.0, 0.5, 0.0, 0.0, 0.0, 0.5]","[-1.098612, 0.510826, -1.098612, -1.098612, -1.098612, -1.098612]","moving_00330: score=0.319, d=515.5, reason=OK | moving_00312: score=0.273, d=2490.7, reason=ERR_DIST | moving_00309: score=0.267, d=2895.2, reason=ERR_DIST"
fixed,fixed_00256,256,Structure 2,no_counterpart,False,,24293.378170333337,23683.931363000003,723.3091450167883,107.697435930356,0.7836517227521551,1.0690279369945377,43.089179231877495,7.28940517954867e-07,0.0011111110970153655,0.0014285713971153664,"[1.065951, 0.62812, 1.216362, 1.012825, 0.688078, 0.987175]","[0.088746, 0.114075, 0.075242, 0.513501, 0.049205, 0.159231]","[-0.0, 0.0, 0.0, 0.0, 0.0, 0.0]","moving_00326: score=0.511, d=1606.7, reason=ERR_DIST | moving_00320: score=0.483, d=1529.8, reason=ERR_DIST | moving_00331: score=0.383, d=343.0, reason=ERR_AREA"
fixed,fixed_00257,257,Structure 2,no_counterpart,False,,24529.329679333332,23683.931363000003,723.3091450167215,107.69743593035068,0.78365172275216,1.0690279369944389,-43.08917926882504,7.289405179547996e-07,0.0011111110970152627,0.0014285713971153664,"[0.880332, 1.184888, 0.611867, 1.038369, 1.080774, 0.961631]","[0.017132, 0.208434, 0.088746, 0.102248, 0.056984, 0.526457]","[0.0, 0.0, 0.0, 0.0, 0.0, 0.0]","moving_00326: score=0.506, d=1390.4, reason=ERR_DIST | moving_00320: score=0.479, d=1468.3, reason=ERR_DIST | moving_00331: score=0.360, d=480.8, reason=ERR_AREA"
fixed,fixed_00258,258,Structure 2,no_counterpart,False,,24411.353924999996,23757.50334466666,723.3091830724222,107.6974387572113,0.7836517228438364,1.0690279351180636,136.91082079225936,7.289405563067857e-07,0.001111111125269768,0.001428571435950039,"[1.117666, 0.932319, 1.067681, 0.689183, 1.161443, 0.689183]","[0.202124, 0.096784, 0.208438, 0.106773, 0.215735, 0.170145]","[-0.0, -0.0, -0.0, -0.0, -0.0, -0.0]","moving_00326: score=0.482, d=1528.6, reason=ERR_DIST | moving_00320: score=0.474, d=1565.8, reason=ERR_DIST | moving_00331: score=0.377, d=344.7, reason=ERR_AREA"
fixed,fixed_00259,259,Structure 2,no_counterpart,False,,23939.450906999995,23867.861317000003,723.3091634097227,107.6974373909338,0.7836517214239792,1.0690279641787104,136.91082212528926,7.289405364910009e-07,0.0011111111252696652,0.0014285713971153664,"[0.757261, 1.049038, 1.092381, 1.046407, 0.560179, 0.953593]","[0.008287, 0.025371, 0.047922, 0.095413, 0.728203, 0.094804]","[0.0, 0.0, 0.0, 0.0, 0.0, -0.0]","moving_00334: score=0.522, d=1973.3, reason=ERR_DIST | moving_00326: score=0.512, d=2004.0, reason=ERR_DIST | moving_00320: score=0.477, d=1841.2, reason=ERR_DIST"
fixed,fixed_00260,260,Structure 2,no_counterpart,False,,24607.980182333336,23867.861317000006,723.3091450167883,107.697435930356,0.7836517227521551,1.0690279369945377,43.08917923186622,7.28940517954867e-07,0.0011111110970153655,0.0014285713971153664,"[0.378613, 0.6029, 0.970561, 1.271902, 1.16035, 1.029439]","[0.054481, 0.053079, 0.094334, 0.129505, 0.10429, 0.564311]","[0.0, 0.0, 0.0, 0.0, 0.0, -0.0]","moving_00326: score=0.497, d=1412.5, reason=ERR_DIST | moving_00320: score=0.474, d=1638.2, reason=ERR_DIST | moving_00331: score=0.338, d=458.1, reason=ERR_AREA"
fixed,fixed_00261,261,Structure 2,no_counterpart,False,,24254.052918999994,23904.647307666666,723.3091830723554,107.69743875720599,0.7836517228438414,1.0690279351179648,43.0891793295062,7.289405563067183e-07,0.0011111111252696652,0.001428571435950039,"[0.562246, 1.185132, 0.734991, 1.020012, 1.020012, 0.979988]","[0.021523, 0.050064, 0.102245, 0.556125, 0.102245, 0.167798]","[-0.0, 0.0, -0.0, -0.0, -0.0, 0.0]","moving_00331: score=0.509, d=129.9, reason=ERR_AREA | moving_00326: score=0.496, d=1735.6, reason=ERR_DIST | moving_00320: score=0.485, d=1751.4, reason=ERR_DIST"
fixed,fixed_00262,262,Structure 2,no_counterpart,False,,24372.028673333338,23941.433298666667,723.309164679282,107.69743729661789,0.7836517241720167,1.0690279079337996,43.08917932949182,7.289405377704444e-07,0.0011111110970152627,0.001428571435949898,"[1.223011, 0.850055, 1.153076, 0.449812, 0.755543, 1.149945]","[0.05931, 0.053694, 0.10756, 0.298106, 0.235418, 0.245912]","[0.0, 0.0, -0.0, 0.0, 0.0, 0.0]","moving_00326: score=0.475, d=1651.3, reason=ERR_DIST | moving_00320: score=0.467, d=1753.8, reason=ERR_DIST | moving_00331: score=0.455, d=210.9, reason=ERR_AREA"
fixed,fixed_00263,263,Structure 2,no_counterpart,False,,24607.980182333333,23941.433298666667,723.309164679349,107.69743729662322,0.7836517241720116,1.0690279079338987,43.089179331580645,7.289405377705119e-07,0.0011111110970153655,0.001428571435949898,"[1.151274, 0.328711, 0.848726, 1.508724, 1.440329, 0.449109]","[0.022748, 0.030946, 0.04064, 0.048106, 0.25, 0.60756]","[-0.0, 0.0, 0.0, 0.0, -0.0, -0.0]","moving_00326: score=0.493, d=1454.5, reason=ERR_DIST | moving_00320: score=0.449, d=1711.3, reason=ERR_DIST | moving_00331: score=0.329, d=441.8, reason=ERR_AREA"
fixed,fixed_00264,264,Structure 2,no_counterpart,False,,24568.654930999997,23978.219289666664,723.3091830723554,107.69743875720599,0.7836517228438414,1.0690279351179648,136.91082079306452,7.289405563067183e-07,0.0011111111252696652,0.001428571435950039,"[1.072669, 0.687279, 1.583379, 1.583379, 0.927331, 0.426234]","[0.081825, 0.040193, 0.058871, 0.275046, 0.075827, 0.468239]","[-0.0, 0.0, -0.0, -0.0, -0.0, -0.0]","moving_00320: score=0.487, d=1752.6, reason=ERR_DIST | moving_00326: score=0.485, d=1507.9, reason=ERR_DIST | moving_00331: score=0.358, d=398.9, reason=ERR_AREA"
fixed,fixed_00265,265,Structure 2,no_counterpart,False,,24372.028673333334,24015.00528033333,723.3091646793537,107.69743729662288,0.7836517241720218,1.069027907933694,-43.08917945685291,7.289405377705165e-07,0.0011111110970152627,0.001428571435950039,"[0.859402, 1.01282, 0.98718, 1.176793, 0.53594, 1.457188]","[0.088746, 0.259801, 0.271145, 0.130308, 0.220565, 0.029435]","[0.0, -0.0, 0.0, 0.0, -0.0, 0.0]","moving_00320: score=0.491, d=1825.2, reason=ERR_DIST | moving_00326: score=0.480, d=1690.5, reason=ERR_DIST | moving_00331: score=0.457, d=201.7, reason=ERR_AREA"
fixed,fixed_00266,266,Structure 2,no_counterpart,False,,24490.004428000004,24015.005280333335,723.3091830724222,107.6974387572113,0.7836517228438364,1.0690279351180636,43.08917933564463,7.289405563067857e-07,0.001111111125269768,0.001428571435950039,"[0.572518, 0.918056, 1.081944, 1.467628, 1.081944, 0.675673]","[0.25, 0.088746, 0.268814, 0.053694, 0.019117, 0.319628]","[-0.0, -0.0, -0.0, -0.0, -0.0, -0.0]","moving_00320: score=0.492, d=1801.0, reason=ERR_DIST | moving_00326: score=0.477, d=1593.2, reason=ERR_DIST | moving_00331: score=0.380, d=319.5, reason=ERR_AREA"
fixed,fixed_00267,267,Structure 2,no_counterpart,False,,24018.101410000003,24088.577261999995,723.3091634097227,107.6974373909338,0.7836517214239792,1.0690279641787104,136.91082212497057,7.289405364910009e-07,0.0011111111252696652,0.0014285713971153664,"[1.428571, 0.840741, 0.709318, 0.905667, 1.160335, 1.094333]","[0.021143, 0.674376, 0.1991, 0.042673, 0.030089, 0.032619]","[0.0, 0.0, 0.0, 0.0, 0.0, 0.0]","moving_00357: score=0.472, d=2003.7, reason=ERR_DIST | moving_00331: score=0.458, d=174.3, reason=ERR_AREA | moving_00338: score=0.287, d=810.8, reason=ERR_DIST;ERR_AREA"
fixed,fixed_00268,268,Structure 2,no_counterpart,False,,24490.004428000004,24088.577262,723.3091634097896,107.69743739093911,0.7836517214239743,1.0690279641788092,-43.08917777862728,7.289405364910682e-07,0.001111111125269768,0.0014285713971153664,"[1.221099, 0.848726, 1.151274, 0.449109, 0.827241, 1.151274]","[0.118181, 0.053694, 0.10756, 0.098547, 0.009013, 0.613005]","[0.0, 0.0, 0.0, 0.0, 0.0, 0.0]","moving_00326: score=0.515, d=1637.2, reason=ERR_DIST | moving_00320: score=0.484, d=1873.5, reason=ERR_DIST | moving_00331: score=0.383, d=330.3, reason=ERR_AREA"
fixed,fixed_00269,269,Structure 2,no_counterpart,False,,24293.378170333333,24125.363252666666,723.3091646794205,107.69743729662818,0.7836517241720169,1.0690279079337928,43.08917933562103,7.28940537770584e-07,0.0011111110970153655,0.001428571435950039,"[1.309301, 1.05693, 0.94307, 0.63888, 1.062998, 0.943058]","[0.200795, 0.092374, 0.034236, 0.070054, 0.051964, 0.550578]","[-0.0, 0.0, -0.0, -0.0, 0.0, -0.0]","moving_00326: score=0.522, d=1817.5, reason=ERR_DIST | moving_00331: score=0.492, d=172.5, reason=ERR_AREA | moving_00320: score=0.484, d=1951.6, reason=ERR_DIST"
fixed,fixed_00270,270,Structure 2,no_counterpart,False,,29.697995666666667,24382.865188333333,723.3091646793117,107.69743729662027,0.7836517241720143,1.0690279079338436,-136.9108206673905,7.289405377704743e-07,0.0011111110970153082,0.001428571435949898,"[1.515867, 0.326531, 1.346939, 0.653061, 1.428571, 0.55102]","[0.013761, 0.0, 0.0, 0.0, 0.0, 0.986239]","[0.0, 0.0, 0.0, 0.0, 0.0, 1.098612]","moving_00310: score=0.491, d=3539.0, reason=ERR_DIST | moving_00301: score=0.481, d=5267.3, reason=ERR_DIST | moving_00339: score=0.468, d=3687.9, reason=ERR_DIST"
fixed,fixed_00271,271,Structure 2,no_counterpart,False,,23585.523643333338,24566.795142333336,723.3091646794205,107.6974372966282,0.7836517241720167,1.0690279079337928,136.91082078802543,7.28940537770584e-07,0.0011111110970153655,0.001428571435950039,"[2.058402, 0.851325, 1.884, 0.817934, 1.148675, 0.851325]","[0.012644, 0.02774, 0.074507, 0.132606, 0.125891, 0.626613]","[-0.0, -0.0, -0.0, -0.0, 0.0, -0.0]","moving_00334: score=0.503, d=1709.0, reason=ERR_DIST | moving_00357: score=0.456, d=1366.7, reason=ERR_DIST | moving_00338: score=0.436, d=166.4, reason=ERR_AREA"
fixed,fixed_00272,272,Structure 2,no_counterpart,False,,23821.475152333336,24566.795142333336,723.3091646794205,107.6974372966282,0.7836517241720167,1.0690279079337928,136.9108207892373,7.28940537770584e-07,0.0011111110970153655,0.001428571435950039,"[0.742997, 0.561651, 0.912381, 1.413442, 1.087619, 1.588568]","[0.078125, 0.020422, 0.094469, 0.020422, 0.036562, 0.75]","[0.0, -0.0, -0.0, -0.0, -0.0, 0.0]","moving_00334: score=0.527, d=1933.5, reason=ERR_DIST | moving_00357: score=0.470, d=1502.9, reason=ERR_DIST | moving_00338: score=0.323, d=374.9, reason=ERR_AREA"
fixed,fixed_00273,273,Structure 2,no_counterpart,False,,23506.873140333333,24603.581133333333,723.309164679349,107.69743729662322,0.7836517241720116,1.0690279079338987,-43.0891794465133,7.289405377705119e-07,0.0011111110970153655,0.001428571435949898,"[1.214236, 0.953921, 0.643954, 1.41979, 1.046079, 0.670242]","[0.048106, 0.123769, 0.078125, 0.098547, 0.581825, 0.069628]","[-0.0, -0.0, 0.0, 0.0, 0.0, 0.0]","moving_00338: score=0.508, d=88.1, reason=ERR_AREA | moving_00334: score=0.502, d=1647.9, reason=ERR_DIST | moving_00357: score=0.476, d=1295.3, reason=ERR_DIST"
fixed,fixed_00274,274,Structure 2,no_counterpart,False,,23664.174146333335,24603.581133333333,723.309164679282,107.6974372966179,0.7836517241720166,1.0690279079337996,136.9108207880114,7.289405377704444e-07,0.0011111110970152627,0.001428571435949898,"[1.068665, 0.931335, 0.465668, 1.202345, 1.360292, 0.750863]","[0.071587, 0.260616, 0.030946, 0.088746, 0.069628, 0.478477]","[-0.0, 0.0, -0.0, 0.0, 0.0, 0.0]","moving_00334: score=0.486, d=1795.4, reason=ERR_DIST | moving_00357: score=0.452, d=1378.8, reason=ERR_DIST | moving_00338: score=0.427, d=214.3, reason=ERR_AREA"
fixed,fixed_00275,275,Structure 2,no_counterpart,False,,23624.848894999996,24640.36712399999,723.3091634097227,107.6974373909338,0.7836517214239792,1.0690279641787104,-136.9108222214582,7.289405364910009e-07,0.0011111111252696652,0.0014285713971153664,"[1.495215, 1.174661, 0.825339, 1.174661, 0.792967, 0.511856]","[0.048106, 0.382266, 0.117734, 0.123769, 0.208433, 0.119692]","[0.0, 0.0, 0.0, 0.0, 0.0, 0.0]","moving_00334: score=0.474, d=1771.2, reason=ERR_DIST | moving_00357: score=0.448, d=1326.2, reason=ERR_DIST | moving_00338: score=0.434, d=165.6, reason=ERR_AREA"
fixed,fixed_00276,276,Structure 2,no_counterpart,False,,23782.149901,24640.36712399999,723.3091634097227,107.6974373909338,0.7836517214239792,1.0690279641787104,136.9108222213681,7.289405364910009e-07,0.0011111111252696652,0.0014285713971153664,"[0.520277, 0.520277, 1.519814, 1.193987, 2.0284, 0.806013]","[0.260616, 0.119692, 0.048106, 0.008879, 0.271141, 0.291567]","[0.0, 0.0, 0.0, 0.0, 0.0, 0.0]","moving_00334: score=0.439, d=1918.9, reason=ERR_DIST | moving_00357: score=0.406, d=1421.0, reason=ERR_DIST | moving_00331: score=0.340, d=745.4, reason=ERR_AREA"
fixed,fixed_00277,277,Structure 2,no_counterpart,False,,29.697995666666667,24677.153114666668,723.3091646793833,107.69743729662522,0.7836517241720198,1.0690279079337377,136.91082066736942,7.289405377705465e-07,0.0011111110970153082,0.001428571435950039,"[1.768291, 1.515152, 1.636364, 0.484848, 0.333333, 0.484848]","[0.01753, 0.0, 0.0, 0.0, 0.5, 0.48247]","[0.0, 0.0, 0.0, 0.0, 1.098612, -0.0]","moving_00306: score=0.483, d=4458.4, reason=ERR_DIST | moving_00301: score=0.474, d=5561.6, reason=ERR_DIST | moving_00127: score=0.449, d=6811.8, reason=ERR_DIST"
fixed,fixed_00278,278,Structure 2,no_counterpart,False,,23546.198391999995,24677.153114666668,723.3091830723554,107.69743875720599,0.7836517228438414,1.0690279351179648,43.08917933698982,7.289405563067183e-07,0.0011111111252696652,0.001428571435950039,"[1.0, 1.054821, 0.712068, 1.0, 1.18677, 0.741137]","[0.147414, 0.21998, 0.132606, 0.106773, 0.019117, 0.374109]","[-0.0, -0.0, -0.0, -0.0, -0.0, -0.0]","moving_00338: score=0.540, d=82.0, reason=ERR_AREA | moving_00334: score=0.482, d=1712.1, reason=ERR_DIST | moving_00357: score=0.436, d=1252.2, reason=ERR_DIST"
fixed,fixed_00279,279,Structure 2,no_counterpart,False,,23742.82464933333,24677.153114666668,723.3091646793537,107.69743729662288,0.7836517241720218,1.069027907933694,43.089179337020234,7.289405377705165e-07,0.0011111110970152627,0.001428571435950039,"[0.680146, 1.068665, 1.661676, 0.931335, 1.171908, 0.465668]","[0.548106, 0.049262, 0.022324, 0.228855, 0.031761, 0.119692]","[0.0, -0.0, 0.0, -0.0, 0.0, -0.0]","moving_00334: score=0.483, d=1894.5, reason=ERR_DIST | moving_00357: score=0.450, d=1367.6, reason=ERR_DIST | moving_00338: score=0.383, d=278.6, reason=ERR_AREA"
fixed,fixed_00280,280,Structure 2,no_counterpart,False,,23821.475152333336,24677.153114666668,723.3091646794205,107.6974372966282,0.7836517241720167,1.0690279079337928,43.089179337036136,7.28940537770584e-07,0.0011111110970153655,0.001428571435950039,"[0.553849, 1.408647, 1.22287, 1.834305, 0.379198, 0.77713]","[0.029435, 0.040193, 0.0, 0.050064, 0.130308, 0.75]","[-0.0, -0.0, -0.0, 0.0, -0.0, 0.0]","moving_00334: score=0.487, d=1968.3, reason=ERR_DIST | moving_00357: score=0.459, d=1418.8, reason=ERR_DIST | moving_00338: score=0.317, d=357.2, reason=ERR_AREA"
fixed,fixed_00281,281,Structure 2,no_counterpart,False,,23428.222637333332,24713.939105666665,723.3091646793537,107.69743729662288,0.7836517241720218,1.069027907933694,43.08917933696519,7.289405377705165e-07,0.0011111110970152627,0.001428571435950039,"[0.623508, 0.784566, 1.247016, 1.508058, 1.215434, 0.715447]","[0.728855, 0.031761, 0.050064, 0.012644, 0.008879, 0.167798]","[0.0, -0.0, 0.0, -0.0, -0.0, 0.0]","moving_00338: score=0.559, d=49.0, reason=ERR_AREA | moving_00334: score=0.500, d=1619.9, reason=ERR_DIST | moving_00357: score=0.471, d=1160.7, reason=ERR_DIST"
fixed,fixed_00282,282,Structure 2,no_counterpart,False,,23506.873140333337,24787.511087333336,723.3091646794205,107.6974372966282,0.7836517241720167,1.0690279079337928,136.91082078762466,7.28940537770584e-07,0.0011111110970153655,0.001428571435950039,"[0.578196, 0.987466, 1.257945, 0.628973, 1.012534, 1.299337]","[0.130308, 0.054481, 0.0, 0.053079, 0.005045, 0.757087]","[-0.0, -0.0, 0.0, 0.0, -0.0, -0.0]","moving_00334: score=0.521, d=1723.1, reason=ERR_DIST | moving_00357: score=0.483, d=1138.2, reason=ERR_DIST | moving_00338: score=0.452, d=114.9, reason=ERR_AREA"
fixed,fixed_00283,283,Structure 2,no_counterpart,False,,29.69799555555556,24879.476064500006,2169.9274743755177,181.26941793035434,0.8298622367291918,1.8708585229373604,90.0,2.1868215934959224e-06,0.0011111110970153082,0.0028571428330654057,"[1.437444, 0.151515, 1.181818, 1.30303, 0.818182, 0.333333]","[0.021587, 0.0, 0.0, 0.5, 0.0, 0.478413]","[-1.098612, -1.098612, -1.098612, -1.098612, -1.098612, -1.098612]","moving_00301: score=0.315, d=5763.9, reason=ERR_DIST | moving_00296: score=0.268, d=7565.7, reason=ERR_DIST | moving_00297: score=0.259, d=7455.4, reason=ERR_DIST"
fixed,fixed_00284,284,Structure 2,no_counterpart,False,,22995.644870999997,24861.083069,723.3091634097896,107.69743739093911,0.7836517214239743,1.0690279641788092,136.91082212945992,7.289405364910682e-07,0.001111111125269768,0.0014285713971153664,"[0.411002, 1.116296, 0.463275, 1.176103, 0.938797, 1.061203]","[0.025531, 0.026433, 0.84434, 0.022078, 0.029435, 0.052184]","[0.0, -0.0, 0.0, 0.0, 0.0, 0.0]","moving_00334: score=0.517, d=1334.4, reason=ERR_DIST | moving_00357: score=0.467, d=881.7, reason=ERR_DIST | moving_00329: score=0.449, d=2132.2, reason=ERR_DIST"
fixed,fixed_00285,285,Structure 2,no_counterpart,False,,23192.271128333334,24897.869059666667,723.3091646794205,107.6974372966282,0.7836517241720167,1.0690279079337928,43.089179336924865,7.28940537770584e-07,0.0011111110970153655,0.001428571435950039,"[1.098103, 0.232614, 0.632463, 0.945894, 1.318781, 1.054106]","[0.180372, 0.279435, 0.365183, 0.016636, 0.035051, 0.123323]","[-0.0, 0.0, -0.0, -0.0, 0.0, 0.0]","moving_00334: score=0.439, d=1512.1, reason=ERR_DIST | moving_00357: score=0.417, d=894.6, reason=ERR_DIST | moving_00338: score=0.327, d=348.0, reason=ERR_AREA"
fixed,fixed_00286,286,Structure 2,no_counterpart,False,,29.697995666666667,24971.441041333335,723.3091646793833,107.69743729662524,0.7836517241720196,1.0690279079337377,-136.91082066738042,7.289405377705465e-07,0.0011111110970153082,0.001428571435950039,"[1.287484, 1.030303, 1.151515, 0.151515, 0.969697, 0.484848]","[0.02412, 0.0, 0.5, 0.0, 0.0, 0.47588]","[0.0, 0.0, 0.0, 1.098612, -0.0, 0.0]","moving_00296: score=0.498, d=7657.7, reason=ERR_DIST | moving_00301: score=0.479, d=5855.9, reason=ERR_DIST | moving_00297: score=0.462, d=7547.4, reason=ERR_DIST"
fixed,fixed_00287,287,Structure 2,no_counterpart,False,,23192.271128333334,24971.44104133333,723.3091646794205,107.6974372966282,0.7836517241720167,1.0690279079337928,136.91082078600706,7.28940537770584e-07,0.0011111110970153655,0.001428571435950039,"[0.961082, 0.670722, 0.218851, 1.038918, 1.369213, 1.084035]","[0.544837, 0.168601, 0.118054, 0.021548, 0.026197, 0.120764]","[-0.0, -0.0, 0.0, -0.0, 0.0, 0.0]","moving_00334: score=0.475, d=1556.6, reason=ERR_DIST | moving_00357: score=0.459, d=826.3, reason=ERR_DIST | moving_00338: score=0.327, d=398.1, reason=ERR_AREA"
fixed,fixed_00288,288,Structure 2,no_counterpart,False,,23506.873140333337,25045.013023000003,723.3091450167883,107.697435930356,0.7836517227521551,1.0690279369945377,43.089179227991586,7.28940517954867e-07,0.0011111110970153655,0.0014285713971153664,"[0.939762, 1.010216, 0.989784, 0.748987, 1.076079, 1.225984]","[0.033066, 0.143251, 0.037121, 0.01695, 0.028201, 0.741412]","[0.0, 0.0, 0.0, 0.0, 0.0, 0.0]","moving_00334: score=0.542, d=1854.1, reason=ERR_DIST | moving_00357: score=0.485, d=935.0, reason=ERR_DIST | moving_00338: score=0.345, d=366.7, reason=ERR_AREA"
fixed,fixed_00289,289,Structure 2,no_counterpart,False,,24136.07716433333,25155.370995333335,723.3091646793537,107.69743729662287,0.783651724172022,1.069027907933694,-43.089179449565464,7.289405377705165e-07,0.0011111110970152627,0.001428571435950039,"[0.838704, 1.161296, 1.309147, 0.24987, 1.263839, 0.374802]","[0.139255, 0.044602, 0.163831, 0.015724, 0.067406, 0.569182]","[-0.0, 0.0, 0.0, -0.0, 0.0, 0.0]","moving_00326: score=0.484, d=2645.3, reason=ERR_DIST | moving_00334: score=0.466, d=2451.1, reason=ERR_DIST | moving_00357: score=0.455, d=1387.3, reason=ERR_DIST"
fixed,fixed_00290,290,Structure 2,no_counterpart,False,,23978.776158333334,25192.15698633333,723.3091646794205,107.69743729662818,0.7836517241720169,1.0690279079337928,136.9108207835807,7.28940537770584e-07,0.0011111110970153655,0.001428571435950039,"[1.142454, 0.193536, 1.151266, 0.898199, 1.101801, 0.360078]","[0.058196, 0.192501, 0.10756, 0.178416, 0.415332, 0.047995]","[-0.0, -0.0, 0.0, 0.0, -0.0, -0.0]","moving_00326: score=0.466, d=2773.9, reason=ERR_DIST | moving_00357: score=0.456, d=1229.5, reason=ERR_DIST | moving_00334: score=0.452, d=2331.8, reason=ERR_DIST"
fixed,fixed_00291,291,Structure 2,no_counterpart,False,,24057.42666133333,25228.942977,723.3091450167215,107.69743593035068,0.78365172275216,1.0690279369944389,136.91082079751246,7.289405179547996e-07,0.0011111110970152627,0.0014285713971153664,"[0.994127, 1.112396, 1.131964, 1.005873, 0.199544, 0.247504]","[0.137395, 0.1511, 0.1114, 0.169734, 0.31068, 0.119692]","[0.0, 0.0, 0.0, 0.0, 0.0, 0.0]","moving_00326: score=0.452, d=2751.9, reason=ERR_DIST | moving_00357: score=0.432, d=1285.6, reason=ERR_DIST | moving_00334: score=0.427, d=2418.2, reason=ERR_DIST"
fixed,fixed_00292,292,Structure 2,no_counterpart,False,,24490.004428000004,25228.942977,723.3091634097896,107.69743739093911,0.7836517214239743,1.0690279641788092,-43.08917777862232,7.289405364910682e-07,0.001111111125269768,0.0014285713971153664,"[1.09298, 0.817487, 1.128438, 0.915385, 1.084615, 0.764962]","[0.037264, 0.023556, 0.177051, 0.011432, 0.021187, 0.72951]","[0.0, 0.0, 0.0, -0.0, 0.0, 0.0]","moving_00334: score=0.532, d=2800.0, reason=ERR_DIST | moving_00326: score=0.513, d=2503.0, reason=ERR_DIST | moving_00357: score=0.467, d=1691.9, reason=ERR_DIST"
fixed,fixed_00293,293,Structure 2,no_counterpart,False,,26220.315494000002,25376.086940333334,723.3091830723554,107.69743875720597,0.7836517228438415,1.0690279351179648,43.089179333592256,7.289405563067183e-07,0.0011111111252696652,0.001428571435950039,"[0.773439, 1.307559, 0.940918, 0.911517, 1.059082, 1.55373]","[0.105381, 0.034223, 0.03227, 0.208433, 0.042602, 0.57709]","[-0.0, -0.0, -0.0, -0.0, -0.0, 0.0]","moving_00326: score=0.508, d=2330.2, reason=ERR_DIST | moving_00357: score=0.469, d=3364.1, reason=ERR_DIST | moving_00331: score=0.315, d=2466.4, reason=ERR_DIST;ERR_AREA"
fixed,fixed_00294,294,Structure 2,no_counterpart,False,,26574.242757333337,25376.086940333334,723.3091646794205,107.69743729662818,0.7836517241720169,1.0690279079337928,-43.08917946138318,7.28940537770584e-07,0.0011111110970153655,0.001428571435950039,"[2.208254, 0.982495, 0.865437, 1.017505, 1.987429, 0.900125]","[0.130979, 0.086514, 0.02719, 0.11606, 0.069628, 0.569628]","[-0.0, 0.0, 0.0, -0.0, 0.0, 0.0]","moving_00326: score=0.505, d=2421.4, reason=ERR_DIST | moving_00320: score=0.482, d=3601.1, reason=ERR_DIST | moving_00332: score=0.460, d=3210.2, reason=ERR_DIST"
fixed,fixed_00295,295,Structure 2,no_counterpart,False,,20636.129781,25449.658921666665,723.3091830724222,107.6974387572113,0.7836517228438364,1.0690279351180636,-43.089179432612376,7.289405563067857e-07,0.001111111125269768,0.001428571435950039,"[1.35603, 0.819307, 0.565356, 0.533148, 1.180693, 1.23073]","[0.000774, 0.003714, 0.023545, 0.423976, 0.001052, 0.546939]","[-0.0, -0.0, -0.0, 0.0, -0.0, -0.0]","moving_00334: score=0.488, d=1966.1, reason=ERR_DIST | moving_00329: score=0.458, d=1999.1, reason=ERR_DIST | moving_00357: score=0.445, d=2257.3, reason=ERR_DIST"
fixed,fixed_00296,296,Structure 2,no_counterpart,False,,23703.499398000004,25486.444912666666,723.3091830724222,107.6974387572113,0.7836517228438364,1.0690279351180636,-43.08917944747184,7.289405563067857e-07,0.001111111125269768,0.001428571435950039,"[1.288147, 0.701664, 1.049465, 0.875129, 1.183002, 0.950535]","[0.059009, 0.563615, 0.186383, 0.026342, 0.003863, 0.160788]","[-0.0, -0.0, -0.0, -0.0, -0.0, -0.0]","moving_00334: score=0.500, d=2278.7, reason=ERR_DIST | moving_00357: score=0.465, d=864.5, reason=ERR_DIST | moving_00331: score=0.322, d=1554.1, reason=ERR_DIST;ERR_AREA"
fixed,fixed_00297,297,Structure 2,no_counterpart,False,,30034.864889000004,25523.23090333333,723.3091830723507,107.69743875720633,0.7836517228438314,1.0690279351181693,43.08917932637823,7.289405563067136e-07,0.001111111125269768,0.001428571435949898,"[2.751762, 0.769642, 1.945932, 0.645637, 0.413671, 1.230358]","[0.011113, 0.006981, 0.305004, 0.081825, 0.04688, 0.548198]","[-0.0, 0.0, -0.0, -0.0, 0.0, -0.0]","moving_00332: score=0.477, d=1697.5, reason=ERR_DIST | moving_00326: score=0.473, d=4898.6, reason=ERR_DIST | moving_00336: score=0.258, d=2097.2, reason=ERR_DIST;ERR_AREA"
fixed,fixed_00298,298,Structure 2,no_counterpart,False,,29.697995666666667,25596.802885333334,723.3091646793833,107.69743729662522,0.7836517241720198,1.0690279079337377,-136.91082066739136,7.289405377705465e-07,0.0011111110970153082,0.001428571435950039,"[1.113319, 0.953579, 0.315584, 0.123108, 1.200306, 1.046421]","[0.006074, 0.100875, 0.10756, 0.5, 0.0, 0.285491]","[1.098612, -0.0, 0.0, 0.0, 1.098612, 0.0]","moving_00301: score=0.488, d=6481.2, reason=ERR_DIST | moving_00344: score=0.463, d=8180.8, reason=ERR_DIST | moving_00306: score=0.460, d=5378.1, reason=ERR_DIST"
fixed,fixed_00299,299,Structure 2,no_counterpart,False,,21501.285313999997,25596.802885333334,723.3091830723554,107.69743875720597,0.7836517228438415,1.0690279351179648,136.91082077698752,7.289405563067183e-07,0.0011111111252696652,0.001428571435950039,"[0.375177, 1.277724, 1.166397, 0.128726, 0.833603, 1.582183]","[0.0026, 0.001673, 0.329429, 0.178265, 0.400375, 0.087657]","[-0.0, -0.0, -0.0, 0.0, 0.0, -0.0]","moving_00329: score=0.459, d=2041.5, reason=ERR_DIST | moving_00334: score=0.425, d=1658.5, reason=ERR_DIST | moving_00357: score=0.404, d=1381.0, reason=ERR_DIST"
fixed,fixed_00300,300,Structure 2,no_counterpart,False,,24372.028673333334,25596.802885333334,723.3091646793537,107.69743729662288,0.7836517241720218,1.069027907933694,136.91082079162516,7.289405377705165e-07,0.0011111110970152627,0.001428571435950039,"[0.400709, 0.387983, 1.072192, 1.162514, 1.202128, 0.927808]","[0.208433, 0.079937, 0.17715, 0.03448, 0.127518, 0.372482]","[-0.0, 0.0, 0.0, -0.0, 0.0, -0.0]","moving_00326: score=0.456, d=2880.3, reason=ERR_DIST | moving_00334: score=0.454, d=2880.0, reason=ERR_DIST | moving_00357: score=0.426, d=1503.0, reason=ERR_DIST"
fixed,fixed_00301,301,Structure 2,no_counterpart,False,,29523.636619666668,25596.80288533333,723.3091646793537,107.69743729662287,0.783651724172022,1.069027907933694,43.08917933626959,7.289405377705165e-07,0.0011111110970152627,0.001428571435950039,"[1.230447, 0.527335, 1.945949, 0.571093, 2.120701, 0.769553]","[0.0, 0.017969, 0.044739, 0.420809, 0.493735, 0.022748]","[0.0, 0.0, 0.0, 0.0, -0.0, 0.0]","moving_00326: score=0.458, d=4503.0, reason=ERR_DIST | moving_00332: score=0.439, d=1666.1, reason=ERR_DIST | moving_00139: score=0.241, d=4200.3, reason=ERR_DIST;ERR_AREA"
fixed,fixed_00302,302,Structure 2,no_counterpart,False,,29877.563882999995,25596.802885333334,723.3091830723554,107.69743875720597,0.7836517228438415,1.0690279351179648,43.08917933867766,7.289405563067183e-07,0.0011111111252696652,0.001428571435950039,"[3.154201, 2.313326, 0.356354, 0.857143, 0.420561, 1.142857]","[0.011113, 0.225385, 0.25, 0.430372, 0.069628, 0.013502]","[-0.0, -0.0, -0.0, -0.0, -0.0, 0.0]","moving_00326: score=0.448, d=4800.9, reason=ERR_DIST | moving_00332: score=0.441, d=1720.2, reason=ERR_DIST | moving_00497: score=0.247, d=4977.3, reason=ERR_DIST;ERR_AREA"
fixed,fixed_00303,303,Structure 2,no_counterpart,False,,30349.466900999993,25596.80288533333,723.3091830724222,107.6974387572113,0.7836517228438364,1.0690279351180636,43.0891793263184,7.289405563067857e-07,0.001111111125269768,0.001428571435950039,"[1.685519, 1.0, 1.0, 0.954667, 1.670668, 0.653617]","[0.026962, 0.403789, 0.048106, 0.0, 0.036562, 0.484581]","[-0.0, -0.0, -0.0, -0.0, -0.0, -0.0]","moving_00330: score=0.463, d=4924.4, reason=ERR_DIST | moving_00332: score=0.459, d=1895.6, reason=ERR_DIST | moving_00145: score=0.297, d=2368.6, reason=ERR_DIST;ERR_AREA"
fixed,fixed_00304,304,Structure 2,no_counterpart,False,,2450.697804118788,25680.009293018906,15189.49259050093,553.9653016673186,0.6219965909711149,1.3362849143868858,25.066179829380452,1.5307751426444872e-05,0.005555555569839727,0.0057142857049653425,"[1.325363, 0.822683, 0.392733, 0.681972, 1.177317, 2.205686]","[0.02165, 0.315981, 0.059987, 0.029479, 0.018164, 0.55474]","[-3.044522, -3.044522, -3.044522, -3.044522, -3.044522, -3.044522]","moving_00346: score=0.258, d=6466.7, reason=ERR_DIST;ERR_AREA | moving_00528: score=0.252, d=6876.7, reason=ERR_DIST;ERR_AREA | moving_00301: score=0.249, d=6996.2, reason=ERR_DIST;ERR_AREA"
fixed,fixed_00305,305,Structure 2,matched_review,False,,15681.148091999998,25633.588876000005,723.3091634097561,107.69743739093647,0.7836517214239767,1.0690279641787597,-43.08917771159907,7.289405364910345e-07,0.0011111111252697166,0.0014285713971153664,"[1.10879, 0.148022, 0.444065, 0.963747, 1.036253, 1.10879]","[0.017703, 0.441129, 0.015933, 0.000947, 0.000823, 0.523464]","[0.0, 0.0, 0.0, 0.0, 1.098612, 0.0]","moving_00354: score=0.607, d=292.1, reason=OK | moving_00353: score=0.568, d=220.0, reason=OK | moving_00155: score=0.531, d=407.0, reason=OK"
fixed,fixed_00306,306,Structure 2,no_counterpart,False,,21894.537828999997,25633.588876000005,723.3091634097227,107.6974373909338,0.7836517214239792,1.0690279641787104,136.9108222213681,7.289405364910009e-07,0.0011111111252696652,0.0014285713971153664,"[1.065641, 0.934359, 0.535608, 0.442938, 1.426235, 1.508422]","[0.002617, 0.454242, 0.039459, 0.008254, 0.379534, 0.115893]","[0.0, 0.0, 0.0, 0.0, 0.0, 0.0]","moving_00334: score=0.459, d=1629.1, reason=ERR_DIST | moving_00329: score=0.453, d=2151.6, reason=ERR_DIST | moving_00357: score=0.424, d=986.0, reason=ERR_DIST"
fixed,fixed_00307,307,Structure 2,no_counterpart,False,,31293.272936999998,25633.588876000005,723.3091634097227,107.6974373909338,0.7836517214239792,1.0690279641787104,136.9108222213681,7.289405364910009e-07,0.0011111111252696652,0.0014285713971153664,"[1.046119, 0.960171, 0.153066, 0.533537, 1.039829, 1.390704]","[0.001667, 0.391062, 0.052183, 0.042763, 0.007722, 0.504604]","[0.0, 0.0, 0.0, 0.0, 0.0, 0.0]","moving_00332: score=0.456, d=2514.2, reason=ERR_DIST | moving_00330: score=0.434, d=4093.5, reason=ERR_DIST | moving_00336: score=0.290, d=1244.1, reason=ERR_DIST;ERR_AREA"
fixed,fixed_00308,308,Structure 2,no_counterpart,False,,29.697995666666667,25670.374866666672,723.3091646793833,107.69743729662522,0.7836517241720198,1.0690279079337377,136.91082066736138,7.289405377705465e-07,0.0011111110970153082,0.001428571435950039,"[1.307335, 1.080744, 0.919256, 0.230103, 0.12176, 1.156723]","[0.003124, 0.003174, 0.067603, 0.661254, 0.0, 0.264845]","[-0.0, 1.098612, -0.0, 0.0, 0.0, 0.0]","moving_00301: score=0.497, d=6554.8, reason=ERR_DIST | moving_00344: score=0.467, d=8179.9, reason=ERR_DIST | moving_00306: score=0.466, d=5451.6, reason=ERR_DIST"
fixed,fixed_00309,309,Structure 2,matched_review,False,,15877.774349666668,25670.374866666665,723.3091646793871,107.69743729662554,0.7836517241720191,1.0690279079337435,136.91082074632826,7.289405377705503e-07,0.001111111097015314,0.001428571435950039,"[0.929773, 0.565052, 1.070227, 1.140471, 1.210725, 0.143089]","[0.476142, 0.007015, 0.000483, 0.000427, 0.036356, 0.479578]","[0.0, -0.0, -0.0, 1.098612, 0.0, -0.0]","moving_00353: score=0.713, d=64.2, reason=OK | moving_00354: score=0.676, d=100.6, reason=OK | moving_00355: score=0.656, d=205.7, reason=OK"
fixed,fixed_00310,310,Structure 2,no_counterpart,False,,21422.634811,25707.16085766667,723.3091830724222,107.6974387572113,0.7836517228438364,1.0690279351180636,-43.08917943641423,7.289405563067857e-07,0.001111111125269768,0.001428571435950039,"[1.332355, 1.221404, 0.778596, 0.127495, 1.680386, 0.449332]","[0.000376, 0.545847, 0.29819, 0.072913, 0.053926, 0.028749]","[-0.0, -0.0, 0.0, -0.0, -0.0, -0.0]","moving_00329: score=0.469, d=2145.5, reason=ERR_DIST | moving_00334: score=0.457, d=1787.1, reason=ERR_DIST | moving_00357: score=0.432, d=1453.0, reason=ERR_DIST"
fixed,fixed_00311,311,Structure 2,no_counterpart,False,,23939.450907,25707.160857666666,723.3091830723554,107.69743875720599,0.7836517228438414,1.0690279351179648,-43.08917945465322,7.289405563067183e-07,0.0011111111252696652,0.001428571435950039,"[0.670087, 1.091707, 0.688171, 1.100127, 1.049119, 0.950881]","[0.011432, 0.60826, 0.142437, 0.026365, 0.17175, 0.039755]","[0.0, -0.0, 0.0, -0.0, -0.0, -0.0]","moving_00334: score=0.506, d=2601.5, reason=ERR_DIST | moving_00326: score=0.498, d=3204.9, reason=ERR_DIST | moving_00357: score=0.467, d=1064.4, reason=ERR_DIST"
fixed,fixed_00312,312,Structure 2,no_counterpart,False,,24254.052918999994,25707.160857666666,723.3091830723554,107.69743875720599,0.7836517228438414,1.0690279351179648,43.08917933753555,7.289405563067183e-07,0.0011111111252696652,0.001428571435950039,"[0.481054, 0.756559, 1.243441, 1.356943, 1.282389, 0.388488]","[0.470565, 0.187915, 0.028562, 0.106472, 0.057359, 0.149128]","[-0.0, 0.0, -0.0, -0.0, -0.0, -0.0]","moving_00326: score=0.484, d=3034.7, reason=ERR_DIST | moving_00334: score=0.455, d=2847.0, reason=ERR_DIST | moving_00357: score=0.441, d=1378.9, reason=ERR_DIST"
fixed,fixed_00313,313,Structure 2,no_counterpart,False,,25591.111470000003,25707.16085766667,723.3091830724222,107.6974387572113,0.7836517228438364,1.0690279351180636,136.91082079139102,7.289405563067857e-07,0.001111111125269768,0.001428571435950039,"[0.558219, 1.834149, 1.676319, 0.109197, 0.250597, 1.441781]","[0.0, 0.007085, 0.373223, 0.071587, 0.471016, 0.07709]","[-0.0, -0.0, -0.0, -0.0, -0.0, -0.0]","moving_00326: score=0.432, d=2627.4, reason=ERR_DIST | moving_00357: score=0.397, d=2715.9, reason=ERR_DIST | moving_00331: score=0.270, d=2217.6, reason=ERR_DIST;ERR_AREA"
fixed,fixed_00314,314,Structure 2,no_counterpart,False,,25866.388230333334,25707.16085766667,723.3091646794205,107.69743729662818,0.7836517241720169,1.0690279079337928,43.0891793358148,7.28940537770584e-07,0.0011111110970153655,0.001428571435950039,"[1.430647, 1.254607, 0.720197, 0.898058, 0.625908, 1.101942]","[0.010618, 0.470856, 0.003681, 0.014845, 0.380308, 0.119692]","[0.0, -0.0, -0.0, -0.0, 0.0, 0.0]","moving_00326: score=0.480, d=2621.5, reason=ERR_DIST | moving_00357: score=0.427, d=2991.1, reason=ERR_DIST | moving_00331: score=0.297, d=2403.3, reason=ERR_DIST;ERR_AREA"
fixed,fixed_00315,315,Structure 2,no_counterpart,False,,26495.592254333336,25707.16085766667,723.3091646794205,107.69743729662818,0.7836517241720169,1.0690279079337928,43.08917933150669,7.28940537770584e-07,0.0011111110970153655,0.001428571435950039,"[2.246696, 0.519003, 0.225278, 1.632485, 1.117115, 0.882885]","[0.022672, 0.400936, 0.069628, 0.139605, 0.147517, 0.219642]","[-0.0, 0.0, -0.0, 0.0, 0.0, 0.0]","moving_00332: score=0.492, d=3439.2, reason=ERR_DIST | moving_00326: score=0.454, d=2714.9, reason=ERR_DIST | moving_00357: score=0.407, d=3620.3, reason=ERR_DIST"
fixed,fixed_00316,316,Structure 2,no_counterpart,False,,31175.297182666665,25707.160857666666,723.3091646793537,107.69743729662287,0.783651724172022,1.069027907933694,136.9108208262985,7.289405377705165e-07,0.0011111110970152627,0.001428571435950039,"[1.169427, 1.082911, 0.391674, 0.917089, 1.271519, 0.15304]","[0.000441, 0.477565, 0.037626, 0.004306, 0.385805, 0.094258]","[0.0, 0.0, 0.0, 0.0, 0.0, -0.0]","moving_00332: score=0.497, d=2480.7, reason=ERR_DIST | moving_00330: score=0.438, d=4232.4, reason=ERR_DIST | moving_00336: score=0.249, d=1366.8, reason=ERR_DIST;ERR_AREA"
fixed,fixed_00317,317,Structure 2,no_counterpart,False,,35343.77384166667,25707.16085766667,723.3091646794205,107.69743729662821,0.7836517241720166,1.0690279079337928,136.91082082973222,7.28940537770584e-07,0.0011111110970153655,0.001428571435950039,"[1.647562, 1.474714, 1.129298, 0.870702, 0.698771, 0.196337]","[0.00105, 0.003063, 0.003891, 0.004193, 0.056983, 0.93082]","[0.0, 0.0, -0.0, 0.0, -0.0, -0.0]","moving_00330: score=0.465, d=2122.7, reason=ERR_DIST | moving_00307: score=0.449, d=5157.6, reason=ERR_DIST | moving_00312: score=0.423, d=4569.3, reason=ERR_DIST"
fixed,fixed_00318,318,Structure 2,no_counterpart,False,,147.67374999999998,25743.94684833333,723.3091830723074,107.69743875720287,0.7836517228438348,1.0690279351181051,136.9108206673226,7.289405563066699e-07,0.0011111111252697014,0.001428571435949898,"[1.387755, 0.897959, 1.102041, 0.288616, 0.3915, 1.622185]","[0.0, 0.0, 0.588746, 0.053694, 0.083441, 0.27412]","[-0.0, -0.0, 1.098612, -0.0, -0.0, -0.0]","moving_00297: score=0.503, d=8320.7, reason=ERR_DIST | moving_00301: score=0.489, d=6629.4, reason=ERR_DIST | moving_00339: score=0.488, d=3650.6, reason=ERR_DIST"
fixed,fixed_00319,319,Structure 2,no_counterpart,False,,580.2515166666667,25743.946848333333,723.3091646793114,107.69743729662024,0.7836517241720143,1.069027907933843,-136.91082066759435,7.28940537770474e-07,0.0011111110970153076,0.001428571435949898,"[0.48, 1.12, 0.2, 0.88, 1.129956, 1.159311]","[0.0, 0.0, 0.5, 0.021143, 0.020422, 0.458435]","[0.0, 0.0, 1.098612, 0.0, 0.0, 0.0]","moving_00301: score=0.496, d=6651.1, reason=ERR_DIST | moving_00345: score=0.466, d=7943.7, reason=ERR_DIST | moving_00344: score=0.463, d=7629.1, reason=ERR_DIST"
fixed,fixed_00320,320,Structure 2,no_counterpart,False,,678.5646455,25743.946848444448,2169.9275124309315,186.347940757203,0.7852462921989946,2.1380558430519505,0.0,2.1868216318476193e-06,0.0022222222222850114,0.001428571435949898,"[1.08, 0.2, 1.328458, 0.28, 0.92, 1.24]","[0.0, 0.017969, 0.482031, 0.0, 0.0, 0.5]","[-1.098612, -1.098612, -1.098612, -1.098612, -1.098612, -1.098612]","moving_00345: score=0.293, d=7845.4, reason=ERR_DIST | moving_00127: score=0.277, d=7905.2, reason=ERR_DIST | moving_00339: score=0.264, d=3138.5, reason=ERR_DIST"
fixed,fixed_00321,321,Structure 2,no_counterpart,False,,816.2030256666666,25743.946848333333,723.3091646793114,107.69743729662024,0.7836517241720143,1.069027907933843,-136.9108206676853,7.28940537770474e-07,0.0011111110970153076,0.001428571435949898,"[1.2, 0.8, 1.7, 1.5, 0.35, 0.6]","[0.0, 0.0, 0.0, 0.5, 0.0, 0.5]","[0.0, 0.0, 0.0, 0.0, 1.098612, 0.0]","moving_00301: score=0.555, d=6674.7, reason=ERR_DIST | moving_00346: score=0.499, d=8100.9, reason=ERR_DIST | moving_00310: score=0.456, d=4962.6, reason=ERR_DIST"
fixed,fixed_00322,322,Structure 2,no_counterpart,False,,1130.8050376666665,25743.946848333333,723.3091646793114,107.69743729662024,0.7836517241720143,1.069027907933843,-136.91082066780825,7.28940537770474e-07,0.0011111110970153076,0.001428571435949898,"[0.470588, 0.823529, 1.058824, 1.352941, 1.352941, 0.941176]","[0.0, 0.0, 0.0, 0.5, 0.0, 0.5]","[0.0, 0.0, 0.0, 1.098612, 1.098612, 0.0]","moving_00301: score=0.566, d=6719.0, reason=ERR_DIST | moving_00346: score=0.499, d=7786.3, reason=ERR_DIST | moving_00306: score=0.474, d=5633.6, reason=ERR_DIST"
fixed,fixed_00323,323,Structure 2,no_counterpart,False,,1288.1060436666667,25743.946848333333,723.3091646793114,107.69743729662024,0.7836517241720143,1.069027907933843,-136.91082066786203,7.28940537770474e-07,0.0011111110970153076,0.001428571435949898,"[0.48, 0.8, 1.92, 1.2, 0.64, 1.92]","[0.0, 0.0, 0.0, 0.5, 0.0, 0.5]","[0.0, 0.0, 0.0, 1.098612, 0.0, 0.0]","moving_00301: score=0.574, d=6746.5, reason=ERR_DIST | moving_00346: score=0.494, d=7629.0, reason=ERR_DIST | moving_00345: score=0.449, d=7235.8, reason=ERR_DIST"
fixed,fixed_00324,324,Structure 2,no_counterpart,False,,1406.0817980000002,25743.946848333333,723.3091830723089,107.697438757203,0.7836517228438346,1.0690279351181076,-136.91082066790892,7.289405563066714e-07,0.0011111111252697038,0.001428571435949898,"[0.347826, 1.565217, 0.782609, 0.521739, 1.217391, 2.087377]","[0.0, 0.0, 0.5, 0.0, 0.422556, 0.077444]","[0.0, -0.0, 1.098612, -0.0, -0.0, 4.110874]","moving_00301: score=0.529, d=6769.5, reason=ERR_DIST | moving_00346: score=0.506, d=7511.0, reason=ERR_DIST | moving_00127: score=0.454, d=7997.7, reason=ERR_DIST"
fixed,fixed_00325,325,Structure 2,no_counterpart,False,,1484.732301,25743.946848333333,723.3091830723089,107.697438757203,0.7836517228438346,1.0690279351181076,-136.91082066794377,7.289405563066714e-07,0.0011111111252697038,0.001428571435949898,"[1.166667, 0.416667, 0.333333, 0.833333, 1.5, 1.712867]","[0.0, 0.5, 0.0, 0.0, 0.408052, 0.091948]","[-0.0, 1.098612, 0.0, -0.0, -0.0, 4.110874]","moving_00301: score=0.502, d=6785.9, reason=ERR_DIST | moving_00306: score=0.480, d=5713.2, reason=ERR_DIST | moving_00346: score=0.468, d=7432.4, reason=ERR_DIST"
fixed,fixed_00326,326,Structure 2,no_counterpart,False,,1583.045429722222,25743.94684844444,2169.927530823925,186.3479412966203,0.7852462943089205,2.1380558430519505,0.0,2.1868216503838126e-06,0.0022222222222850114,0.001428571435949898,"[1.25, 0.75, 0.416667, 1.382675, 0.75, 1.583333]","[0.0, 0.0, 0.38174, 0.11826, 0.0, 0.5]","[-1.098612, -1.098612, -1.098612, 3.012262, -1.098612, -1.098612]","moving_00301: score=0.313, d=6807.6, reason=ERR_DIST | moving_00339: score=0.291, d=2285.8, reason=ERR_DIST | moving_00531: score=0.282, d=8002.5, reason=ERR_DIST"
fixed,fixed_00327,327,Structure 2,no_counterpart,False,,1760.0090616666669,25743.946848333333,723.3091646793114,107.69743729662024,0.7836517241720143,1.069027907933843,-136.91082066803895,7.28940537770474e-07,0.0011111110970153076,0.001428571435949898,"[0.778893, 1.713565, 0.701004, 1.09045, 1.402007, 0.90955]","[0.0, 0.5, 0.0, 0.0, 0.294442, 0.205558]","[0.0, 0.0, 1.098612, 0.0, 0.0, 4.110874]","moving_00301: score=0.559, d=6850.2, reason=ERR_DIST | moving_00346: score=0.481, d=7157.1, reason=ERR_DIST | moving_00339: score=0.465, d=2124.0, reason=ERR_DIST"
fixed,fixed_00328,328,Structure 2,no_counterpart,False,,1956.6353190000002,25743.946848333333,723.3091830723089,107.697438757203,0.7836517228438346,1.0690279351181076,-136.91082066811538,7.289405563066714e-07,0.0011111111252697038,0.001428571435949898,"[1.414129, 0.771343, 1.221293, 0.642786, 0.842985, 1.157015]","[0.0, 0.5, 0.0, 0.163507, 0.336493, 0.0]","[-0.0, -0.0, 1.098612, -0.0, 4.110874, -0.0]","moving_00346: score=0.497, d=6960.5, reason=ERR_DIST | moving_00339: score=0.495, d=1947.3, reason=ERR_DIST | moving_00301: score=0.486, d=6902.4, reason=ERR_DIST"
fixed,fixed_00329,329,Structure 2,no_counterpart,False,,2192.5868279999995,25743.946848333337,723.3091830723006,107.69743875720233,0.7836517228438351,1.0690279351180951,-136.91082066816261,7.289405563066631e-07,0.001111111125269691,0.001428571435949898,"[1.723885, 0.940301, 1.714503, 1.059699, 0.470151, 0.783584]","[0.0, 0.085738, 0.375615, 0.038647, 0.0, 0.5]","[-0.0, 0.0, 4.110874, 3.044522, -0.0, -0.0]","moving_00301: score=0.494, d=6971.9, reason=ERR_DIST | moving_00346: score=0.478, d=6724.5, reason=ERR_DIST | moving_00345: score=0.462, d=6331.3, reason=ERR_DIST"
fixed,fixed_00330,330,Structure 2,no_counterpart,False,,2310.5625826666665,25743.94684833333,723.3091646793073,107.6974372966199,0.7836517241720148,1.0690279079338367,-136.910820668209,7.289405377704699e-07,0.0011111110970153013,0.001428571435949898,"[1.342634, 1.846122, 0.335658, 0.503488, 1.510463, 0.657366]","[0.0, 0.0, 0.5, 0.0, 0.431875, 0.068125]","[0.0, 0.0, 0.0, 0.0, 0.0, 3.044522]","moving_00301: score=0.517, d=7009.4, reason=ERR_DIST | moving_00346: score=0.507, d=6606.6, reason=ERR_DIST | moving_00306: score=0.454, d=5977.0, reason=ERR_DIST"
fixed,fixed_00331,331,Structure 2,no_counterpart,False,,2389.2130856666663,25743.946848333333,723.3091646793156,107.69743729662056,0.7836517241720141,1.0690279079338492,-136.9108206683175,7.289405377704782e-07,0.001111111097015314,0.001428571435949898,"[1.090909, 1.636364, 0.909091, 2.0, 0.363636, 0.410118]","[0.0, 0.5, 0.0, 0.0, 0.371888, 0.128112]","[0.0, 0.0, 0.0, 0.0, -0.0, 3.044522]","moving_00301: score=0.513, d=7035.4, reason=ERR_DIST | moving_00531: score=0.484, d=7196.3, reason=ERR_DIST | moving_00339: score=0.445, d=1575.3, reason=ERR_DIST"
fixed,fixed_00332,332,Structure 2,no_counterpart,False,,3450.9948759999997,25743.946848333337,723.309183072309,107.697438757203,0.7836517228438347,1.0690279351181076,-136.91082066872818,7.289405563066715e-07,0.0011111111252697038,0.001428571435949898,"[1.391304, 1.652174, 1.130435, 0.347826, 0.695652, 0.869565]","[0.0, 0.5, 0.0, 0.0, 0.5, 0.0]","[-0.0, 1.098612, 1.098612, 0.0, 0.0, -0.0]","moving_00339: score=0.469, d=922.8, reason=ERR_DIST | moving_00346: score=0.460, d=5466.1, reason=ERR_DIST | moving_00345: score=0.451, d=5072.9, reason=ERR_DIST"
fixed,fixed_00333,333,Structure 2,no_counterpart,False,,3824.5847655000002,25743.946848444448,2169.9275124309315,186.34794075720316,0.7852462921989931,2.1380558430519567,0.0,2.1868216318476193e-06,0.002222222222285018,0.001428571435949898,"[0.615385, 1.769231, 1.461538, 0.692308, 0.230769, 1.307692]","[0.5, 0.0, 0.0, 0.0, 0.5, 0.0]","[0.0, -1.098612, -1.098612, -1.098612, -1.098612, -1.098612]","moving_00346: score=0.301, d=5092.5, reason=ERR_DIST | moving_00344: score=0.275, d=4384.8, reason=ERR_DIST | moving_00531: score=0.269, d=5761.0, reason=ERR_DIST"
fixed,fixed_00334,334,Structure 2,no_counterpart,False,,3981.885771277778,25743.946848444448,2169.927530823925,186.3479412966201,0.7852462943089221,2.1380558430519443,0.0,2.1868216503838126e-06,0.002222222222285005,0.001428571435949898,"[0.571429, 1.928571, 1.214286, 0.785714, 0.642857, 1.928571]","[0.0, 0.0, 0.0, 0.5, 0.0, 0.5]","[-0.0, -1.098612, -1.098612, -1.098612, -1.098612, -1.098612]","moving_00346: score=0.326, d=4935.2, reason=ERR_DIST | moving_00339: score=0.278, d=939.2, reason=ERR_DIST | moving_00345: score=0.264, d=4542.1, reason=ERR_DIST"
fixed,fixed_00335,335,Structure 2,no_counterpart,False,,4158.849403,25743.946848333333,723.3091830723173,107.69743875720366,0.7836517228438341,1.0690279351181198,-136.9108206690092,7.289405563066799e-07,0.0011111111252697166,0.001428571435949898,"[0.947368, 0.473684, 0.894737, 1.052632, 1.368421, 1.368421]","[0.5, 0.0, 0.0, 0.0, 0.5, 0.0]","[-0.0, 1.098612, 1.098612, -0.0, -0.0, -0.0]","moving_00346: score=0.500, d=4758.3, reason=ERR_DIST | moving_00339: score=0.469, d=1008.7, reason=ERR_DIST | moving_00531: score=0.460, d=5426.7, reason=ERR_DIST"
fixed,fixed_00336,336,Structure 2,no_counterpart,False,,4512.776666333332,25743.946848333333,723.3091646793156,107.69743729662056,0.7836517241720141,1.0690279079338492,136.9108206656074,7.289405377704782e-07,0.001111111097015314,0.001428571435949898,"[0.870968, 1.129032, 1.225806, 0.580645, 1.419355, 0.258065]","[0.0, 0.0, 0.0, 0.0, 0.5, 0.5]","[1.098612, 1.098612, 0.0, 0.0, -0.0, -0.0]","moving_00345: score=0.533, d=4011.2, reason=ERR_DIST | moving_00339: score=0.465, d=1215.1, reason=ERR_DIST | moving_00344: score=0.455, d=3696.6, reason=ERR_DIST"
fixed,fixed_00337,337,Structure 2,no_counterpart,False,,4670.077672333334,25743.94684833333,723.3091646792989,107.69743729661924,0.7836517241720153,1.0690279079338243,136.91082066584522,7.289405377704614e-07,0.0011111110970152885,0.001428571435949898,"[0.897436, 1.102564, 0.205128, 1.179487, 0.666667, 1.333333]","[0.0, 0.0, 0.0, 0.0, 0.0, 1.0]","[1.098612, 1.098612, 0.0, 0.0, 0.0, 0.0]","moving_00344: score=0.492, d=3539.3, reason=ERR_DIST | moving_00339: score=0.476, d=1326.9, reason=ERR_DIST | moving_00531: score=0.451, d=4915.5, reason=ERR_DIST"
fixed,fixed_00338,338,Structure 2,no_counterpart,False,,6164.437229333334,25743.946848333333,723.3091646793156,107.69743729662056,0.7836517241720141,1.0690279079338492,136.91082066496537,7.289405377704782e-07,0.001111111097015314,0.001428571435949898,"[0.056338, 0.873239, 0.929577, 1.211268, 1.183099, 1.070423]","[0.0, 0.0, 0.0, 0.5, 0.0, 0.5]","[0.0, 0.0, 0.0, 0.0, 0.0, -0.0]","moving_00346: score=0.472, d=2752.7, reason=ERR_DIST | moving_00531: score=0.462, d=3421.1, reason=ERR_DIST | moving_00339: score=0.436, d=2632.5, reason=ERR_DIST"
fixed,fixed_00339,339,Structure 2,no_counterpart,False,,6243.0877323333325,25743.946848333333,723.3091646793156,107.69743729662056,0.7836517241720141,1.0690279079338492,136.91082066492842,7.289405377704782e-07,0.001111111097015314,0.001428571435949898,"[0.816901, 0.873239, 1.15493, 0.056338, 1.239437, 1.126761]","[0.0, 0.0, 0.5, 0.0, 0.0, 0.5]","[0.0, 0.0, 0.0, 0.0, 0.0, -0.0]","moving_00346: score=0.450, d=2674.0, reason=ERR_DIST | moving_00339: score=0.442, d=2706.6, reason=ERR_DIST | moving_00345: score=0.436, d=2280.9, reason=ERR_DIST"
fixed,fixed_00340,340,Structure 2,no_counterpart,False,,7383.520025999998,25743.946848333333,723.3091830723173,107.69743875720366,0.7836517228438341,1.0690279351181198,-136.9108206702687,7.289405563066799e-07,0.0011111111252697166,0.001428571435949898,"[0.086957, 0.521739, 0.73913, 1.73913, 1.26087, 1.347826]","[0.0, 0.0, 0.0, 0.5, 0.0, 0.5]","[0.0, 0.0, -0.0, 0.0, -0.0, -0.0]","moving_00348: score=0.472, d=3774.8, reason=ERR_DIST | moving_00531: score=0.464, d=2202.0, reason=ERR_DIST | moving_00346: score=0.461, d=1533.6, reason=ERR_DIST"
fixed,fixed_00341,341,Structure 2,no_counterpart,False,,7462.170529,25743.946848333333,723.3091830723173,107.69743875720366,0.7836517228438341,1.0690279351181198,-136.91082067029788,7.289405563066799e-07,0.0011111111252697166,0.001428571435949898,"[0.434783, 0.652174, 1.652174, 0.086957, 1.347826, 1.434783]","[0.0, 0.0, 0.5, 0.0, 0.0, 0.5]","[0.0, -0.0, 0.0, 0.0, -0.0, -0.0]","moving_00346: score=0.434, d=1455.0, reason=ERR_DIST | moving_00345: score=0.431, d=1061.8, reason=ERR_DIST | moving_00531: score=0.412, d=2123.4, reason=ERR_DIST"
fixed,fixed_00342,342,Structure 2,no_counterpart,False,,7855.423044,25743.946848333333,723.3091830723173,107.69743875720366,0.7836517228438341,1.0690279351181198,-136.9108206704521,7.289405563066799e-07,0.0011111111252697166,0.001428571435949898,"[0.25, 1.4, 1.65, 1.55, 0.6, 0.5]","[0.0, 0.0, 0.0, 0.5, 0.0, 0.5]","[-0.0, 0.0, -0.0, -0.0, 0.0, 0.0]","moving_00344: score=0.493, d=354.1, reason=OK | moving_00348: score=0.493, d=3302.9, reason=ERR_DIST | moving_00346: score=0.488, d=1061.7, reason=ERR_DIST"
fixed,fixed_00343,343,Structure 2,matched_review,False,,8052.049301333333,25743.946848333333,723.3091646793156,107.69743729662056,0.7836517241720141,1.0690279079338492,136.91082070691093,7.289405377704782e-07,0.001111111097015314,0.001428571435949898,"[1.15, 1.3, 1.4, 0.25, 0.85, 0.75]","[0.0, 0.0, 0.5, 0.0, 0.0, 0.5]","[0.0, -0.0, 0.0, 0.0, 0.0, 0.0]","moving_00344: score=0.588, d=157.6, reason=OK | moving_00345: score=0.482, d=472.0, reason=OK | moving_00346: score=0.476, d=865.1, reason=ERR_DIST"
fixed,fixed_00344,344,Structure 2,matched_anchor,False,,8956.530085999999,25743.946848333333,723.3091830723173,107.69743875720367,0.7836517228438339,1.0690279351181198,43.08917933669647,7.289405563066799e-07,0.0011111111252697166,0.001428571435949898,"[0.181818, 0.30303, 0.606061, 1.393939, 1.69697, 2.30303]","[0.0, 0.0, 0.5, 0.0, 0.0, 0.5]","[-0.0, -0.0, 0.0, -0.0, 0.0, 0.0]","moving_00346: score=0.720, d=40.5, reason=OK | moving_00345: score=0.453, d=432.7, reason=OK | moving_00531: score=0.423, d=629.1, reason=OK"
fixed,fixed_00345,345,Structure 2,matched_review,False,,9074.505840333333,25743.946848333333,723.309164679282,107.6974372966179,0.7836517241720166,1.0690279079337996,136.9108207124903,7.289405377704444e-07,0.0011111110970152627,0.001428571435949898,"[0.121212, 0.424242, 0.181818, 1.575758, 1.878788, 2.484848]","[0.0, 0.5, 0.0, 0.0, 0.0, 0.5]","[0.0, 0.0, 0.0, 0.0, 0.0, 0.0]","moving_00346: score=0.613, d=157.7, reason=OK | moving_00348: score=0.472, d=2083.8, reason=ERR_DIST | moving_00347: score=0.445, d=1218.8, reason=ERR_DIST"
fixed,fixed_00346,346,Structure 2,matched_review,False,,9153.156343333334,25743.946848333333,723.3091646793156,107.69743729662056,0.7836517241720141,1.0690279079338492,136.91082071288577,7.289405377704782e-07,0.001111111097015314,0.001428571435949898,"[0.30303, 2.545455, 0.30303, 0.121212, 1.69697, 2.0]","[0.0, 0.5, 0.0, 0.0, 0.0, 0.5]","[0.0, 0.0, 0.0, -0.0, 0.0, 0.0]","moving_00346: score=0.558, d=236.2, reason=OK | moving_00348: score=0.467, d=2005.2, reason=ERR_DIST | moving_00531: score=0.462, d=432.5, reason=OK"
fixed,fixed_00347,347,Structure 2,matched_review,False,,9349.782600999999,25743.946848333333,723.3091830723173,107.69743875720367,0.7836517228438339,1.0690279351181198,43.089179336873684,7.289405563066799e-07,0.0011111111252697166,0.001428571435949898,"[1.72093, 0.232558, 0.465116, 0.325581, 1.534884, 1.767442]","[0.5, 0.0, 0.0, 0.0, 0.0, 0.5]","[-0.0, -0.0, 0.0, -0.0, -0.0, 0.0]","moving_00531: score=0.556, d=235.9, reason=OK | moving_00346: score=0.463, d=432.8, reason=OK | moving_00345: score=0.458, d=825.9, reason=ERR_DIST"
fixed,fixed_00348,348,Structure 2,no_counterpart,False,,10804.816906333333,25743.946848333333,723.3091646793156,107.69743729662056,0.7836517241720141,1.0690279079338492,136.91082072110686,7.289405377704782e-07,0.001111111097015314,0.001428571435949898,"[0.681818, 0.772727, 0.909091, 1.090909, 1.181818, 1.318182]","[0.0, 0.0, 0.0, 0.0, 0.0, 1.0]","[0.0, 0.0, 0.0, 0.0, 0.0, -0.0]","moving_00348: score=0.504, d=353.6, reason=OK | moving_00346: score=0.469, d=1887.7, reason=ERR_DIST | moving_00349: score=0.465, d=1572.4, reason=ERR_DIST"
fixed,fixed_00349,349,Structure 2,no_counterpart,False,,11394.695679000002,25743.946848333333,723.3091830723173,107.69743875720367,0.7836517228438339,1.0690279351181198,43.08917933780329,7.289405563066799e-07,0.0011111111252697166,0.001428571435949898,"[0.2, 0.5, 0.9, 1.1, 1.4, 1.5]","[0.0, 0.0, 0.0, 0.0, 0.5, 0.5]","[0.0, -0.0, -0.0, 0.0, -0.0, -0.0]","moving_00348: score=0.537, d=236.6, reason=OK | moving_00350: score=0.470, d=1690.3, reason=ERR_DIST | moving_00531: score=0.449, d=1809.2, reason=ERR_DIST"
fixed,fixed_00350,350,Structure 2,matched_review,False,,11473.346182000001,25743.946848333333,723.3091830723173,107.69743875720367,0.7836517228438339,1.0690279351181198,43.08917933639393,7.289405563066799e-07,0.0011111111252697166,0.001428571435949898,"[0.375, 0.875, 1.125, 1.5, 0.25, 2.125]","[0.0, 0.0, 0.0, 0.5, 0.0, 0.5]","[-0.0, -0.0, 0.0, -0.0, 0.0, -0.0]","moving_00348: score=0.578, d=315.2, reason=OK | moving_00349: score=0.475, d=903.9, reason=ERR_DIST | moving_00347: score=0.475, d=1180.1, reason=ERR_DIST"
fixed,fixed_00351,351,Structure 2,no_counterpart,False,,11591.321936333332,25743.946848333333,723.3091646793156,107.69743729662056,0.7836517241720141,1.0690279079338492,136.91082072500427,7.289405377704782e-07,0.001111111097015314,0.001428571435949898,"[0.727273, 1.090909, 1.636364, 0.545455, 0.909091, 3.636364]","[0.0, 0.0, 0.5, 0.0, 0.0, 0.5]","[0.0, 0.0, -0.0, 0.0, 0.0, 0.0]","moving_00350: score=0.462, d=1493.7, reason=ERR_DIST | moving_00348: score=0.461, d=433.1, reason=OK | moving_00349: score=0.437, d=785.9, reason=OK"
fixed,fixed_00352,352,Structure 2,no_counterpart,False,,11748.622942333332,25743.946848333333,723.3091646793156,107.69743729662056,0.7836517241720141,1.0690279079338492,136.9108207257899,7.289405377704782e-07,0.001111111097015314,0.001428571435949898,"[0.333333, 0.833333, 3.166667, 0.666667, 1.166667, 1.5]","[0.0, 0.0, 0.5, 0.0, 0.0, 0.5]","[0.0, -0.0, 0.0, 0.0, 0.0, 0.0]","moving_00350: score=0.454, d=1336.4, reason=ERR_DIST | moving_00349: score=0.440, d=628.6, reason=OK | moving_00348: score=0.439, d=590.4, reason=OK"
fixed,fixed_00353,353,Structure 2,no_counterpart,False,,11827.273445,25743.946848333333,723.3091830723173,107.69743875720367,0.7836517228438339,1.0690279351181198,43.0891793379982,7.289405563066799e-07,0.0011111111252697166,0.001428571435949898,"[0.4, 2.266667, 0.8, 0.266667, 1.2, 1.466667]","[0.0, 0.5, 0.0, 0.0, 0.0, 0.5]","[-0.0, -0.0, -0.0, -0.0, 0.0, 0.0]","moving_00348: score=0.512, d=669.0, reason=OK | moving_00349: score=0.493, d=550.0, reason=OK | moving_00347: score=0.458, d=1534.0, reason=ERR_DIST"
fixed,fixed_00354,354,Structure 2,no_counterpart,False,,11945.249199666667,25743.946848333333,723.309164679282,107.6974372966179,0.7836517241720166,1.0690279079337996,43.089179336547794,7.289405377704444e-07,0.0011111110970152627,0.001428571435949898,"[1.333333, 0.285714, 0.857143, 0.47619, 1.142857, 1.333333]","[0.5, 0.0, 0.0, 0.0, 0.0, 0.5]","[0.0, 0.0, 0.0, 0.0, 0.0, 0.0]","moving_00349: score=0.480, d=432.1, reason=OK | moving_00350: score=0.476, d=1139.7, reason=ERR_DIST | moving_00351: score=0.458, d=1965.4, reason=ERR_DIST"
fixed,fixed_00355,355,Structure 2,matched_review,False,,12495.802720666667,25743.946848333333,723.3091646793156,107.69743729662056,0.7836517241720141,1.0690279079338492,43.08917933673561,7.289405377704782e-07,0.001111111097015314,0.001428571435949898,"[0.25, 0.9375, 1.125, 0.875, 1.0625, 1.1875]","[0.0, 0.0, 0.5, 0.0, 0.0, 0.5]","[0.0, 0.0, 0.0, -0.0, 0.0, 0.0]","moving_00349: score=0.637, d=119.0, reason=OK | moving_00350: score=0.496, d=589.2, reason=OK | moving_00351: score=0.453, d=1414.9, reason=ERR_DIST"
fixed,fixed_00356,356,Structure 2,matched_review,False,,12653.103726666668,25743.946848333333,723.3091646793156,107.69743729662056,0.7836517241720141,1.0690279079338492,43.089179336781605,7.289405377704782e-07,0.001111111097015314,0.001428571435949898,"[0.6875, 0.875, 0.25, 1.125, 1.3125, 1.4375]","[0.0, 0.5, 0.0, 0.0, 0.0, 0.5]","[0.0, 0.0, 0.0, -0.0, 0.0, 0.0]","moving_00349: score=0.582, d=276.1, reason=OK | moving_00348: score=0.501, d=1494.8, reason=ERR_DIST | moving_00350: score=0.495, d=431.9, reason=OK"
fixed,fixed_00357,357,Structure 2,matched_anchor,False,,13085.681493,25743.946848333333,723.3091830722839,107.69743875720101,0.7836517228438363,1.0690279351180705,43.08917933692524,7.289405563066462e-07,0.0011111111252696652,0.001428571435949898,"[0.2, 1.0, 1.866667, 1.466667, 1.0, 0.733333]","[0.0, 0.0, 0.0, 0.5, 0.0, 0.5]","[-0.0, -0.0, 0.0, 0.0, -0.0, -0.0]","moving_00350: score=0.786, d=9.5, reason=OK | moving_00349: score=0.501, d=708.5, reason=OK | moving_00348: score=0.482, d=1927.4, reason=ERR_DIST"
fixed,fixed_00358,358,Structure 2,matched_review,False,,13203.65724766667,25743.946848333333,723.3091646793156,107.69743729662056,0.7836517241720141,1.0690279079338492,43.0891793369613,7.289405377704782e-07,0.001111111097015314,0.001428571435949898,"[0.75, 1.1875, 1.5625, 0.1875, 1.125, 0.875]","[0.0, 0.0, 0.5, 0.0, 0.0, 0.5]","[-0.0, 0.0, 0.0, 0.0, 0.0, 0.0]","moving_00350: score=0.660, d=119.1, reason=OK | moving_00351: score=0.455, d=707.0, reason=OK | moving_00154: score=0.447, d=2004.5, reason=ERR_DIST"
fixed,fixed_00359,359,Structure 2,matched_review,False,,13675.560265666665,25743.946848333333,723.3091646793155,107.69743729662056,0.7836517241720141,1.0690279079338492,43.0891793388429,7.289405377704781e-07,0.001111111097015314,0.001428571435949898,"[0.5, 0.928571, 1.285714, 1.107143, 1.071429, 0.857143]","[0.0, 0.0, 0.0, 0.5, 0.0, 0.5]","[0.0, 0.0, 0.0, 1.098612, 0.0, 0.0]","moving_00153: score=0.695, d=78.4, reason=OK | moving_00351: score=0.555, d=235.3, reason=OK | moving_00349: score=0.513, d=1298.4, reason=ERR_DIST"
fixed,fixed_00360,360,Structure 2,matched_review,False,,13950.837026000001,25743.946848333333,723.3091830723173,107.69743875720367,0.7836517228438339,1.0690279351181198,43.08917933720787,7.289405563066799e-07,0.0011111111252697166,0.001428571435949898,"[0.615385, 1.128205, 0.871795, 0.717949, 1.948718, 2.25641]","[0.0, 0.0, 0.5, 0.0, 0.0, 0.5]","[0.0, -0.0, 1.098612, -0.0, -0.0, -0.0]","moving_00351: score=0.703, d=41.3, reason=OK | moving_00153: score=0.549, d=197.7, reason=OK | moving_00350: score=0.477, d=865.9, reason=ERR_DIST"
fixed,fixed_00361,361,Structure 2,no_counterpart,False,,14186.788535000002,25743.946848333333,723.3091830723173,107.69743875720367,0.7836517228438339,1.0690279351181198,43.0891793372878,7.289405563066799e-07,0.0011111111252697166,0.001428571435949898,"[0.526316, 2.421053, 0.263158, 0.631579, 1.368421, 2.631579]","[0.0, 0.0, 0.5, 0.0, 0.0, 0.5]","[-0.0, -0.0, 1.098612, 0.0, -0.0, -0.0]","moving_00351: score=0.517, d=276.3, reason=OK | moving_00153: score=0.464, d=433.5, reason=OK | moving_00350: score=0.444, d=1101.9, reason=ERR_DIST"
fixed,fixed_00362,362,Structure 2,no_counterpart,False,,14285.10166372222,25743.946848444444,2169.9275308239166,186.3479412966207,0.7852462943089142,2.138055843051969,0.0,2.186821650383804e-06,0.002222222222285031,0.001428571435949898,"[2.291667, 1.291667, 0.708333, 0.208333, 0.208333, 1.708333]","[0.0, 0.0, 0.0, 0.5, 0.0, 0.5]","[-1.098612, -1.098612, -1.098612, -1.098612, -1.098612, -1.098612]","moving_00352: score=0.541, d=1493.2, reason=ERR_DIST | moving_00351: score=0.346, d=374.6, reason=OK | moving_00151: score=0.299, d=268.7, reason=ERR_AREA"
fixed,fixed_00363,363,Structure 2,no_counterpart,False,,14383.414792666668,25743.946848333333,723.3091646793156,107.69743729662056,0.7836517241720141,1.0690279079338492,43.08917933734899,7.289405377704782e-07,0.001111111097015314,0.001428571435949898,"[1.241379, 0.172414, 0.344828, 0.758621, 1.241379, 2.068966]","[0.5, 0.0, 0.0, 0.0, 0.0, 0.5]","[0.0, 1.098612, 0.0, 0.0, -0.0, 0.0]","moving_00351: score=0.484, d=472.9, reason=OK | moving_00155: score=0.473, d=903.4, reason=ERR_DIST | moving_00154: score=0.471, d=824.8, reason=ERR_DIST"
fixed,fixed_00364,364,Structure 2,matched_review,False,,15091.269319666668,25743.946848333333,723.3091646793156,107.69743729662056,0.7836517241720141,1.0690279079338492,43.08917933758246,7.289405377704782e-07,0.001111111097015314,0.001428571435949898,"[1.010168, 0.886977, 1.429018, 1.133359, 0.751971, 0.989832]","[0.0, 0.0, 0.0, 0.470565, 0.014591, 0.514845]","[1.098612, 0.0, 0.0, 0.0, -0.0, 0.0]","moving_00154: score=0.638, d=117.3, reason=OK | moving_00155: score=0.634, d=195.8, reason=OK | moving_00354: score=0.576, d=864.0, reason=ERR_DIST"
fixed,fixed_00365,365,Structure 2,no_counterpart,False,,17175.507649,25743.946848333333,723.3091830722838,107.697438757201,0.7836517228438363,1.0690279351180705,43.08917933610448,7.289405563066461e-07,0.0011111111252696652,0.001428571435949898,"[1.02439, 0.97561, 1.731707, 1.292683, 0.80617, 0.929353]","[0.0, 0.5, 0.0, 0.009013, 0.002719, 0.488268]","[0.0, 0.0, -0.0, -0.0, -0.0, -0.0]","moving_00354: score=0.549, d=1220.3, reason=ERR_DIST | moving_00155: score=0.501, d=1888.7, reason=ERR_DIST | moving_00152: score=0.494, d=102.6, reason=OK"
fixed,fixed_00366,366,Structure 2,no_counterpart,False,,18748.517709,25743.946848333333,723.3091830723507,107.69743875720633,0.7836517228438314,1.0690279351181693,43.08917934114606,7.289405563067136e-07,0.001111111125269768,0.001428571435949898,"[0.034309, 0.686187, 1.195715, 0.833372, 1.202542, 1.166628]","[0.5, 0.31114, 0.164245, 0.016116, 0.00631, 0.002189]","[0.0, -0.0, 7.409136, 0.0, 0.0, 0.0]","moving_00355: score=0.471, d=2675.3, reason=ERR_DIST | moving_00141: score=0.417, d=2904.6, reason=ERR_DIST | moving_00354: score=0.408, d=2793.3, reason=ERR_DIST"
fixed,fixed_00367,367,Structure 2,no_counterpart,False,,18827.168212000004,25743.946848333333,723.3091830723507,107.69743875720633,0.7836517228438314,1.0690279351181693,43.08917934118214,7.289405563067136e-07,0.001111111125269768,0.001428571435949898,"[0.03552, 0.745928, 1.225051, 0.827709, 1.20952, 1.172291]","[0.0, 0.306862, 0.167471, 0.016918, 0.006493, 0.502256]","[0.0, -0.0, 7.409136, 0.0, 0.0, 0.0]","moving_00354: score=0.458, d=2871.9, reason=ERR_DIST | moving_00141: score=0.448, d=2916.3, reason=ERR_DIST | moving_00353: score=0.432, d=2950.6, reason=ERR_DIST"
fixed,fixed_00368,368,Structure 2,matched_review,False,,22720.368110333333,25743.946848333333,723.309164679349,107.69743729662322,0.7836517241720116,1.0690279079338987,136.91082077748052,7.289405377705119e-07,0.0011111110970153655,0.001428571435949898,"[0.128934, 0.910558, 1.01068, 1.058766, 0.98932, 1.11069]","[0.521143, 0.276961, 0.03287, 0.006302, 0.121953, 0.04077]","[0.0, -0.0, -0.0, 0.0, 0.0, 0.0]","moving_00357: score=0.598, d=155.3, reason=OK | moving_00334: score=0.463, d=1892.4, reason=ERR_DIST | moving_00329: score=0.463, d=2599.6, reason=ERR_DIST"
fixed,fixed_00369,369,Structure 2,matched_anchor,False,,22838.343865,25743.946848333333,723.3091830722838,107.697438757201,0.7836517228438363,1.0690279351180705,43.08917933725447,7.289405563066461e-07,0.0011111111252696652,0.001428571435949898,"[0.131126, 1.056152, 0.996723, 1.019346, 0.944436, 1.003277]","[0.018526, 0.259537, 0.034994, 0.005319, 0.135583, 0.546041]","[-0.0, -0.0, -0.0, -0.0, -0.0, 0.0]","moving_00357: score=0.725, d=38.2, reason=OK | moving_00334: score=0.467, d=1942.1, reason=ERR_DIST | moving_00329: score=0.457, d=2665.8, reason=ERR_DIST"
fixed,fixed_00370,370,Structure 2,no_counterpart,False,,24450.67917633334,25743.946848333333,723.309164679282,107.6974372966179,0.7836517241720166,1.0690279079337996,136.91082079203056,7.289405377704444e-07,0.0011111110970152627,0.001428571435949898,"[0.996159, 0.38878, 1.259369, 0.324269, 1.297076, 1.003841]","[0.018003, 0.116773, 0.025666, 0.0, 0.090255, 0.749303]","[0.0, 0.0, -0.0, 0.0, 0.0, -0.0]","moving_00334: score=0.497, d=3027.9, reason=ERR_DIST | moving_00326: score=0.483, d=2973.2, reason=ERR_DIST | moving_00357: score=0.464, d=1575.3, reason=ERR_DIST"
fixed,fixed_00371,371,Structure 2,no_counterpart,False,,25473.135715333334,25743.946848333333,723.309164679349,107.69743729662322,0.7836517241720116,1.0690279079338987,136.91082079082116,7.289405377705119e-07,0.0011111110970153655,0.001428571435949898,"[0.128117, 1.5374, 1.665517, 1.35662, 0.2013, 0.64338]","[0.0, 0.5, 0.427188, 0.024707, 0.033261, 0.014845]","[-0.0, -0.0, -0.0, 0.0, 0.0, 0.0]","moving_00357: score=0.444, d=2597.8, reason=ERR_DIST | moving_00326: score=0.429, d=2675.2, reason=ERR_DIST | moving_00340: score=0.275, d=412.7, reason=ERR_AREA"
fixed,fixed_00372,372,Structure 2,no_counterpart,False,,25551.78621833334,25743.946848333333,723.309164679282,107.6974372966179,0.7836517241720166,1.0690279079337996,-43.08917946287849,7.289405377704444e-07,0.0011111110970152627,0.001428571435949898,"[1.602437, 0.145676, 0.099738, 1.413326, 0.586674, 1.74944]","[0.5, 0.380308, 0.039631, 0.061535, 0.012326, 0.0062]","[0.0, 0.0, 0.0, 0.0, 0.0, 0.0]","moving_00326: score=0.415, d=2667.2, reason=ERR_DIST | moving_00357: score=0.408, d=2676.4, reason=ERR_DIST | moving_00331: score=0.260, d=2221.3, reason=ERR_DIST;ERR_AREA"
fixed,fixed_00373,373,Structure 2,no_counterpart,False,,26416.941751333336,25743.946848333333,723.309164679282,107.6974372966179,0.7836517241720166,1.0690279079337996,-43.08917946062046,7.289405377704444e-07,0.0011111110970152627,0.001428571435949898,"[0.673713, 2.023143, 1.35043, 1.020842, 0.979158, 0.212503]","[0.507085, 0.003534, 0.161256, 0.142437, 0.11606, 0.069628]","[0.0, 0.0, 0.0, 0.0, 0.0, 0.0]","moving_00326: score=0.495, d=2731.1, reason=ERR_DIST | moving_00332: score=0.463, d=3525.6, reason=ERR_DIST | moving_00357: score=0.417, d=3541.6, reason=ERR_DIST"
fixed,fixed_00374,374,Structure 2,no_counterpart,False,,26692.218511999996,25743.946848333333,723.3091830723507,107.69743875720633,0.7836517228438314,1.0690279351181693,43.08917933149731,7.289405563067136e-07,0.001111111125269768,0.001428571435949898,"[1.357893, 0.559132, 1.67906, 0.406309, 1.215331, 0.784669]","[0.5, 0.007085, 0.022351, 0.075946, 0.095226, 0.299393]","[-0.0, -0.0, -0.0, -0.0, 0.0, -0.0]","moving_00326: score=0.483, d=2807.6, reason=ERR_DIST | moving_00332: score=0.481, d=3292.4, reason=ERR_DIST | moving_00357: score=0.450, d=3816.8, reason=ERR_DIST"
fixed,fixed_00375,375,Structure 2,no_counterpart,False,,27360.747787333334,25743.946848333333,723.309164679349,107.69743729662322,0.7836517241720116,1.0690279079338987,-43.089179465191016,7.289405377705119e-07,0.0011111110970153655,0.001428571435949898,"[0.861691, 0.770987, 1.088452, 0.998649, 1.381941, 1.001351]","[0.5, 0.0, 0.006763, 0.042897, 0.019968, 0.430372]","[-0.0, 0.0, -0.0, 0.0, 0.0, 0.0]","moving_00326: score=0.493, d=3089.1, reason=ERR_DIST | moving_00332: score=0.460, d=2758.8, reason=ERR_DIST | moving_00331: score=0.322, d=3633.7, reason=ERR_DIST;ERR_AREA"
fixed,fixed_00376,376,Structure 2,no_counterpart,False,,28107.927565666665,25743.946848333333,723.309164679282,107.69743729661789,0.7836517241720167,1.0690279079337996,43.08917933366513,7.289405377704444e-07,0.0011111110970152627,0.001428571435949898,"[0.498034, 0.943643, 1.127129, 1.074984, 1.051274, 0.948726]","[0.0, 0.0, 0.003631, 0.033836, 0.446051, 0.516483]","[0.0, 0.0, 0.0, 0.0, 0.0, 0.0]","moving_00326: score=0.481, d=3529.2, reason=ERR_DIST | moving_00332: score=0.467, d=2249.3, reason=ERR_DIST | moving_00331: score=0.312, d=4304.5, reason=ERR_DIST;ERR_AREA"
fixed,fixed_00377,377,Structure 2,no_counterpart,False,,29877.563883000003,25743.946848333333,723.3091830722838,107.697438757201,0.7836517228438363,1.0690279351180705,43.08917933868179,7.289405563066461e-07,0.0011111111252696652,0.001428571435949898,"[2.150861, 0.873502, 0.33533, 0.617664, 1.126498, 2.958622]","[0.562708, 0.187292, 0.098547, 0.103347, 0.043595, 0.00451]","[0.0, -0.0, 0.0, 0.0, 0.0, -0.0]","moving_00326: score=0.448, d=4879.4, reason=ERR_DIST | moving_00332: score=0.442, d=1863.0, reason=ERR_DIST | moving_00336: score=0.269, d=2342.7, reason=ERR_DIST;ERR_AREA"
fixed,fixed_00378,378,Structure 2,no_counterpart,False,,30821.369919000008,25743.946848333333,723.3091830722838,107.697438757201,0.7836517228438363,1.0690279351180705,136.91082082448526,7.289405563066461e-07,0.0011111111252696652,0.001428571435949898,"[1.439607, 1.456998, 1.246016, 0.753984, 0.739224, 0.542761]","[0.024615, 0.018929, 0.004562, 0.415332, 0.02008, 0.516483]","[0.0, 0.0, 0.0, 0.0, -0.0, -0.0]","moving_00332: score=0.471, d=2276.9, reason=ERR_DIST | moving_00330: score=0.448, d=4561.3, reason=ERR_DIST | moving_00145: score=0.283, d=2791.6, reason=ERR_DIST;ERR_AREA"
fixed,fixed_00379,379,Structure 2,no_counterpart,False,,32158.428470000003,25743.946848333333,723.3091830722838,107.697438757201,0.7836517228438363,1.0690279351180705,43.08917933914445,7.289405563066461e-07,0.0011111111252696652,0.001428571435949898,"[0.086621, 1.03945, 1.299313, 0.801243, 1.083518, 0.96055]","[0.0, 0.0, 0.0, 0.505952, 0.01424, 0.479807]","[0.0, -0.0, 2.197225, 1.098612, -0.0, -0.0]","moving_00312: score=0.478, d=5620.1, reason=ERR_DIST | moving_00332: score=0.473, d=3265.2, reason=ERR_DIST | moving_00330: score=0.431, d=3431.2, reason=ERR_DIST"
fixed,fixed_00380,380,Structure 2,no_counterpart,False,,32237.078973,25743.946848333333,723.3091830723507,107.69743875720633,0.7836517228438314,1.0690279351181693,43.089179347282595,7.289405563067136e-07,0.001111111125269768,0.001428571435949898,"[0.953134, 1.213079, 0.71485, 0.086649, 1.170457, 1.046866]","[0.0, 0.0, 0.5, 0.005512, 0.013014, 0.481474]","[-0.0, 2.197225, 1.098612, -0.0, -0.0, -0.0]","moving_00332: score=0.490, d=3330.9, reason=ERR_DIST | moving_00330: score=0.463, d=3369.4, reason=ERR_DIST | moving_00312: score=0.410, d=5575.4, reason=ERR_DIST"
fixed,fixed_00381,381,Structure 2,no_counterpart,False,,32885.945622722225,25743.946848444448,2169.927530823917,186.34794129662401,0.7852462943088863,2.1380558430520678,0.0,2.1868216503838045e-06,0.0022222222222851337,0.001428571435949898,"[0.657143, 1.057143, 0.942857, 1.147364, 0.314286, 1.114286]","[0.5, 0.0, 0.341021, 0.158979, 0.0, 0.0]","[1.098612, -1.098612, -1.098612, 6.552508, -1.098612, -1.098612]","moving_00312: score=0.296, d=5237.3, reason=ERR_DIST | moving_00311: score=0.282, d=5497.8, reason=ERR_DIST | moving_00145: score=0.281, d=4483.3, reason=ERR_DIST;ERR_AREA"
fixed,fixed_00382,382,Structure 2,no_counterpart,False,,34164.01629666667,25743.946848333333,723.309164679349,107.69743729662324,0.7836517241720115,1.0690279079338987,43.0891793114904,7.289405377705119e-07,0.0011111110970153655,0.001428571435949898,"[0.333333, 0.555556, 2.333333, 0.333333, 1.444444, 3.0]","[0.0, 0.5, 0.0, 0.0, 0.0, 0.5]","[0.0, 0.0, 2.197225, 0.0, 0.0, 0.0]","moving_00309: score=0.458, d=5155.6, reason=ERR_DIST | moving_00312: score=0.447, d=4763.4, reason=ERR_DIST | moving_00332: score=0.424, d=5057.8, reason=ERR_DIST"
fixed,fixed_00383,383,Structure 2,no_counterpart,False,,34281.99205100001,25743.946848333333,723.3091830722169,107.69743875719568,0.7836517228438413,1.0690279351179715,43.08917933957035,7.289405563065788e-07,0.0011111111252695624,0.001428571435949898,"[0.181818, 2.181818, 0.545455, 0.272727, 1.454545, 2.456018]","[0.5, 0.0, 0.0, 0.0, 0.494488, 0.005512]","[0.0, 2.197225, 0.0, -0.0, 0.0, -0.0]","moving_00312: score=0.456, d=4734.7, reason=ERR_DIST | moving_00309: score=0.438, d=5129.1, reason=ERR_DIST | moving_00332: score=0.412, d=5168.1, reason=ERR_DIST"
fixed,fixed_00384,384,Structure 2,no_counterpart,False,,34360.642554000005,25743.946848333333,723.3091830723507,107.69743875720631,0.7836517228438317,1.0690279351181693,136.91082082522777,7.289405563067136e-07,0.001111111125269768,0.001428571435949898,"[2.0, 0.153846, 0.615385, 0.384615, 1.384615, 1.924423]","[0.0, 0.0, 0.0, 0.0, 0.494048, 0.505952]","[2.197225, -0.0, 0.0, -0.0, 0.0, -0.0]","moving_00312: score=0.442, d=4717.1, reason=ERR_DIST | moving_00308: score=0.435, d=5221.0, reason=ERR_DIST | moving_00330: score=0.396, d=2165.6, reason=ERR_DIST"
fixed,fixed_00385,385,Structure 3,matched_review,False,,3372.344373000001,30.539272666666676,723.3091830723677,107.6974387572071,0.7836517228438387,1.0690279351180205,-136.91082066836609,7.289405563067306e-07,0.0011111111252697038,0.0014285714359500142,"[0.84029, 1.408463, 1.15971, 0.463884, 1.275681, 0.695826]","[0.01695, 0.024615, 0.0, 0.5, 0.0, 0.458435]","[1.098612, 0.0, -0.0, 0.0, 1.098612, -0.0]","moving_00165: score=0.711, d=77.9, reason=OK | moving_00166: score=0.634, d=315.3, reason=OK | moving_00003: score=0.605, d=195.8, reason=ERR_NOT_MUTUAL"
fixed,fixed_00386,386,Structure 3,matched_review,False,,3490.3201276666664,30.539272666666673,723.309164679366,107.69743729662399,0.7836517241720189,1.06902790793375,136.9108206664624,7.289405377705289e-07,0.0011111110970153013,0.0014285714359500142,"[1.556156, 1.135469, 0.864531, 0.518719, 1.38325, 0.432266]","[0.477252, 0.022748, 0.0, 0.0, 0.5, 0.0]","[0.0, 1.098612, 0.0, 0.0, 0.0, 1.098612]","moving_00166: score=0.671, d=197.4, reason=OK | moving_00167: score=0.640, d=276.0, reason=OK | moving_00165: score=0.615, d=195.8, reason=ERR_NOT_MUTUAL"
fixed,fixed_00387,387,Structure 3,no_counterpart,False,,3588.6332565000002,30.539272555555563,2169.927512431108,186.34794075720725,0.7852462921990224,2.1380558430517826,0.0,2.186821631847797e-06,0.002222222222285018,0.0014285714359500142,"[0.928571, 1.29264, 0.357143, 0.785714, 1.071429, 1.5]","[0.483517, 0.016483, 0.0, 0.0, 0.0, 0.5]","[-1.098612, 0.0, -1.098612, -1.098612, -1.098612, -1.098612]","moving_00166: score=0.508, d=99.0, reason=OK | moving_00165: score=0.426, d=294.1, reason=OK | moving_00003: score=0.401, d=412.1, reason=OK"
fixed,fixed_00388,388,Structure 3,no_counterpart,False,,3816.259295566105,3097.1964330783226,16602115.381279385,28827.831863766038,0.2510437022431565,1.2226870611600817,-133.08917891900512,0.01673137228880933,0.14111111110097088,0.23714285716382788,"[0.648549, 1.149201, 0.950146, 1.049854, 1.149757, 0.716447]","[0.241676, 0.025553, 0.078879, 0.093065, 0.15662, 0.404207]","[-3.480173, -1.051386, -6.996681, -2.634493, -10.041204, -10.041204]","moving_00223: score=0.277, d=2948.7, reason=ERR_DIST;ERR_AREA | moving_00389: score=0.259, d=1577.3, reason=ERR_DIST;ERR_AREA | moving_00214: score=0.245, d=1805.2, reason=ERR_DIST;ERR_AREA"
fixed,fixed_00389,389,Structure 3,matched_anchor,False,,3844.247391000001,30.539272666666676,723.3091830723677,107.6974387572071,0.7836517228438387,1.0690279351180205,-136.91082066850475,7.289405563067306e-07,0.0011111111252697038,0.0014285714359500142,"[1.058824, 1.411765, 1.647059, 0.764706, 0.941176, 0.705882]","[0.0, 0.0, 0.0, 0.5, 0.0, 0.5]","[-0.0, 0.0, 0.0, 1.098612, 0.0, -0.0]","moving_00168: score=0.837, d=0.8, reason=OK | moving_00167: score=0.797, d=77.9, reason=OK | moving_00169: score=0.763, d=79.3, reason=OK"
fixed,fixed_00390,390,Structure 3,no_counterpart,False,,10068.432840392123,1330.822732006212,1278087.3036811738,5856.2034587883745,0.4683150030370476,1.7460789475323852,-171.13864475226964,0.0012880379400087222,0.05444444443185554,0.04285714284549246,"[0.934557, 1.170603, 0.974318, 1.025682, 1.212834, 0.137471]","[0.425799, 0.067769, 0.088319, 0.046761, 0.056842, 0.31451]","[-3.866121, -7.477038, -7.477038, -7.477038, -7.477038, -5.867601]","moving_00032: score=0.196, d=1415.9, reason=ERR_DIST;ERR_AREA | moving_00031: score=0.186, d=1697.9, reason=ERR_DIST;ERR_AREA | moving_00030: score=0.185, d=1988.8, reason=ERR_DIST;ERR_AREA"
fixed,fixed_00391,391,Structure 3,no_counterpart,False,,25733.554502623087,1780.756459375015,2146058.3075529295,7094.336572764676,0.5358309611074523,1.0895861567434637,66.24148309592756,0.002162766591638584,0.05888888890467995,0.07428571428105414,"[1.031629, 0.984395, 0.969622, 0.979615, 1.015605, 1.112499]","[0.026432, 0.017531, 0.03907, 0.023586, 0.032747, 0.860634]","[-7.995307, -7.995307, -7.995307, -7.995307, -7.995307, -7.995307]","moving_00068: score=0.317, d=1157.2, reason=ERR_DIST;ERR_AREA | moving_00211: score=0.249, d=1724.5, reason=ERR_DIST;ERR_AREA | moving_00192: score=0.243, d=2371.0, reason=ERR_DIST;ERR_AREA"
fixed,fixed_00392,392,Structure 3,no_counterpart,False,,23000.99897899414,1838.1752979652751,1943531.7400185817,11664.955184617867,0.17948797271340733,2.1119820028412284,-175.8843127819577,0.001958663239627623,0.09000000001667008,0.058571428563273305,"[0.233614, 1.03523, 0.936363, 0.96477, 1.169651, 1.307518]","[0.010759, 0.357372, 0.016322, 0.355543, 0.129085, 0.130919]","[-2.947421, -1.66767, -1.358041, -5.331231, -7.896181, 0.099126]","moving_00075: score=0.238, d=883.9, reason=ERR_DIST | moving_00406: score=0.221, d=3168.9, reason=ERR_DIST | moving_00500: score=0.191, d=1725.9, reason=ERR_DIST;ERR_AREA"
fixed,fixed_00393,393,Structure 3,no_counterpart,False,,21044.39247694817,1890.9778926700762,499806.63649630983,3355.0297275844464,0.5579806483788724,1.380871760040396,-132.81482448869713,0.0005036979153311324,0.02333333334811987,0.044285714281442484,"[1.083836, 1.234402, 1.354346, 0.441763, 0.099299, 0.916164]","[0.23121, 0.077664, 0.106542, 0.272819, 0.286929, 0.024837]","[-1.58938, -1.94302, -1.373354, -0.123043, -3.97319, 1.358041]","moving_00075: score=0.442, d=2140.6, reason=ERR_DIST | moving_00082: score=0.407, d=3090.3, reason=ERR_DIST | moving_00406: score=0.392, d=2870.0, reason=ERR_DIST"
fixed,fixed_00394,394,Structure 3,no_counterpart,False,,20175.97821234216,2260.582096399238,441941.9029065557,3684.867301249854,0.40900756412519,1.187808807675006,-146.56309735722868,0.00044538267189085103,0.033333333334275156,0.03857142857647708,"[1.148286, 1.059835, 0.940165, 0.473255, 0.448233, 1.356591]","[0.09358, 0.104225, 0.510792, 0.033789, 0.040419, 0.217196]","[-1.819977, -1.250311, -1.723749, -3.850148, 0.123043, 1.481084]","moving_00075: score=0.417, d=2878.3, reason=ERR_DIST | moving_00406: score=0.403, d=2843.0, reason=ERR_DIST | moving_00390: score=0.372, d=1885.4, reason=ERR_DIST"
fixed,fixed_00395,395,Structure 3,no_counterpart,False,,23340.670496539777,2189.0203328117263,101986.59285241197,1198.6865849560384,0.8919523566343993,1.0393658428059516,90.0,0.00010278061646319127,0.009999999986155386,0.014285714281830826,"[0.710724, 0.981287, 1.018713, 0.206947, 1.069273, 1.028718]","[0.379078, 0.013016, 0.094017, 0.20906, 0.13647, 0.16836]","[1.279751, 1.58938, -2.383811, 2.947421, -4.94876, 3.046547]","moving_00498: score=0.392, d=3579.6, reason=ERR_DIST | moving_00406: score=0.310, d=3033.0, reason=ERR_DIST;ERR_AREA | moving_00075: score=0.238, d=623.4, reason=ERR_AREA"
fixed,fixed_00396,396,Structure 3,no_counterpart,False,,29378.089933104464,3168.3174372887975,504146.491517054,3293.320675846253,0.584115286154275,1.2755853507325356,122.67679269774389,0.0005080715585906779,0.024444444445135133,0.04285714284549247,"[0.96201, 0.434753, 1.191584, 1.181714, 1.027293, 0.972707]","[0.264731, 0.282999, 0.003486, 0.109017, 0.164771, 0.174996]","[0.314926, 0.819027, -6.546785, -6.546785, -1.148623, 0.535763]","moving_00401: score=0.353, d=2103.8, reason=ERR_DIST | moving_00399: score=0.300, d=890.6, reason=ERR_DIST | moving_00095: score=0.261, d=3535.2, reason=ERR_DIST"
fixed,fixed_00397,397,Structure 3,no_counterpart,False,,24397.754265245156,3491.0223391950058,366717.74928711535,2455.2244926711887,0.7644681195120062,1.181557180779513,136.9108211637307,0.0003695728554660932,0.023333333319865365,0.027142857166546287,"[1.014207, 1.167201, 1.257303, 0.983011, 0.761835, 0.985793]","[0.023824, 0.152439, 0.264632, 0.003131, 0.214068, 0.341907]","[2.848184, -0.641262, -3.284072, 1.66767, -1.279751, 1.766796]","moving_00500: score=0.464, d=654.6, reason=OK | moving_00426: score=0.440, d=3630.8, reason=ERR_DIST | moving_00406: score=0.424, d=3012.6, reason=ERR_DIST"
fixed,fixed_00398,398,Structure 3,no_counterpart,False,,28350.22600270326,3843.4425093593973,1143551.7981695759,4397.839498927001,0.742996818393956,1.1662122837923554,-124.67253800732904,0.0011524549990953072,0.04000000000113024,0.047142857153342516,"[0.89636, 1.032833, 1.067292, 0.967167, 1.107374, 0.356966]","[0.054342, 0.288356, 0.185666, 0.138567, 0.162694, 0.170376]","[-0.504101, -1.309029, 1.710882, 0.629494, -7.365813, -0.819027]","moving_00099: score=0.285, d=3544.2, reason=ERR_DIST;ERR_AREA | moving_00401: score=0.281, d=2848.2, reason=ERR_DIST;ERR_AREA | moving_00227: score=0.273, d=2968.2, reason=ERR_DIST;ERR_AREA"
fixed,fixed_00399,399,Structure 3,no_counterpart,False,,25121.75439755262,5603.034193772137,6328231.9295857465,13200.788006360292,0.45634420328897846,1.1512975473930307,-79.55672645483861,0.006377500813132529,0.08666666666911538,0.13714285711334281,"[0.401874, 0.200623, 1.088968, 1.571262, 0.911032, 1.500328]","[0.023846, 0.168625, 0.165178, 0.02397, 0.22314, 0.395242]","[-9.076695, -3.489446, -6.132256, -4.127935, -2.848184, -1.710882]","moving_00392: score=0.248, d=3534.6, reason=ERR_DIST | moving_00500: score=0.241, d=2856.9, reason=ERR_DIST;ERR_AREA | moving_00426: score=0.238, d=1399.4, reason=ERR_DIST;ERR_AREA"
fixed,fixed_00400,400,Structure 3,no_counterpart,False,,33931.943042206985,4400.750126770909,567797.6987439074,4242.486931134964,0.3964263060930465,1.0981126061179953,-61.874873906774184,0.0005722183266552766,0.025555555570404797,0.03857142857647708,"[0.995242, 1.002265, 1.027953, 0.993481, 1.009911, 0.997735]","[0.018066, 0.021397, 0.290533, 0.642029, 0.01589, 0.012085]","[-6.665684, -5.567071, -6.665684, 1.044521, -6.665684, -6.665684]","moving_00222: score=0.415, d=1675.9, reason=ERR_DIST | moving_00394: score=0.292, d=1308.7, reason=ERR_DIST;ERR_AREA | moving_00090: score=0.292, d=1397.2, reason=ERR_DIST;ERR_AREA"
fixed,fixed_00401,401,Structure 3,no_counterpart,False,,31075.80361000086,5294.9419722375505,690760.2574814182,4079.5831571203844,0.5215616211325127,1.464964195629095,155.8196315270604,0.0006961382188240622,0.04111111109814551,0.03857142857647709,"[1.200704, 0.508796, 0.799296, 0.671061, 1.496184, 1.572231]","[0.087558, 0.070752, 0.107547, 0.349695, 0.163938, 0.220509]","[0.848494, -0.594511, -0.503869, -0.804927, -0.314926, 0.220837]","moving_00401: score=0.299, d=1020.1, reason=ERR_DIST | moving_00392: score=0.263, d=2627.6, reason=ERR_DIST;ERR_AREA | moving_00429: score=0.256, d=3139.6, reason=ERR_DIST"
fixed,fixed_00402,402,Structure 3,matched_review,False,,35110.17160443931,5680.587643128846,638681.9974358347,4555.422201975459,0.38675618767106024,2.3660857673493974,90.0,0.000643654499914446,0.018888888903549807,0.061428571435173315,"[0.672293, 0.933365, 1.066635, 1.249019, 1.268045, 0.776804]","[0.095034, 0.018845, 0.017598, 0.28578, 0.464691, 0.118053]","[-6.783325, -6.783325, -6.783325, -5.684713, -1.265872, -6.783325]","moving_00222: score=0.606, d=71.6, reason=OK | moving_00225: score=0.303, d=269.7, reason=ERR_AREA | moving_00226: score=0.290, d=295.8, reason=ERR_AREA"
fixed,fixed_00403,403,Structure 3,no_counterpart,False,,33227.70309304389,5666.651294206443,1613702.7588912293,6441.3675352493,0.4887392807300015,1.1993971858152193,0.0,0.0016262663523548678,0.0511111111125553,0.05857142860210794,"[1.131769, 1.296424, 0.841351, 1.112359, 0.887641, 0.8709]","[0.003673, 0.01624, 0.391648, 0.061352, 0.356709, 0.170379]","[-0.92688, -7.710205, -2.192752, -1.352363, -1.443005, -1.044521]","moving_00222: score=0.267, d=1863.6, reason=ERR_DIST;ERR_AREA | moving_00423: score=0.258, d=2218.4, reason=ERR_DIST;ERR_AREA | moving_00224: score=0.250, d=2156.9, reason=ERR_DIST;ERR_AREA"
fixed,fixed_00404,404,Structure 3,no_counterpart,False,,352.07934243453246,5705.118516213137,547545.0416403916,3257.7318796945774,0.6483343603608649,1.5590487620064333,84.90920659567028,0.0005518079911013738,0.020000000000565083,0.042857142845492434,"[1.144897, 1.031773, 0.950845, 0.907897, 0.968227, 1.115198]","[0.025431, 0.03068, 0.052947, 0.051961, 0.042042, 0.79694]","[-6.629363, -6.629363, -6.629363, -6.629363, -6.629363, -6.629363]","moving_00420: score=0.277, d=327.1, reason=ERR_AREA | moving_00417: score=0.276, d=350.3, reason=ERR_AREA | moving_00419: score=0.265, d=322.4, reason=ERR_AREA"
fixed,fixed_00405,405,Structure 3,matched_review,False,,29.697995666666667,5180.577986333334,723.3091646793654,107.69743729662399,0.7836517241720182,1.0690279079337641,-136.91082066738605,7.289405377705284e-07,0.0011111110970153082,0.001428571435950004,"[1.761794, 0.210526, 1.157895, 0.842105, 1.473684, 0.210526]","[0.087708, 0.0, 0.0, 0.0, 0.5, 0.412292]","[6.629363, 0.0, -0.0, 0.0, 0.0, 0.0]","moving_00413: score=0.711, d=38.3, reason=OK | moving_00088: score=0.670, d=148.6, reason=OK | moving_00415: score=0.595, d=145.6, reason=ERR_NOT_MUTUAL"
fixed,fixed_00406,406,Structure 3,matched_anchor,False,,35383.099093000004,5180.577986333333,723.3091830724044,107.69743875721005,0.7836517228438353,1.06902793511809,136.91082083230637,7.289405563067677e-07,0.001111111125269768,0.001428571435950004,"[0.590445, 0.984076, 1.377706, 1.015924, 0.721655, 1.082483]","[0.0, 0.0, 0.079521, 0.420479, 0.0, 0.5]","[0.0, 0.0, -0.0, 6.783325, 0.0, 1.098612]","moving_00091: score=0.738, d=56.0, reason=OK | moving_00224: score=0.554, d=329.4, reason=OK | moving_00221: score=0.522, d=65.6, reason=ERR_AREA"
fixed,fixed_00407,407,Structure 3,matched_anchor,False,,29.697995666666667,5254.149967666666,723.3091646793654,107.69743729662399,0.7836517241720182,1.0690279079337641,136.91082066736703,7.289405377705284e-07,0.0011111110970153082,0.001428571435950004,"[1.2, 0.8, 2.0, 1.6, 0.266667, 0.533333]","[0.0, 0.0, 0.0, 0.5, 0.0, 0.5]","[-0.0, 0.0, 0.0, 0.0, 0.0, 0.0]","moving_00415: score=0.730, d=72.0, reason=OK | moving_00416: score=0.717, d=145.5, reason=OK | moving_00413: score=0.666, d=111.9, reason=OK"
fixed,fixed_00408,408,Structure 3,matched_anchor,False,,29.697995666666667,5474.865912666666,723.3091646793654,107.69743729662399,0.7836517241720182,1.0690279079337641,136.91082066736757,7.289405377705284e-07,0.0011111110970153082,0.001428571435950004,"[0.428571, 0.857143, 1.285714, 0.857143, 1.142857, 1.428571]","[0.0, 0.0, 0.5, 0.0, 0.0, 0.5]","[-0.0, 0.0, 0.0, 0.0, 0.0, 0.0]","moving_00415: score=0.761, d=148.7, reason=OK | moving_00416: score=0.742, d=75.2, reason=OK | moving_00413: score=0.638, d=332.6, reason=ERR_NOT_MUTUAL"
fixed,fixed_00409,409,Structure 3,matched_anchor,False,,35383.099093000004,5511.651903333335,723.3091830724222,107.6974387572113,0.7836517228438364,1.0690279351180636,136.91082083468794,7.289405563067857e-07,0.001111111125269768,0.001428571435950039,"[0.571429, 1.142857, 1.333333, 1.571429, 0.831012, 0.857143]","[0.0, 0.0, 0.0, 0.161787, 0.338213, 0.5]","[0.0, -0.0, 0.0, 1.098612, 6.783325, -0.0]","moving_00224: score=0.808, d=4.5, reason=OK | moving_00225: score=0.636, d=145.5, reason=OK | moving_00226: score=0.555, d=292.6, reason=ERR_NOT_MUTUAL"
fixed,fixed_00410,410,Structure 3,matched_review,False,,29.697995666666667,5585.2238849999985,723.3091450167333,107.6974359303518,0.7836517227521566,1.069027936994509,43.08917923227247,7.289405179548116e-07,0.0011111110970153082,0.0014285713971153313,"[1.335734, 0.428571, 1.142857, 0.857143, 0.428571, 1.285714]","[0.193332, 0.0, 0.0, 0.5, 0.0, 0.306668]","[6.629363, 0.0, 0.0, 0.0, 0.0, 0.0]","moving_00416: score=0.645, d=185.5, reason=OK | moving_00417: score=0.616, d=20.1, reason=OK | moving_00415: score=0.599, d=259.1, reason=ERR_NOT_MUTUAL"
fixed,fixed_00411,411,Structure 3,no_counterpart,False,,31770.77252787014,5905.943744244559,381183.9325115583,2622.925088617361,0.6962619719574801,1.2378218109561387,159.48557308352392,0.00038415166615182104,0.024444444445135133,0.02714285712771163,"[0.556266, 0.883022, 0.700067, 1.992455, 1.116978, 2.152049]","[0.14302, 0.195208, 0.288396, 0.070914, 0.022866, 0.279596]","[0.090642, -0.210417, 0.594511, 0.398483, 1.443005, -0.749748]","moving_00222: score=0.428, d=3332.8, reason=ERR_DIST | moving_00401: score=0.383, d=1736.3, reason=ERR_DIST | moving_00399: score=0.336, d=2938.5, reason=ERR_DIST"
fixed,fixed_00412,412,Structure 3,no_counterpart,False,,34614.88793855786,5851.565292316097,180103.98345879468,1622.6919263096363,0.8595299850010546,1.0690279270423162,43.08917878113048,0.00018150619536981164,0.014444444458979747,0.01857142858968088,"[0.990075, 1.006713, 1.039159, 1.059748, 0.669469, 0.993287]","[0.014754, 0.017582, 0.025928, 0.867921, 0.028404, 0.045411]","[-5.517453, -5.517453, -4.418841, -5.517453, 1.265872, -5.517453]","moving_00222: score=0.371, d=532.7, reason=OK | moving_00394: score=0.365, d=325.8, reason=ERR_AREA | moving_00090: score=0.297, d=724.3, reason=ERR_AREA"
fixed,fixed_00413,413,Structure 3,matched_review,False,,29.697995666666667,5695.581857333333,723.3091646793654,107.69743729662399,0.7836517241720182,1.0690279079337641,-136.91082066738502,7.289405377705284e-07,0.0011111110970153082,0.001428571435950004,"[1.594097, 0.545455, 1.272727, 0.909091, 1.090909, 0.545455]","[0.245293, 0.0, 0.0, 0.5, 0.0, 0.254707]","[6.629363, 0.0, -0.0, 0.0, 0.0, -0.0]","moving_00420: score=0.693, d=71.8, reason=OK | moving_00413: score=0.563, d=553.3, reason=ERR_NOT_MUTUAL | moving_00416: score=0.562, d=295.9, reason=ERR_NOT_MUTUAL"
fixed,fixed_00414,414,Structure 3,matched_review,False,,35383.099093000004,5732.367848333332,723.3091830724222,107.6974387572113,0.7836517228438364,1.0690279351180636,136.91082083468385,7.289405563067857e-07,0.001111111125269768,0.001428571435950039,"[0.771621, 1.028828, 1.671845, 1.350337, 0.971172, 0.771621]","[0.0, 0.0, 0.0, 0.27984, 0.22016, 0.5]","[-0.0, 0.0, -0.0, 1.098612, 6.783325, 0.0]","moving_00226: score=0.706, d=71.9, reason=OK | moving_00225: score=0.702, d=75.4, reason=OK | moving_00224: score=0.587, d=222.4, reason=OK"
fixed,fixed_00415,415,Structure 3,matched_anchor,False,,29.697995666666667,5805.939829666668,723.3091646793833,107.69743729662524,0.7836517241720196,1.0690279079337377,136.9108206673681,7.289405377705465e-07,0.0011111110970153082,0.001428571435950039,"[0.4, 0.8, 1.7, 0.6, 1.2, 1.8]","[0.0, 0.0, 0.5, 0.0, 0.0, 0.5]","[-0.0, -0.0, 2.397895, -0.0, -0.0, -0.0]","moving_00420: score=0.767, d=38.6, reason=OK | moving_00415: score=0.619, d=479.8, reason=OK | moving_00413: score=0.600, d=663.7, reason=ERR_NOT_MUTUAL"
fixed,fixed_00416,416,Structure 3,matched_review,False,,29.697995666666667,5879.511811333334,723.3091646793654,107.69743729662399,0.7836517241720182,1.0690279079337641,-136.91082066738502,7.289405377705284e-07,0.0011111110970153082,0.001428571435950004,"[0.347826, 1.130435, 0.347826, 0.869565, 1.391304, 1.732833]","[0.0, 0.5, 0.0, 0.0, 0.17108, 0.32892]","[-0.0, 2.397895, 0.0, 0.0, -0.0, 6.629363]","moving_00420: score=0.663, d=112.1, reason=OK | moving_00424: score=0.546, d=439.5, reason=OK | moving_00416: score=0.525, d=479.8, reason=OK"
fixed,fixed_00417,417,Structure 3,matched_review,False,,29.697995666666667,5953.083793000001,723.3091450167512,107.69743593035304,0.783651722752158,1.0690279369944826,43.08917923227263,7.289405179548297e-07,0.0011111110970153082,0.0014285713971153664,"[1.391304, 0.782609, 0.695652, 0.347826, 1.217391, 1.73913]","[0.0, 0.5, 0.0, 0.0, 0.0, 0.5]","[0.0, 2.397895, 0.0, 0.0, 0.0, -0.0]","moving_00420: score=0.627, d=185.7, reason=ERR_NOT_MUTUAL | moving_00416: score=0.614, d=553.4, reason=ERR_NOT_MUTUAL | moving_00424: score=0.588, d=365.9, reason=ERR_NOT_MUTUAL"
fixed,fixed_00418,418,Structure 3,matched_review,False,,35383.099093000004,5953.083793,723.3091634097896,107.69743739093911,0.7836517214239743,1.0690279641788092,-43.08917764118833,7.289405364910682e-07,0.001111111125269768,0.0014285713971153664,"[0.307692, 1.076923, 0.692308, 1.241709, 1.612959, 0.923077]","[0.0, 0.0, 0.021142, 0.353732, 0.125126, 0.5]","[0.0, 0.0, 1.098612, 0.0, 6.783325, 0.0]","moving_00226: score=0.636, d=149.0, reason=OK | moving_00423: score=0.576, d=255.6, reason=ERR_NOT_MUTUAL | moving_00225: score=0.535, d=296.0, reason=OK"
fixed,fixed_00419,419,Structure 3,no_counterpart,False,,29.69799551515151,6118.620751742423,7956.4007721478265,475.55734529662436,0.4421002157377857,5.612575619669914,90.0,8.01834587584445e-06,0.0011111110970153082,0.00857142857686542,"[0.466667, 1.133333, 1.533333, 1.133333, 0.866667, 0.6]","[0.0, 0.5, 0.0, 0.0, 0.0, 0.5]","[-2.397895, -2.397895, -2.397895, -2.397895, -2.397895, -2.397895]","moving_00424: score=0.380, d=200.4, reason=ERR_AREA | moving_00096: score=0.311, d=519.1, reason=OK | moving_00417: score=0.283, d=553.5, reason=OK"
fixed,fixed_00420,420,Structure 3,matched_review,False,,35383.099093000004,6026.655774666667,723.3091830724222,107.6974387572113,0.7836517228438364,1.0690279351180636,43.08917935286121,7.289405563067857e-07,0.001111111125269768,0.001428571435950039,"[0.901348, 0.450674, 1.098652, 2.15985, 0.360539, 1.442157]","[0.0, 0.028062, 0.365657, 0.106281, 0.0, 0.5]","[-0.0, 1.098612, -0.0, 6.783325, -0.0, 0.0]","moving_00423: score=0.605, d=182.1, reason=OK | moving_00226: score=0.599, d=222.5, reason=OK | moving_00224: score=0.505, d=516.7, reason=OK"
fixed,fixed_00421,421,Structure 3,matched_review,False,,35383.099093,6118.620751777777,2169.9275492172133,181.2694207572095,0.8298622394684592,1.8708585007921896,90.0,2.186821668920303e-06,0.001111111125269768,0.002857142871900008,"[0.612774, 2.32854, 0.897007, 2.573649, 1.102993, 0.612774]","[0.0, 0.047179, 0.452821, 0.0, 0.0, 0.5]","[-1.098612, -1.098612, -1.098612, -1.098612, -1.098612, -1.098612]","moving_00425: score=0.637, d=365.9, reason=OK | moving_00423: score=0.473, d=90.1, reason=OK | moving_00092: score=0.389, d=833.4, reason=ERR_DIST"
fixed,fixed_00422,422,Structure 3,no_counterpart,False,,30749.45781778307,6470.988043057535,308853.0156824522,2446.9767395366152,0.6481895544501152,1.0690279283593147,-8.189334471373932,0.0003112576120107867,0.02111111112583484,0.02714285712771163,"[0.48846, 1.347274, 1.902919, 0.652726, 0.624229, 1.393446]","[0.163863, 0.440329, 0.160857, 0.126493, 0.030479, 0.07798]","[0.301058, 0.616514, 1.309029, 0.804927, 0.210417, 1.653421]","moving_00401: score=0.409, d=2231.3, reason=ERR_DIST | moving_00399: score=0.349, d=2726.9, reason=ERR_DIST | moving_00095: score=0.313, d=1219.0, reason=ERR_DIST"
fixed,fixed_00423,423,Structure 3,no_counterpart,False,,634.8820333794245,7601.9190984194365,2413682.700306713,8720.964524059109,0.39880537415086387,1.951038166169875,90.0,0.0024324745924502868,0.038888888875860464,0.10428571428066578,"[1.072081, 1.004246, 0.942759, 0.915896, 0.995754, 1.210437]","[0.018206, 0.024892, 0.01816, 0.101007, 0.046077, 0.791658]","[-7.014215, -8.112828, -8.112827, -8.112828, -8.112828, -8.112827]","moving_00101: score=0.388, d=154.5, reason=ERR_AREA | moving_00098: score=0.293, d=703.6, reason=ERR_AREA | moving_00100: score=0.258, d=484.6, reason=ERR_AREA"
fixed,fixed_00424,424,Structure 3,no_counterpart,False,,31648.66552607137,6631.021339474158,417349.3910927638,2706.654112981383,0.7158864259565847,1.4253705706451065,0.0,0.0004205986933902881,0.026666666667420163,0.025714285691761627,"[1.327567, 0.552877, 0.879985, 0.445096, 1.120015, 1.856522]","[0.278047, 0.157502, 0.09102, 0.136186, 0.046363, 0.290882]","[0.315456, -0.301058, 0.503869, -0.090642, 1.352363, -0.840389]","moving_00222: score=0.409, d=3589.6, reason=ERR_DIST | moving_00401: score=0.376, d=2401.5, reason=ERR_DIST | moving_00399: score=0.331, d=3362.7, reason=ERR_DIST"
fixed,fixed_00425,425,Structure 3,matched_review,False,,29.697995666666667,7056.663517333334,723.3091646793833,107.69743729662524,0.7836517241720196,1.0690279079337377,-136.91082066738218,7.289405377705465e-07,0.0011111110970153082,0.001428571435950039,"[0.7, 1.8, 0.85, 1.15, 0.6, 1.7]","[0.0, 0.5, 0.0, 0.0, 0.0, 0.5]","[-0.0, -0.0, 1.098612, 1.098612, -0.0, 0.0]","moving_00432: score=0.606, d=181.6, reason=OK | moving_00424: score=0.579, d=737.7, reason=ERR_NOT_MUTUAL | moving_00237: score=0.565, d=1174.5, reason=ERR_DIST"
fixed,fixed_00426,426,Structure 3,matched_anchor,False,,29.697995666666667,7314.165452999999,723.3091450167333,107.6974359303518,0.7836517227521566,1.069027936994509,43.089179232271995,7.289405179548116e-07,0.0011111110970153082,0.0014285713971153313,"[0.846154, 1.0, 1.230769, 1.192308, 1.0, 0.538462]","[0.0, 0.0, 0.5, 0.0, 0.0, 0.5]","[0.0, 0.0, 0.0, 1.098612, 0.0, 0.0]","moving_00432: score=0.723, d=75.9, reason=OK | moving_00435: score=0.646, d=222.0, reason=OK | moving_00438: score=0.589, d=586.0, reason=ERR_NOT_MUTUAL"
fixed,fixed_00427,427,Structure 3,matched_anchor,False,,29.697995666666667,7718.811351999999,723.3091450167512,107.69743593035304,0.783651722752158,1.0690279369944826,43.089179232273004,7.289405179548297e-07,0.0011111110970153082,0.0014285713971153664,"[0.216216, 0.540541, 1.783784, 0.810811, 1.189189, 1.811411]","[0.0, 0.0, 0.0, 0.5, 0.219633, 0.280367]","[0.0, 0.0, 1.098612, 1.098612, -0.0, 8.112828]","moving_00436: score=0.752, d=34.3, reason=OK | moving_00437: score=0.654, d=107.8, reason=OK | moving_00435: score=0.581, d=190.7, reason=OK"
fixed,fixed_00428,428,Structure 3,matched_anchor,False,,29.697995666666667,7792.383333666668,723.3091646793833,107.69743729662524,0.7836517241720196,1.0690279079337377,136.9108206673692,7.289405377705465e-07,0.0011111110970153082,0.001428571435950039,"[0.324324, 1.837838, 1.567568, 0.594595, 1.405405, 0.216216]","[0.0, 0.0, 0.0, 0.5, 0.0, 0.5]","[-0.0, -0.0, 1.098612, 1.098612, -0.0, -0.0]","moving_00437: score=0.801, d=34.3, reason=OK | moving_00436: score=0.730, d=39.3, reason=OK | moving_00438: score=0.696, d=107.8, reason=OK"
fixed,fixed_00429,429,Structure 3,matched_anchor,False,,29.697995666666667,7902.741305999999,723.3091450167512,107.69743593035304,0.783651722752158,1.0690279369944826,43.08917923227372,7.289405179548297e-07,0.0011111110970153082,0.0014285713971153664,"[1.69697, 1.393939, 0.30303, 0.363636, 0.606061, 1.939394]","[0.0, 0.0, 0.5, 0.0, 0.0, 0.5]","[0.0, 1.098612, 1.098612, 0.0, 0.0, -0.0]","moving_00438: score=0.898, d=2.9, reason=OK | moving_00436: score=0.690, d=149.7, reason=OK | moving_00437: score=0.680, d=76.1, reason=OK"
fixed,fixed_00430,430,Structure 3,matched_anchor,False,,29.69799555555556,7994.706283000001,2169.9274743754822,181.26941866289624,0.8298622300219369,1.8708585483663,-43.08918078635752,2.186821593495887e-06,0.0011111110970153082,0.002857142871900043,"[1.393939, 2.0, 1.090909, 0.909091, 0.666667, 0.30303]","[0.0, 0.0, 0.5, 0.0, 0.0, 0.5]","[-1.098612, -1.098612, 0.0, -1.098612, -1.098612, -1.098612]","moving_00441: score=0.868, d=34.2, reason=OK | moving_00438: score=0.540, d=94.5, reason=OK | moving_00436: score=0.417, d=241.6, reason=OK"
fixed,fixed_00431,431,Structure 3,no_counterpart,False,,31648.882254100303,8824.127288177699,572137.553835685,4098.958147453058,0.42792075479443537,1.1358783844740876,-43.089178781130435,0.0005765919699864086,0.031111111111990122,0.04857142858929255,"[1.037283, 1.24441, 0.962717, 0.936185, 0.815011, 1.085413]","[0.157136, 0.058825, 0.402228, 0.05809, 0.00666, 0.317062]","[2.131927, 2.108871, -3.728859, -0.616514, -0.315456, -0.406097]","moving_00106: score=0.370, d=2887.3, reason=ERR_DIST | moving_00095: score=0.285, d=2985.3, reason=ERR_DIST;ERR_AREA | moving_00253: score=0.266, d=2234.9, reason=ERR_DIST"
fixed,fixed_00432,432,Structure 3,matched_review,False,,29.697995555555554,8325.780200222223,2169.9274940380783,181.26941929662289,0.8298622317391795,1.8708585483662767,90.0,2.186821613311567e-06,0.0011111110970153082,0.002857142871900008,"[0.243902, 0.731707, 1.121951, 0.878049, 1.414634, 1.121951]","[0.0, 0.0, 0.5, 0.0, 0.0, 0.5]","[-1.098612, -1.098612, -1.098612, -0.0, -1.098612, -1.098612]","moving_00441: score=0.668, d=296.9, reason=OK | moving_00442: score=0.620, d=70.8, reason=OK | moving_00238: score=0.569, d=21.2, reason=OK"
fixed,fixed_00433,433,Structure 3,matched_anchor,False,,29.697995666666667,8417.745177333332,723.3091646793475,107.69743729662275,0.7836517241720169,1.0690279079337908,-136.91082066738858,7.289405377705104e-07,0.0011111110970153082,0.0014285714359499686,"[0.487805, 0.878049, 1.268293, 0.243902, 1.121951, 1.365854]","[0.0, 0.0, 0.5, 0.0, 0.0, 0.5]","[0.0, 0.0, 0.0, 1.098612, 1.098612, -0.0]","moving_00444: score=0.747, d=107.6, reason=OK | moving_00238: score=0.675, d=113.1, reason=OK | moving_00237: score=0.634, d=186.6, reason=OK"
fixed,fixed_00434,434,Structure 3,no_counterpart,False,,34146.09860980295,10071.042138731986,4823748.855814029,11414.98890076926,0.4652041341066741,1.0096374867778866,0.0,0.004861304483243693,0.07555555555769032,0.10285714284471578,"[0.956233, 0.998667, 1.06409, 1.045921, 1.001333, 0.981623]","[0.032346, 0.029576, 0.872469, 0.021376, 0.015922, 0.02831]","[-7.706613, -8.805225, -8.805225, -7.706613, -7.706613, -7.195787]","moving_00511: score=0.264, d=1570.1, reason=ERR_DIST;ERR_AREA | moving_00505: score=0.244, d=1112.6, reason=ERR_DIST;ERR_AREA | moving_00108: score=0.224, d=1553.3, reason=ERR_DIST;ERR_AREA"
fixed,fixed_00435,435,Structure 3,matched_anchor,False,,29.697995666666667,8601.675131333335,723.3091646793833,107.69743729662524,0.7836517241720196,1.0690279079337377,-136.9108206673828,7.289405377705465e-07,0.0011111110970153082,0.001428571435950039,"[0.516129, 1.032258, 2.064516, 0.967742, 2.129032, 0.645161]","[0.0, 0.0, 0.5, 0.0, 0.0, 0.5]","[0.0, -0.0, 0.0, 1.098612, 1.098612, -0.0]","moving_00445: score=0.813, d=3.1, reason=OK | moving_00444: score=0.791, d=76.4, reason=OK | moving_00446: score=0.714, d=70.7, reason=OK"
fixed,fixed_00436,436,Structure 3,matched_anchor,False,,29.697995666666667,8748.819094666667,723.3091646793833,107.69743729662524,0.7836517241720196,1.0690279079337377,136.91082066737047,7.289405377705465e-07,0.0011111110970153082,0.001428571435950039,"[0.390244, 1.170732, 1.853659, 1.121951, 0.878049, 0.390244]","[0.0, 0.0, 0.5, 0.0, 0.0, 0.5]","[-0.0, 0.0, -0.0, 1.098612, -0.0, 0.0]","moving_00446: score=0.723, d=76.4, reason=OK | moving_00444: score=0.683, d=223.5, reason=OK | moving_00445: score=0.659, d=150.0, reason=OK"
fixed,fixed_00437,437,Structure 3,matched_review,False,,29.697995666666667,8895.963057666668,723.3091646793475,107.69743729662275,0.7836517241720169,1.0690279079337908,136.9108206673695,7.289405377705104e-07,0.0011111110970153082,0.0014285714359499686,"[0.761905, 1.428571, 1.47619, 0.380952, 1.238095, 0.761905]","[0.0, 0.5, 0.0, 0.0, 0.0, 0.5]","[0.0, -0.0, 1.098612, 0.0, 0.0, 0.0]","moving_00445: score=0.636, d=297.1, reason=OK | moving_00451: score=0.608, d=217.7, reason=OK | moving_00446: score=0.603, d=223.6, reason=OK"
fixed,fixed_00438,438,Structure 3,no_counterpart,False,,160.75415790037223,9470.469055307225,84627.17282432153,1619.3192957623135,0.4055596266512322,1.753929857257243,-118.12512596518987,8.52860434803229e-05,0.008888888889140039,0.021428571422746286,"[1.578358, 0.930022, 0.545314, 0.460054, 1.069978, 2.038141]","[0.034667, 0.075161, 0.121126, 0.153059, 0.03393, 0.582057]","[-3.663562, -3.152736, -4.762174, -4.762174, -4.762174, -4.762174]","moving_00455: score=0.385, d=133.0, reason=ERR_AREA | moving_00453: score=0.359, d=153.0, reason=ERR_AREA | moving_00452: score=0.303, d=216.2, reason=ERR_AREA"
fixed,fixed_00439,439,Structure 3,matched_anchor,False,,29.697995666666667,9190.250984333334,723.3091646793833,107.69743729662524,0.7836517241720196,1.0690279079337377,-136.9108206673841,7.289405377705465e-07,0.0011111110970153082,0.001428571435950039,"[0.913603, 0.760478, 1.086397, 1.520956, 0.869118, 1.303677]","[0.069626, 0.0, 0.0, 0.5, 0.0, 0.430374]","[4.762174, -0.0, -0.0, 1.609438, -0.0, 0.0]","moving_00451: score=0.739, d=76.6, reason=OK | moving_00452: score=0.670, d=107.3, reason=OK | moving_00445: score=0.543, d=591.4, reason=OK"
fixed,fixed_00440,440,Structure 3,matched_anchor,False,,35383.099093000004,9410.966929333334,723.3091830724222,107.6974387572113,0.7836517228438364,1.0690279351180636,43.089179335034764,7.289405563067857e-07,0.001111111125269768,0.001428571435950039,"[0.844444, 1.155556, 0.4, 1.689557, 0.711111, 1.822222]","[0.0, 0.0, 0.004476, 0.495524, 0.0, 0.5]","[1.098612, 1.609438, 1.098612, 1.098612, -0.0, 1.098612]","moving_00245: score=0.886, d=5.3, reason=OK | moving_00246: score=0.672, d=107.2, reason=OK | moving_00243: score=0.646, d=223.8, reason=OK"
fixed,fixed_00441,441,Structure 3,matched_review,False,,29.697995666666674,9447.752919999999,723.3091450167153,107.69743593035057,0.783651722752155,1.0690279369945355,-43.0891792323087,7.289405179547935e-07,0.0011111110970153082,0.001428571397115296,"[0.516541, 0.428571, 1.785714, 1.0, 1.0, 2.142857]","[0.222685, 0.0, 0.0, 0.5, 0.0, 0.277315]","[4.762174, 0.0, 1.098612, 1.609438, 0.0, 0.0]","moving_00452: score=0.655, d=150.3, reason=OK | moving_00451: score=0.597, d=334.1, reason=ERR_NOT_MUTUAL | moving_00455: score=0.557, d=52.0, reason=OK"
fixed,fixed_00442,442,Structure 3,matched_review,False,,29.697995666666667,9558.110892333332,723.3091646793475,107.69743729662275,0.7836517241720169,1.0690279079337908,-136.91082066738917,7.289405377705104e-07,0.0011111110970153082,0.0014285714359499686,"[2.321215, 1.378222, 0.580304, 0.435228, 1.45076, 0.621778]","[0.0, 0.0, 0.5, 0.0, 0.156189, 0.343811]","[0.0, 1.098612, 1.609438, -0.0, 0.0, 4.762174]","moving_00456: score=0.587, d=254.2, reason=ERR_NOT_MUTUAL | moving_00452: score=0.579, d=260.6, reason=OK | moving_00455: score=0.574, d=58.4, reason=OK"
fixed,fixed_00443,443,Structure 3,matched_anchor,False,,35383.099093,9576.503887777777,2169.927549217195,181.26942075720893,0.8298622394684573,1.8708585007921896,90.0,2.1868216689202846e-06,0.001111111125269768,0.002857142871900008,"[0.47619, 2.047619, 0.809524, 1.38189, 1.190476, 0.428571]","[0.0, 0.0, 0.005864, 0.494136, 0.0, 0.5]","[0.0, -1.098612, 0.510826, -0.0, -1.098612, -1.098612]","moving_00247: score=0.767, d=33.8, reason=OK | moving_00246: score=0.559, d=58.5, reason=OK | moving_00254: score=0.519, d=1173.5, reason=ERR_DIST"
fixed,fixed_00444,444,Structure 3,matched_review,False,,35383.099093000004,9760.433841777778,2169.927549217231,181.2694207572101,0.8298622394684604,1.8708585007921896,90.0,2.186821668920321e-06,0.001111111125269768,0.002857142871900008,"[1.73547, 0.36813, 1.00079, 0.5259, 1.84065, 0.99921]","[0.0, 0.008945, 0.491055, 0.0, 0.0, 0.5]","[-1.098612, 0.510826, -0.0, -0.0, -1.098612, -1.098612]","moving_00247: score=0.666, d=150.4, reason=OK | moving_00250: score=0.570, d=15.7, reason=OK | moving_00249: score=0.518, d=58.6, reason=OK"
fixed,fixed_00445,445,Structure 3,no_counterpart,False,,35383.09909299999,9889.1848095,3616.545895699407,254.84140212348174,0.6997837819373064,2.8062877511883073,90.0,3.644702761718139e-06,0.001111111125269768,0.004285714307850047,"[1.209302, 1.860465, 0.56035, 0.790698, 1.209302, 0.325581]","[0.0, 0.014141, 0.485859, 0.0, 0.0, 0.5]","[-1.609438, -1.609438, -0.510826, -0.510826, -1.609438, -0.510826]","moving_00247: score=0.485, d=279.2, reason=OK | moving_00250: score=0.388, d=113.7, reason=ERR_AREA | moving_00254: score=0.336, d=860.8, reason=ERR_DIST"
fixed,fixed_00446,446,Structure 3,no_counterpart,False,,29.69799555555556,9907.577804999999,2169.9274743754463,181.26941866289442,0.8298622300219399,1.8708585483662767,-43.089180786357154,2.1868215934958504e-06,0.0011111110970153082,0.002857142871900008,"[0.684211, 1.0, 0.578947, 1.315789, 1.0, 1.305797]","[0.0, 0.5, 0.0, 0.0, 0.046361, 0.453639]","[-1.098612, -1.098612, 0.510826, -1.098612, -1.098612, 3.663562]","moving_00109: score=0.524, d=51.8, reason=OK | moving_00455: score=0.519, d=407.8, reason=OK | moving_00457: score=0.499, d=125.4, reason=OK"
fixed,fixed_00447,447,Structure 3,no_counterpart,False,,153.700919277084,11137.721564012929,350804.9472392265,5553.4954801535905,0.14293636319640182,8.285230580307614,90.0,0.0003535361632068903,0.007777777763870337,0.08857142856288494,"[1.277956, 0.972492, 0.728045, 0.716864, 1.027508, 1.589883]","[0.029495, 0.052421, 0.170418, 0.063525, 0.039447, 0.644694]","[-6.184149, -6.184149, -6.184149, -6.184149, -5.085537, -6.184149]","moving_00463: score=0.360, d=127.6, reason=ERR_AREA | moving_00462: score=0.348, d=143.9, reason=ERR_AREA | moving_00443: score=0.294, d=938.6, reason=ERR_DIST;ERR_AREA"
fixed,fixed_00448,448,Structure 3,matched_anchor,False,,29.697995666666667,10146.686745333334,723.3091646793475,107.69743729662275,0.7836517241720169,1.0690279079337908,-136.9108206673897,7.289405377705104e-07,0.0011111110970153082,0.0014285714359499686,"[0.413793, 0.827586, 1.103448, 1.37931, 0.896552, 1.655172]","[0.0, 0.0, 0.0, 0.5, 0.0, 0.5]","[0.0, 0.0, 0.0, 0.0, 1.098612, 1.609438]","moving_00457: score=0.733, d=113.8, reason=OK | moving_00458: score=0.706, d=106.9, reason=ERR_NOT_MUTUAL | moving_00109: score=0.643, d=187.3, reason=OK"
fixed,fixed_00449,449,Structure 3,matched_anchor,False,,29.697995666666667,10257.044717666666,723.3091646793475,107.69743729662275,0.7836517241720169,1.0690279079337908,136.9108206673686,7.289405377705104e-07,0.0011111110970153082,0.0014285714359499686,"[0.5, 0.833333, 1.166667, 1.833333, 1.583333, 0.5]","[0.0, 0.0, 0.0, 0.5, 0.0, 0.5]","[0.0, 0.0, 0.0, 0.0, 1.098612, 0.0]","moving_00458: score=0.845, d=3.7, reason=OK | moving_00457: score=0.687, d=224.1, reason=OK | moving_00459: score=0.599, d=253.9, reason=ERR_NOT_MUTUAL"
fixed,fixed_00450,450,Structure 3,matched_review,False,,29.697995666666667,10367.402690333334,723.3091646793475,107.69743729662275,0.7836517241720169,1.0690279079337908,-136.91082066738886,7.289405377705104e-07,0.0011111110970153082,0.0014285714359499686,"[0.4, 0.8, 2.0, 1.6, 1.2, 0.6]","[0.0, 0.0, 0.0, 0.5, 0.0, 0.5]","[0.0, 0.0, 0.0, 0.0, 0.0, 0.0]","moving_00458: score=0.712, d=113.8, reason=OK | moving_00459: score=0.681, d=143.6, reason=ERR_NOT_MUTUAL | moving_00457: score=0.645, d=334.5, reason=OK"
fixed,fixed_00451,451,Structure 3,no_counterpart,False,,978.4731467459611,11456.913820914177,1396710.007325947,6685.848488717508,0.3926476907858503,1.5785368713725825,61.874873966070446,0.0014075841888454084,0.035555555556560155,0.07714285711411945,"[1.025347, 0.999562, 0.99561, 1.000438, 1.011151, 0.927773]","[0.023949, 0.01847, 0.012287, 0.012098, 0.030574, 0.902622]","[-7.565793, -7.565793, -7.565793, -7.565793, -7.565793, -1.381644]","moving_00112: score=0.433, d=1149.8, reason=ERR_DIST | moving_00443: score=0.351, d=310.7, reason=ERR_AREA | moving_00465: score=0.200, d=960.4, reason=ERR_DIST;ERR_AREA"
fixed,fixed_00452,452,Structure 3,no_counterpart,False,,35383.099093,10367.402690333334,723.3091830723865,107.6974387572088,0.7836517228438342,1.0690279351181164,136.9108208299192,7.289405563067497e-07,0.001111111125269768,0.0014285714359499686,"[0.909091, 1.090909, 0.636364, 1.227273, 0.638216, 1.181818]","[0.0, 0.0, 0.0, 0.487871, 0.012129, 0.5]","[0.0, 0.0, 0.0, 1.098612, 1.098612, 1.609438]","moving_00242: score=0.578, d=1364.1, reason=ERR_DIST | moving_00245: score=0.572, d=959.6, reason=ERR_DIST | moving_00243: score=0.566, d=1180.2, reason=ERR_DIST"
fixed,fixed_00453,453,Structure 3,matched_anchor,False,,29.697995666666667,10440.974671666669,723.3091646793833,107.69743729662524,0.7836517241720196,1.0690279079337377,136.91082066736948,7.289405377705465e-07,0.0011111110970153082,0.001428571435950039,"[0.363636, 1.090909, 1.454545, 0.363636, 0.909091, 1.454545]","[0.0, 0.0, 0.5, 0.0, 0.0, 0.5]","[0.0, 0.0, 0.0, -0.0, -0.0, -0.0]","moving_00459: score=0.865, d=70.0, reason=OK | moving_00458: score=0.734, d=187.4, reason=OK | moving_00460: score=0.677, d=327.4, reason=ERR_NOT_MUTUAL"
fixed,fixed_00454,454,Structure 3,matched_anchor,False,,29.697995666666667,10514.546653333333,723.3091646793833,107.69743729662524,0.7836517241720196,1.0690279079337377,-136.91082066738488,7.289405377705465e-07,0.0011111110970153082,0.001428571435950039,"[1.2, 0.8, 1.8, 0.8, 0.4, 1.4]","[0.0, 0.0, 0.5, 0.0, 0.0, 0.5]","[0.0, 0.0, -0.0, -0.0, 0.0, -0.0]","moving_00459: score=0.940, d=3.8, reason=OK | moving_00460: score=0.684, d=253.8, reason=ERR_NOT_MUTUAL | moving_00458: score=0.681, d=261.0, reason=ERR_NOT_MUTUAL"
fixed,fixed_00455,455,Structure 3,no_counterpart,False,,35383.099093,10624.904625666666,723.3091830723865,107.6974387572088,0.7836517228438342,1.0690279351181164,43.08917935762988,7.289405563067497e-07,0.001111111125269768,0.0014285714359499686,"[0.444444, 0.740741, 2.074074, 0.962963, 1.19572, 1.037037]","[0.0, 0.0, 0.0, 0.021142, 0.478858, 0.5]","[0.0, 0.0, 0.0, 1.098612, -0.0, 0.0]","moving_00245: score=0.532, d=1217.1, reason=ERR_DIST | moving_00243: score=0.530, d=1437.7, reason=ERR_DIST | moving_00250: score=0.524, d=849.4, reason=ERR_DIST"
fixed,fixed_00456,456,Structure 3,matched_anchor,False,,29.697995666666667,10661.690616666667,723.3091646793833,107.69743729662524,0.7836517241720196,1.0690279079337377,136.91082066736993,7.289405377705465e-07,0.0011111110970153082,0.001428571435950039,"[0.363636, 0.909091, 1.545455, 0.727273, 1.090909, 1.454545]","[0.0, 0.0, 0.5, 0.0, 0.0, 0.5]","[0.0, -0.0, 1.098612, 0.0, 0.0, -0.0]","moving_00460: score=0.818, d=106.7, reason=OK | moving_00459: score=0.780, d=150.7, reason=OK | moving_00461: score=0.726, d=217.0, reason=OK"
fixed,fixed_00457,457,Structure 3,matched_anchor,False,,29.697995666666667,10735.262598333333,723.3091646793833,107.69743729662524,0.7836517241720196,1.0690279079337377,-136.9108206673828,7.289405377705465e-07,0.0011111110970153082,0.001428571435950039,"[0.48, 1.44, 1.04, 0.32, 0.96, 1.28]","[0.0, 0.0, 0.5, 0.0, 0.0, 0.5]","[-0.0, -0.0, 1.098612, 0.0, 0.0, 0.0]","moving_00460: score=0.904, d=33.1, reason=OK | moving_00461: score=0.768, d=143.4, reason=OK | moving_00459: score=0.721, d=224.3, reason=ERR_NOT_MUTUAL"
fixed,fixed_00458,458,Structure 3,matched_review,False,,35383.099093000004,10735.262598333333,723.3091830724222,107.6974387572113,0.7836517228438364,1.0690279351180636,43.08917933503513,7.289405563067857e-07,0.001111111125269768,0.001428571435950039,"[0.464414, 2.554277, 0.812724, 1.187276, 0.696621, 2.32207]","[0.0, 0.0, 0.033523, 0.466477, 0.0, 0.5]","[0.0, 0.0, 1.098612, -0.0, -0.0, -0.0]","moving_00254: score=0.628, d=15.3, reason=OK | moving_00245: score=0.573, d=1327.5, reason=ERR_DIST | moving_00243: score=0.551, d=1548.1, reason=ERR_DIST"
fixed,fixed_00459,459,Structure 3,no_counterpart,False,,35383.099093000004,10808.834579666667,723.3091830724222,107.6974387572113,0.7836517228438364,1.0690279351180636,136.9108208525307,7.289405563067857e-07,0.001111111125269768,0.001428571435950039,"[2.199204, 0.366534, 0.77822, 1.22178, 2.932272, 0.488712]","[0.0, 0.054481, 0.445519, 0.0, 0.0, 0.5]","[0.0, 1.098612, -0.0, -0.0, -0.0, 0.0]","moving_00258: score=0.545, d=1577.5, reason=ERR_DIST | moving_00246: score=0.532, d=1290.7, reason=ERR_DIST | moving_00254: score=0.523, d=59.0, reason=OK"
fixed,fixed_00460,460,Structure 3,matched_anchor,False,,29.697995666666667,10845.620570666666,723.3091646793475,107.69743729662275,0.7836517241720169,1.0690279079337908,136.9108206673691,7.289405377705104e-07,0.0011111110970153082,0.0014285714359499686,"[1.568444, 1.090909, 0.636364, 0.545455, 0.909091, 1.636364]","[0.063895, 0.0, 0.5, 0.0, 0.0, 0.436105]","[6.184149, 0.0, 1.098612, 0.0, 0.0, 0.0]","moving_00461: score=0.813, d=33.1, reason=OK | moving_00460: score=0.751, d=77.3, reason=OK | moving_00462: score=0.638, d=216.9, reason=ERR_NOT_MUTUAL"
fixed,fixed_00461,461,Structure 3,no_counterpart,False,,32050.999590680054,12148.467623161752,4713805.861553939,10069.88600496634,0.5841608502582333,1.1947959185029842,-144.94757763173416,0.0047505055202641784,0.08444444444683046,0.09714285713975036,"[1.194232, 0.105742, 1.134715, 0.943379, 0.473238, 1.056621]","[0.098861, 0.069894, 0.229876, 0.200672, 0.270079, 0.130618]","[-8.782169, -4.38772, -6.384274, -2.893291, -5.83773, 0.023056]","moving_00107: score=0.299, d=986.7, reason=ERR_DIST | moving_00450: score=0.276, d=958.6, reason=ERR_DIST | moving_00253: score=0.216, d=1289.3, reason=ERR_DIST;ERR_AREA"
fixed,fixed_00462,462,Structure 3,no_counterpart,False,,29.69799555555556,10974.371538499998,2169.9274743755177,181.26941793035434,0.8298622367291918,1.8708585229373604,90.0,2.1868215934959224e-06,0.0011111110970153082,0.0028571428330654057,"[0.923404, 0.414076, 1.076596, 1.407857, 1.076596, 0.579706]","[0.103342, 0.0, 0.5, 0.0, 0.0, 0.396658]","[5.085537, -1.098612, -1.098612, -1.098612, -1.098612, -1.098612]","moving_00462: score=0.520, d=88.2, reason=OK | moving_00461: score=0.509, d=95.7, reason=OK | moving_00460: score=0.424, d=206.0, reason=OK"
fixed,fixed_00463,463,Structure 3,matched_anchor,False,,29.697995666666667,11066.336515666666,723.3091646793475,107.69743729662275,0.7836517241720169,1.0690279079337908,136.9108206673671,7.289405377705104e-07,0.0011111110970153082,0.0014285714359499686,"[0.777917, 0.8, 1.2, 1.6, 0.5, 1.2]","[0.166867, 0.0, 0.0, 0.5, 0.0, 0.333133]","[6.184149, 0.0, 0.0, -0.0, 1.098612, 0.0]","moving_00462: score=0.839, d=4.0, reason=OK | moving_00463: score=0.713, d=106.5, reason=OK | moving_00461: score=0.620, d=187.6, reason=ERR_NOT_MUTUAL"
fixed,fixed_00464,464,Structure 3,matched_anchor,False,,29.697995666666667,11213.480478666665,723.3091646793833,107.69743729662524,0.7836517241720196,1.0690279079337377,136.91082066736814,7.289405377705465e-07,0.0011111110970153082,0.001428571435950039,"[0.5, 1.0, 1.5, 1.625, 1.0, 0.987563]","[0.0, 0.0, 0.5, 0.0, 0.162715, 0.337285]","[-0.0, -0.0, 0.0, 1.098612, -0.0, 6.184149]","moving_00463: score=0.775, d=40.6, reason=OK | moving_00462: score=0.664, d=150.9, reason=OK | moving_00465: score=0.571, d=400.7, reason=ERR_NOT_MUTUAL"
fixed,fixed_00465,465,Structure 3,no_counterpart,False,,17095.485485419442,11768.102826022983,732712.1894051081,4308.789405297705,0.4959441183895502,1.105890958485888,-19.015581450073906,0.0007384167703899379,0.033333333334275156,0.04142857144837714,"[1.028506, 0.971494, 0.504126, 0.855706, 1.222396, 1.197338]","[0.001318, 0.11229, 0.031354, 0.190199, 0.24598, 0.418859]","[-0.15103, 6.820996, 0.754874, 0.239398, 1.054205, -0.594522]","moving_00430: score=0.485, d=5188.9, reason=ERR_DIST | moving_00473: score=0.397, d=5002.9, reason=ERR_DIST | moving_00260: score=0.393, d=4840.9, reason=ERR_DIST"
fixed,fixed_00466,466,Structure 3,matched_review,False,,29.697995666666667,11287.052460333332,723.3091646793475,107.69743729662275,0.7836517241720169,1.0690279079337908,-136.9108206673896,7.289405377705104e-07,0.0011111110970153082,0.0014285714359499686,"[0.431193, 0.862387, 1.509177, 0.431193, 1.29358, 1.137613]","[0.0, 0.0, 0.5, 0.0, 0.110294, 0.389706]","[-0.0, 0.0, -0.0, 0.0, 0.0, 6.184149]","moving_00463: score=0.683, d=114.2, reason=OK | moving_00462: score=0.657, d=224.5, reason=ERR_NOT_MUTUAL | moving_00465: score=0.619, d=327.1, reason=ERR_NOT_MUTUAL"
fixed,fixed_00467,467,Structure 3,matched_review,False,,29.697995666666667,11360.624442,723.3091450167512,107.69743593035304,0.783651722752158,1.0690279369944826,-136.91082076775905,7.289405179548297e-07,0.0011111110970153082,0.0014285713971153664,"[0.444444, 1.111111, 0.444444, 0.888889, 1.777778, 1.540885]","[0.0, 0.5, 0.0, 0.0, 0.080799, 0.419201]","[0.0, 0.0, 0.0, 0.0, 0.0, 6.184149]","moving_00463: score=0.652, d=187.8, reason=ERR_NOT_MUTUAL | moving_00466: score=0.598, d=474.1, reason=ERR_NOT_MUTUAL | moving_00465: score=0.577, d=253.5, reason=ERR_NOT_MUTUAL"
fixed,fixed_00468,468,Structure 3,no_counterpart,False,,8795.649217751967,12019.797030495023,712459.5325480107,3406.581732988058,0.7714937978555463,1.5902297382637205,75.03701029913185,0.0007180064350843722,0.022222222222850103,0.04857142858929252,"[0.892669, 0.95599, 1.001887, 0.998113, 1.086106, 1.663583]","[0.035226, 0.026483, 0.44533, 0.148442, 0.111045, 0.233474]","[-6.892642, 1.07047, -2.064328, 5.396075, -1.247195, -4.059428]","moving_00507: score=0.432, d=1629.0, reason=ERR_DIST | moving_00508: score=0.344, d=1075.7, reason=ERR_DIST | moving_00512: score=0.325, d=437.2, reason=OK"
fixed,fixed_00469,469,Structure 3,matched_review,False,,29.697995666666667,11434.196423666664,723.3091646793833,107.69743729662524,0.7836517241720196,1.0690279079337377,136.91082066736737,7.289405377705465e-07,0.0011111110970153082,0.001428571435950039,"[0.6, 1.4, 0.8, 0.4, 1.2, 1.747202]","[0.0, 0.5, 0.0, 0.0, 0.063049, 0.436951]","[-0.0, 0.0, -0.0, -0.0, 0.0, 6.184149]","moving_00463: score=0.646, d=261.3, reason=ERR_NOT_MUTUAL | moving_00465: score=0.611, d=179.9, reason=ERR_NOT_MUTUAL | moving_00466: score=0.586, d=400.6, reason=ERR_NOT_MUTUAL"
fixed,fixed_00470,470,Structure 3,matched_anchor,False,,29.697995666666667,11544.554395999998,723.3091450167512,107.69743593035304,0.783651722752158,1.0690279369944826,-136.91082076775882,7.289405179548297e-07,0.0011111110970153082,0.0014285713971153664,"[0.666667, 1.333333, 0.833333, 0.5, 1.166667, 1.5]","[0.0, 0.5, 0.0, 0.0, 0.0, 0.5]","[0.0, 0.0, 0.0, 0.0, 0.0, 0.0]","moving_00465: score=0.781, d=69.6, reason=OK | moving_00463: score=0.666, d=371.7, reason=ERR_NOT_MUTUAL | moving_00466: score=0.574, d=290.2, reason=ERR_NOT_MUTUAL"
fixed,fixed_00471,471,Structure 3,matched_anchor,False,,29.697995666666667,11691.698359333333,723.3091646793833,107.69743729662524,0.7836517241720196,1.0690279079337377,-136.91082066738346,7.289405377705465e-07,0.0011111110970153082,0.001428571435950039,"[0.615385, 0.923077, 1.384615, 0.615385, 1.076923, 1.384615]","[0.0, 0.0, 0.5, 0.0, 0.0, 0.5]","[-0.0, 0.0, 0.0, -0.0, 0.0, -0.0]","moving_00465: score=0.864, d=77.6, reason=OK | moving_00466: score=0.659, d=143.1, reason=OK | moving_00459: score=0.644, d=1180.7, reason=ERR_DIST"
fixed,fixed_00472,472,Structure 3,matched_anchor,False,,29.697995666666667,11838.842322666667,723.3091646793475,107.69743729662275,0.7836517241720169,1.0690279079337908,136.91082066737115,7.289405377705104e-07,0.0011111110970153082,0.0014285714359499686,"[1.700281, 0.307692, 0.769231, 0.615385, 1.230769, 1.692308]","[0.015419, 0.0, 0.5, 0.0, 0.0, 0.484581]","[0.0, 0.0, 0.0, 0.0, -0.0, 0.0]","moving_00466: score=0.840, d=4.3, reason=OK | moving_00465: score=0.693, d=224.7, reason=OK | moving_00459: score=0.587, d=1327.9, reason=ERR_DIST"
fixed,fixed_00473,473,Structure 3,matched_anchor,False,,29.697995666666667,11912.414304333333,723.3091646793833,107.69743729662524,0.7836517241720196,1.0690279079337377,-136.91082066738403,7.289405377705465e-07,0.0011111110970153082,0.001428571435950039,"[1.20336, 0.39832, 1.460506, 0.265547, 0.79664, 1.327733]","[0.018816, 0.0, 0.5, 0.0, 0.0, 0.481184]","[0.0, 0.0, -0.0, -0.0, 0.0, -0.0]","moving_00466: score=0.730, d=77.7, reason=OK | moving_00465: score=0.677, d=298.3, reason=ERR_NOT_MUTUAL | moving_00460: score=0.594, d=1144.0, reason=ERR_DIST"
fixed,fixed_00474,474,Structure 3,matched_review,False,,29.697995666666667,12022.772276666665,723.3091646793833,107.69743729662524,0.7836517241720196,1.0690279079337377,136.910820667368,7.289405377705465e-07,0.0011111110970153082,0.001428571435950039,"[0.864805, 1.135195, 1.418994, 0.709497, 0.425698, 1.277095]","[0.028062, 0.0, 0.5, 0.0, 0.0, 0.471938]","[0.0, -0.0, 0.0, -0.0, 0.0, 0.0]","moving_00465: score=0.647, d=408.6, reason=ERR_NOT_MUTUAL | moving_00466: score=0.614, d=188.0, reason=ERR_NOT_MUTUAL | moving_00460: score=0.594, d=1254.4, reason=ERR_DIST"
fixed,fixed_00475,475,Structure 3,matched_anchor,False,,69.023247,12243.488221333333,723.3091830723788,107.69743875720783,0.78365172284384,1.0690279351179992,136.9108206673621,7.289405563067419e-07,0.0011111111252697012,0.001428571435950039,"[1.195859, 0.546306, 0.299224, 0.804141, 1.195859, 1.45824]","[0.022747, 0.036561, 0.393812, 0.009246, 0.003397, 0.534235]","[-0.0, -0.0, -0.0, -0.0, -0.0, -0.0]","moving_00113: score=0.732, d=38.3, reason=OK | moving_00114: score=0.678, d=79.1, reason=OK | moving_00465: score=0.578, d=630.5, reason=ERR_NOT_MUTUAL"
fixed,fixed_00476,476,Structure 3,no_counterpart,False,,27293.230835572565,15381.441441867863,20168029.589301158,36483.53640059952,0.1904054946410754,1.2144739034397225,-176.75522191152757,0.020325049166374145,0.18555555554667116,0.20999999999728167,"[1.242707, 0.582668, 0.808741, 1.577518, 0.922389, 1.077611]","[0.03603, 0.267697, 0.055894, 0.052688, 0.025577, 0.562114]","[-4.178988, -10.235772, -6.572211, -5.166868, -6.001666, -6.939936]","moving_00294: score=0.263, d=2309.2, reason=ERR_DIST;ERR_AREA | moving_00299: score=0.260, d=4235.7, reason=ERR_DIST;ERR_AREA | moving_00267: score=0.257, d=1206.3, reason=ERR_DIST;ERR_AREA"
fixed,fixed_00477,477,Structure 3,no_counterpart,False,,17661.159298069888,13534.985182627292,1558731.2613011668,6297.635348008691,0.4938852879353051,1.2388117184365546,114.23332085443862,0.0015708668704015121,0.04111111112639991,0.06999999997320414,"[0.961254, 1.038746, 1.359963, 1.199433, 0.535376, 0.720567]","[0.004436, 0.175189, 0.022139, 0.065095, 0.426218, 0.306924]","[6.066121, -0.905904, -1.64246, -2.002223, -0.515477, -0.754874]","moving_00447: score=0.421, d=4979.7, reason=ERR_DIST | moving_00118: score=0.346, d=5040.3, reason=ERR_DIST | moving_00260: score=0.313, d=3842.3, reason=ERR_DIST"
fixed,fixed_00478,478,Structure 3,no_counterpart,False,,13123.289844042147,13879.582176366615,2102659.7574920626,6272.485288399959,0.6715827989179545,1.2776594729818822,121.66408067976137,0.0021190301591908454,0.04555555557096992,0.07999999998601952,"[1.108995, 0.770003, 1.116148, 1.038314, 0.958944, 0.961686]","[0.002027, 0.060267, 0.006465, 0.012799, 0.16531, 0.753133]","[-0.883967, -1.47509, -3.146563, -0.011765, -7.974877, -5.141664]","moving_00272: score=0.283, d=4548.5, reason=ERR_DIST;ERR_AREA | moving_00508: score=0.269, d=5300.0, reason=ERR_DIST;ERR_AREA | moving_00284: score=0.269, d=3868.8, reason=ERR_DIST;ERR_AREA"
fixed,fixed_00479,479,Structure 3,no_counterpart,False,,33780.816832887045,15229.992396181971,13020288.37195363,15883.794541519344,0.6485178668164029,1.392976176875319,90.0,0.013121658719735006,0.10222222222511049,0.19571428571545077,"[0.264853, 1.003241, 0.242234, 1.009318, 1.00289, 0.99711]","[0.004435, 0.595782, 0.358874, 0.007162, 0.01088, 0.022867]","[-2.051018, -8.69957, -7.400287, -9.798183, -9.798183, -9.798183]","moving_00278: score=0.240, d=1634.5, reason=ERR_DIST;ERR_AREA | moving_00119: score=0.238, d=706.1, reason=ERR_AREA | moving_00474: score=0.232, d=1661.8, reason=ERR_DIST;ERR_AREA"
fixed,fixed_00480,480,Structure 3,no_counterpart,False,,9356.679006273858,13764.520013002684,2078067.2460195154,6049.578360245818,0.713541518300116,1.1387471401514029,154.93382029871896,0.002094246181034184,0.05444444446010989,0.06571428570418876,"[0.992866, 1.007134, 1.804219, 0.193194, 1.092786, 0.244215]","[0.119601, 0.093839, 0.082093, 0.280375, 0.184799, 0.239294]","[-1.463325, -0.872202, -1.68835, -3.134798, -1.07047, -7.963112]","moving_00105: score=0.274, d=4220.4, reason=ERR_DIST;ERR_AREA | moving_00507: score=0.268, d=3405.1, reason=ERR_DIST | moving_00256: score=0.252, d=2058.5, reason=ERR_DIST;ERR_AREA"
fixed,fixed_00481,481,Structure 3,no_counterpart,False,,20327.935241501837,13737.216954385613,630002.2872624402,3002.6479291960254,0.8780983576835464,1.0167709323054017,-43.0891788598366,0.0006349072132624219,0.025555555542150395,0.03571428570457705,"[0.963453, 1.294939, 1.116151, 0.08848, 0.989419, 1.010581]","[0.201434, 0.073024, 0.052731, 0.287278, 0.06254, 0.322992]","[-0.557036, 0.390427, 0.905904, 6.972025, -0.281958, -0.361113]","moving_00473: score=0.423, d=1232.6, reason=ERR_DIST | moving_00449: score=0.369, d=4874.7, reason=ERR_DIST | moving_00264: score=0.369, d=322.6, reason=OK"
fixed,fixed_00482,482,Structure 3,no_counterpart,False,,29872.98864606606,13630.180811171986,261114.61030020495,1911.658781759165,0.8978841070811079,1.0022136806893431,-136.9108212752312,0.0002631475360005255,0.016666666653010375,0.022857142858696257,"[0.988676, 1.075253, 1.151053, 0.945659, 0.972459, 1.011324]","[0.076014, 0.059426, 0.418106, 0.081735, 0.016351, 0.348368]","[0.167906, -5.888878, 4.346895, -2.944439, 2.893291, -1.494429]","moving_00518: score=0.435, d=4178.3, reason=ERR_DIST | moving_00248: score=0.397, d=3901.2, reason=ERR_DIST | moving_00267: score=0.392, d=2679.5, reason=ERR_DIST"
fixed,fixed_00483,483,Structure 3,no_counterpart,False,,17450.06889582536,14897.145851036914,930898.9020446285,5650.965625685153,0.3663254156320702,2.1825986849099173,175.41585113664578,0.0009381464792682507,0.05444444443185549,0.03428571426862701,"[0.902782, 0.706398, 1.168302, 0.511393, 1.097218, 1.151147]","[0.023347, 0.569146, 0.042428, 0.156444, 0.008109, 0.200525]","[-1.126983, -1.486746, -0.239398, 0.515477, 6.581598, -0.390427]","moving_00260: score=0.369, d=4194.6, reason=ERR_DIST | moving_00473: score=0.365, d=4090.3, reason=ERR_DIST | moving_00118: score=0.348, d=4345.6, reason=ERR_DIST"
fixed,fixed_00484,484,Structure 3,matched_anchor,False,,35383.099093000004,14450.647670000002,723.3091634097896,107.69743739093911,0.7836517214239743,1.0690279641788092,-43.089177641174494,7.289405364910682e-07,0.001111111125269768,0.0014285713971153664,"[0.545455, 1.727273, 1.272727, 1.287484, 0.727273, 0.181818]","[0.0, 0.0, 0.47588, 0.02412, 0.0, 0.5]","[0.0, 1.098612, 0.0, 0.0, 0.0, 0.0]","moving_00477: score=0.783, d=42.1, reason=OK | moving_00276: score=0.638, d=252.4, reason=ERR_NOT_MUTUAL | moving_00476: score=0.628, d=152.2, reason=ERR_NOT_MUTUAL"
fixed,fixed_00485,485,Structure 3,no_counterpart,False,,10537.227789064795,14938.813441225897,481000.59819911845,2641.8149822308505,0.8660653887113049,1.075743646547309,46.91082108098106,0.0004847454613334499,0.022222222222850103,0.032857142871511716,"[1.788103, 0.709197, 1.027663, 0.959267, 0.972337, 1.609934]","[0.006005, 0.165203, 0.027875, 0.038921, 0.274631, 0.487366]","[-0.225025, 0.591123, -1.671473, 1.463325, -6.499787, 1.47509]","moving_00512: score=0.365, d=3834.8, reason=ERR_DIST | moving_00118: score=0.321, d=2873.8, reason=ERR_DIST | moving_00285: score=0.297, d=3434.9, reason=ERR_DIST"
fixed,fixed_00486,486,Structure 3,matched_anchor,False,,35383.099093000004,14561.005642333335,723.3091830724222,107.6974387572113,0.7836517228438364,1.0690279351180636,43.08917933502546,7.289405563067857e-07,0.001111111125269768,0.001428571435950039,"[1.238095, 0.761905, 1.915615, 0.761905, 0.571429, 1.333333]","[0.0, 0.48305, 0.01695, 0.0, 0.0, 0.5]","[1.098612, -0.0, -0.0, 0.0, -0.0, 0.0]","moving_00479: score=0.748, d=105.3, reason=OK | moving_00276: score=0.654, d=142.0, reason=OK | moving_00477: score=0.632, d=152.3, reason=ERR_NOT_MUTUAL"
fixed,fixed_00487,487,Structure 3,matched_anchor,False,,35383.099093,14708.149605666666,723.3091830723865,107.69743875720881,0.783651722843834,1.0690279351181164,136.9108208525244,7.289405563067497e-07,0.001111111125269768,0.0014285714359499686,"[0.357143, 1.0, 1.285714, 1.142857, 1.0, 0.571429]","[0.0, 0.0, 0.5, 0.0, 0.0, 0.5]","[1.098612, 0.0, -0.0, 0.0, -0.0, 0.0]","moving_00276: score=0.910, d=6.7, reason=OK | moving_00479: score=0.794, d=42.2, reason=OK | moving_00278: score=0.647, d=178.7, reason=OK"
fixed,fixed_00488,488,Structure 3,no_counterpart,False,,9418.451715450487,15452.45077768569,868694.3134737636,4921.333672958335,0.45072455547097356,1.32770604259458,-122.98569427449137,0.0008754575926083659,0.03444444445954482,0.06285714287112336,"[1.051973, 0.881526, 1.958116, 0.948027, 1.107744, 0.690957]","[0.293117, 0.006766, 0.022744, 0.025706, 0.161616, 0.490052]","[-0.816148, -2.262596, -0.198268, 0.872202, -7.09091, -0.591123]","moving_00118: score=0.396, d=3843.8, reason=ERR_DIST | moving_00513: score=0.254, d=4096.4, reason=ERR_DIST;ERR_AREA | moving_00111: score=0.248, d=2509.3, reason=ERR_DIST;ERR_AREA"
fixed,fixed_00489,489,Structure 3,matched_anchor,False,,35383.099093000004,14800.1145825,2169.927529554634,181.2694193909404,0.8298622444584692,1.8708584753632738,90.0,2.1868216491046395e-06,0.001111111125269768,0.0028571428330654057,"[0.692308, 1.0, 1.461538, 0.384615, 1.0, 1.461538]","[0.0, 0.0, 0.5, 0.0, 0.0, 0.5]","[-1.098612, -1.098612, -1.098612, -1.098612, -1.098612, -1.098612]","moving_00277: score=0.833, d=6.7, reason=OK | moving_00276: score=0.560, d=97.2, reason=ERR_NOT_MUTUAL | moving_00475: score=0.533, d=593.6, reason=OK"
fixed,fixed_00490,490,Structure 3,no_counterpart,False,,33488.63489407129,14972.061221507603,7956.400922465876,345.35483670214313,0.8382922241062534,1.0690279169951682,-43.08917928249109,8.018346027332811e-06,0.0033333333193002936,0.004285714307850047,"[1.000311, 1.004062, 0.409408, 0.205662, 1.003792, 0.999689]","[0.00923, 0.047813, 0.05242, 0.870491, 0.013867, 0.006178]","[-2.397895, -2.397895, 5.34927, 7.400287, -1.299283, -2.397895]","moving_00119: score=0.332, d=1085.2, reason=ERR_DIST | moving_00281: score=0.260, d=1890.3, reason=ERR_DIST;ERR_AREA | moving_00477: score=0.248, d=1972.4, reason=ERR_DIST;ERR_AREA"
fixed,fixed_00491,491,Structure 3,matched_anchor,False,,35383.099093000004,14965.651541333335,723.3091830724222,107.6974387572113,0.7836517228438364,1.0690279351180636,43.089179335034416,7.289405563067857e-07,0.001111111125269768,0.001428571435950039,"[0.333333, 0.833333, 2.083333, 1.166667, 0.75, 1.833333]","[0.0, 0.0, 0.5, 0.0, 0.0, 0.5]","[-0.0, 0.0, 1.098612, -0.0, 1.098612, 0.0]","moving_00281: score=0.821, d=6.8, reason=OK | moving_00278: score=0.713, d=78.9, reason=OK | moving_00276: score=0.646, d=262.7, reason=OK"
fixed,fixed_00492,492,Structure 3,matched_anchor,False,,35383.099093000004,15039.223523000002,723.3091634097896,107.69743739093911,0.7836517214239743,1.0690279641788092,-43.08917764118931,7.289405364910682e-07,0.001111111125269768,0.0014285713971153664,"[0.387097, 1.354839, 1.677419, 1.16129, 0.83871, 0.258065]","[0.0, 0.0, 0.5, 0.0, 0.0, 0.5]","[0.0, 1.098612, 0.0, 0.0, 1.098612, 0.0]","moving_00281: score=0.729, d=79.0, reason=OK | moving_00278: score=0.661, d=152.5, reason=OK | moving_00276: score=0.618, d=336.3, reason=ERR_NOT_MUTUAL"
fixed,fixed_00493,493,Structure 3,matched_review,False,,35383.099093000004,15149.581495333332,723.3091830724222,107.6974387572113,0.7836517228438364,1.0690279351180636,43.089179335025555,7.289405563067857e-07,0.001111111125269768,0.001428571435950039,"[0.882353, 1.176471, 1.411765, 0.352941, 1.117647, 0.588235]","[0.0, 0.5, 0.0, 0.0, 0.0, 0.5]","[1.098612, -0.0, -0.0, -0.0, 1.098612, 0.0]","moving_00281: score=0.606, d=189.3, reason=ERR_NOT_MUTUAL | moving_00479: score=0.582, d=483.4, reason=ERR_NOT_MUTUAL | moving_00278: score=0.570, d=262.8, reason=ERR_NOT_MUTUAL"
fixed,fixed_00494,494,Structure 3,matched_review,False,,35383.099093000004,15425.476426500001,2169.927529554598,181.2694193909379,0.8298622444584784,1.8708584753632276,90.0,2.186821649104603e-06,0.001111111125269768,0.002857142833065335,"[1.066667, 0.222222, 0.666667, 0.933333, 1.111111, 1.511111]","[0.0, 0.5, 0.0, 0.0, 0.0, 0.5]","[0.0, -1.098612, -1.098612, -1.098612, -1.098612, 0.0]","moving_00277: score=0.586, d=630.6, reason=OK | moving_00489: score=0.482, d=619.7, reason=OK | moving_00479: score=0.342, d=759.3, reason=OK"
fixed,fixed_00495,495,Structure 3,matched_review,False,,35383.099093,15517.441403333336,723.3091830723865,107.6974387572088,0.7836517228438342,1.0690279351181164,136.91082082992116,7.289405563067497e-07,0.001111111125269768,0.0014285714359499686,"[0.826087, 1.695652, 1.304348, 1.130435, 0.869565, 0.217391]","[0.5, 0.0, 0.0, 0.0, 0.0, 0.5]","[1.098612, 1.098612, 0.0, -0.0, 0.0, 1.098612]","moving_00278: score=0.588, d=630.6, reason=ERR_NOT_MUTUAL | moving_00281: score=0.509, d=557.1, reason=OK | moving_00490: score=0.495, d=987.4, reason=ERR_DIST"
fixed,fixed_00496,496,Structure 3,no_counterpart,False,,20507.790758767922,16038.748285201682,360931.27598743915,2387.216127976953,0.7958860655744513,1.286215229291035,72.2185190009846,0.0003637413311818259,0.01777777777828004,0.03142857143556168,"[0.710883, 1.006187, 0.778828, 0.993813, 1.264148, 1.374712]","[0.118632, 0.058524, 0.102017, 0.035306, 0.274221, 0.4113]","[0.356875, 0.195923, -0.823534, -0.17952, -0.539283, 0.557036]","moving_00298: score=0.466, d=4090.8, reason=ERR_DIST | moving_00284: score=0.452, d=4036.2, reason=ERR_DIST | moving_00302: score=0.450, d=4265.5, reason=ERR_DIST"
fixed,fixed_00497,497,Structure 3,no_counterpart,False,,24229.12410072472,16127.933288181304,436155.42959260405,3787.4862190519693,0.3820753544430518,1.0690279274109191,54.52308701179803,0.00043955114759219725,0.03000000001497486,0.03857142857647706,"[1.494325, 0.585955, 1.015418, 1.522698, 0.871609, 0.984582]","[0.142722, 0.079387, 0.013881, 0.626384, 0.050589, 0.087038]","[-2.738356, -1.333013, 0.561273, -0.438338, -3.10608, -2.167811]","moving_00294: score=0.445, d=3986.6, reason=ERR_DIST | moving_00300: score=0.427, d=3350.3, reason=ERR_DIST | moving_00279: score=0.424, d=1982.9, reason=ERR_DIST"
fixed,fixed_00498,498,Structure 3,matched_review,False,,35383.099093,15866.90831622222,2169.9275492171955,181.26942075720896,0.8298622394684573,1.8708585007921896,90.0,2.1868216689202854e-06,0.001111111125269768,0.002857142871900008,"[0.818182, 1.30303, 0.575758, 1.363636, 1.181818, 0.727273]","[0.0, 0.5, 0.0, 0.0, 0.0, 0.5]","[-1.098612, -1.098612, -1.098612, -1.098612, -1.098612, -0.0]","moving_00487: score=0.623, d=13.4, reason=OK | moving_00489: score=0.599, d=178.3, reason=OK | moving_00277: score=0.567, d=1072.0, reason=ERR_DIST"
fixed,fixed_00499,499,Structure 3,no_counterpart,False,,18440.897843730043,16523.072633095773,210482.96858461841,2039.9128554131375,0.63562884087796,1.2115649852225798,133.08917878113053,0.00021212169816709365,0.018888888903549807,0.021428571422746286,"[0.312429, 0.818492, 1.130017, 1.034633, 0.965367, 1.076319]","[0.003918, 0.021192, 0.111134, 0.461686, 0.300472, 0.101598]","[0.359763, -0.284252, 0.735206, 2.104469, 1.486746, 0.539283]","moving_00275: score=0.458, d=1783.3, reason=ERR_DIST | moving_00284: score=0.456, d=2089.4, reason=ERR_DIST | moving_00298: score=0.420, d=2312.7, reason=ERR_DIST"
fixed,fixed_00500,500,Structure 3,matched_review,False,,35383.099093000004,16363.519192000002,723.3091634097896,107.69743739093911,0.7836517214239743,1.0690279641788092,-43.08917764118543,7.289405364910682e-07,0.001111111125269768,0.0014285713971153664,"[0.426667, 0.906667, 1.093333, 1.226667, 0.72, 1.226667]","[0.0, 0.0, 0.0, 0.5, 0.0, 0.5]","[0.0, 0.0, 1.098612, 0.0, 1.098612, 0.0]","moving_00490: score=0.689, d=141.3, reason=OK | moving_00291: score=0.559, d=509.0, reason=ERR_NOT_MUTUAL | moving_00487: score=0.507, d=483.9, reason=OK"
fixed,fixed_00501,501,Structure 3,no_counterpart,False,,19006.48947289009,16767.679903943157,301619.9239443281,2166.5001837072446,0.8075184052852205,1.110822244201032,-136.91082114007318,0.0003039682065410399,0.01777777777828004,0.02714285716654623,"[1.349844, 0.60658, 0.98609, 1.033805, 0.374372, 1.01391]","[0.054657, 0.028274, 0.145726, 0.319665, 0.363095, 0.088583]","[0.536395, -0.644014, 0.375443, 1.744706, -0.359763, 0.17952]","moving_00284: score=0.475, d=2704.9, reason=ERR_DIST | moving_00298: score=0.462, d=2473.9, reason=ERR_DIST | moving_00275: score=0.444, d=2136.9, reason=ERR_DIST"
fixed,fixed_00502,502,Structure 3,no_counterpart,False,,21216.209414144316,16999.612432660393,515719.4383799317,4215.3884333654305,0.36471041534613835,1.6246929222969373,-111.2429670628764,0.0005197346074247894,0.02111111109758044,0.04714285715334248,"[1.04305, 0.828373, 1.886168, 0.95695, 1.604593, 0.862132]","[0.149262, 0.012682, 0.07089, 0.040825, 0.132244, 0.594098]","[-0.348891, -0.160953, 1.208311, -1.18041, -0.536395, -0.356875]","moving_00300: score=0.443, d=2978.9, reason=ERR_DIST | moving_00302: score=0.432, d=3828.1, reason=ERR_DIST | moving_00303: score=0.374, d=3857.1, reason=ERR_DIST"
fixed,fixed_00503,503,Structure 3,no_counterpart,False,,31114.46325495589,17471.8426335465,2598849.8483298924,6466.799288270481,0.7809303268699894,1.0690279273380348,-59.75327598357041,0.002619083371999326,0.055555555557125255,0.0714285714091541,"[1.138956, 0.954269, 1.045731, 0.651341, 1.116786, 0.752678]","[0.003374, 0.014494, 0.013665, 0.004605, 0.317402, 0.64646]","[-3.156305, -3.842937, -5.989518, -3.720835, -2.548388, -2.129959]","moving_00518: score=0.472, d=146.7, reason=ERR_AREA | moving_00480: score=0.364, d=4182.4, reason=ERR_DIST | moving_00119: score=0.280, d=3453.9, reason=ERR_DIST;ERR_AREA"
fixed,fixed_00504,504,Structure 3,matched_review,False,,35383.099093000004,16657.807118666668,723.3091830724222,107.6974387572113,0.7836517228438364,1.0690279351180636,-43.08917914745387,7.289405563067857e-07,0.001111111125269768,0.001428571435950039,"[0.654545, 0.909091, 1.090909, 1.236364, 1.563636, 0.581818]","[0.0, 0.0, 0.0, 0.5, 0.0, 0.5]","[0.0, 1.098612, 0.0, -0.0, 1.098612, -0.0]","moving_00490: score=0.682, d=153.1, reason=OK | moving_00291: score=0.655, d=214.7, reason=OK | moving_00292: score=0.560, d=288.3, reason=OK"
fixed,fixed_00505,505,Structure 3,no_counterpart,False,,24589.368703440086,16855.175141554933,115006.15790764499,1395.1915689041189,0.7424432661064189,1.5441514530424252,169.4032694874796,0.00011590154623477375,0.014444444458979747,0.012857142845880866,"[1.001885, 0.530444, 0.541528, 1.052366, 0.998115, 1.125575]","[0.01901, 0.339408, 0.135351, 0.044448, 0.116148, 0.345636]","[0.894675, 1.894286, 1.333013, -1.773067, -0.834798, -1.405343]","moving_00315: score=0.314, d=5283.4, reason=ERR_DIST | moving_00267: score=0.308, d=3775.6, reason=ERR_DIST | moving_00279: score=0.271, d=2110.2, reason=ERR_DIST"
fixed,fixed_00506,506,Structure 3,matched_anchor,False,,35383.099093000004,16988.88103566667,723.3091830724222,107.6974387572113,0.7836517228438364,1.0690279351180636,43.08917935762705,7.289405563067857e-07,0.001111111125269768,0.001428571435950039,"[0.411765, 0.705882, 1.941176, 1.647059, 0.941176, 1.058824]","[0.0, 0.0, 0.0, 0.0, 0.5, 0.5]","[1.098612, 0.0, 1.098612, -0.0, -0.0, 0.0]","moving_00292: score=0.820, d=43.0, reason=OK | moving_00293: score=0.698, d=104.3, reason=OK | moving_00291: score=0.676, d=116.5, reason=OK"
fixed,fixed_00507,507,Structure 3,no_counterpart,False,,19906.3979640115,17200.162521783015,158404.708302776,1549.119944849052,0.8294837055247589,1.1581135880327988,136.91082071750716,0.0001596379790193792,0.014444444458979747,0.01714285715373084,"[0.504568, 1.159693, 1.226267, 0.758415, 0.99347, 1.00653]","[0.201572, 0.224948, 0.002418, 0.254743, 0.149776, 0.166544]","[1.019457, 2.388721, 0.284252, 0.644014, 0.823534, 1.18041]","moving_00284: score=0.398, d=3700.7, reason=ERR_DIST | moving_00275: score=0.362, d=2923.6, reason=ERR_DIST | moving_00264: score=0.360, d=3458.1, reason=ERR_DIST"
fixed,fixed_00508,508,Structure 3,no_counterpart,False,,24174.459899747966,17533.275417287794,764537.7927613409,4867.833227234717,0.40545012700421273,1.5441514504809215,-167.68733494047197,0.0007704901541630409,0.04333333334868484,0.03857142857647699,"[0.389054, 0.761568, 1.280908, 0.430473, 1.238432, 1.24034]","[0.45885, 0.064415, 0.01679, 0.012545, 0.080809, 0.366592]","[-0.999611, -0.561273, -3.667353, -1.894286, -2.729083, -3.299628]","moving_00299: score=0.431, d=2346.5, reason=ERR_DIST | moving_00300: score=0.403, d=2048.0, reason=ERR_DIST | moving_00260: score=0.382, d=4605.5, reason=ERR_DIST"
fixed,fixed_00509,509,Structure 3,no_counterpart,False,,35383.099093000004,17117.632003500003,2169.927529554634,181.2694193909404,0.8298622444584692,1.8708584753632738,-90.0,2.1868216491046395e-06,0.001111111125269768,0.0028571428330654057,"[0.333333, 1.733333, 1.4, 0.6, 0.466667, 1.666667]","[0.0, 0.0, 0.0, 0.5, 0.0, 0.5]","[-1.098612, 0.0, -1.098612, -1.098612, -1.098612, -1.098612]","moving_00293: score=0.530, d=24.9, reason=OK | moving_00489: score=0.439, d=1072.5, reason=ERR_DIST | moving_00291: score=0.408, d=245.2, reason=OK"
fixed,fixed_00510,510,Structure 3,matched_review,False,,35383.099093000004,17209.596980666665,723.3091830724222,107.6974387572113,0.7836517228438364,1.0690279351180636,43.08917935762486,7.289405563067857e-07,0.001111111125269768,0.001428571435950039,"[1.857143, 1.5, 1.142857, 0.285714, 0.857143, 0.357143]","[0.0, 0.0, 0.0, 0.5, 0.0, 0.5]","[0.0, 1.098612, -0.0, -0.0, 0.0, 1.098612]","moving_00293: score=0.640, d=116.5, reason=OK | moving_00291: score=0.596, d=337.1, reason=OK | moving_00292: score=0.568, d=263.6, reason=OK"
fixed,fixed_00511,511,Structure 3,matched_review,False,,35383.099093,17283.168962333333,723.3091830723507,107.69743875720631,0.7836517228438317,1.0690279351181693,136.91082082992574,7.289405563067136e-07,0.001111111125269768,0.001428571435949898,"[1.214286, 1.571429, 0.857143, 1.142857, 0.642857, 0.285714]","[0.0, 0.0, 0.5, 0.0, 0.0, 0.5]","[1.098612, 0.0, 0.0, 0.0, 1.098612, 0.0]","moving_00490: score=0.583, d=778.4, reason=OK | moving_00293: score=0.575, d=190.1, reason=OK | moving_00292: score=0.541, d=337.1, reason=OK"
fixed,fixed_00512,512,Structure 3,no_counterpart,False,,20322.16483366281,17718.207240753225,439048.6661790192,3053.9573895746294,0.591556975225146,1.3511755940214554,90.0,0.0004424669096704141,0.020000000000565073,0.03714285714052709,"[0.898778, 1.101222, 1.214942, 0.49721, 1.264772, 0.858586]","[0.311756, 0.184761, 0.042788, 0.125157, 0.124728, 0.210809]","[-0.187939, 1.369264, -0.375443, -1.019457, -0.195923, 0.160953]","moving_00300: score=0.447, d=3210.1, reason=ERR_DIST | moving_00298: score=0.431, d=3179.9, reason=ERR_DIST | moving_00302: score=0.428, d=2710.9, reason=ERR_DIST"
fixed,fixed_00513,513,Structure 3,no_counterpart,False,,19056.731633049385,18468.59250750918,1726538.9889198332,10568.887515544997,0.19423509513290554,1.3683557469926833,-150.3431718917975,0.0017399810765883297,0.07111111111312027,0.0714285714091541,"[1.090587, 0.909413, 0.815918, 1.395794, 0.786246, 1.188176]","[0.044091, 0.098634, 0.060995, 0.009883, 0.08332, 0.703077]","[-2.104469, -1.744706, -2.388721, -1.208311, -1.369264, -1.557202]","moving_00303: score=0.409, d=2169.7, reason=ERR_DIST | moving_00510: score=0.295, d=2540.1, reason=ERR_DIST;ERR_AREA | moving_00302: score=0.260, d=1487.3, reason=ERR_DIST;ERR_AREA"
fixed,fixed_00514,514,Structure 3,matched_review,False,,35383.099093,17503.884907333333,723.3091830723507,107.69743875720631,0.7836517228438317,1.0690279351181693,136.91082082992557,7.289405563067136e-07,0.001111111125269768,0.001428571435949898,"[0.384615, 0.769231, 1.538462, 1.076923, 0.923077, 1.230769]","[0.0, 0.0, 0.0, 0.5, 0.0, 0.5]","[1.098612, 0.0, 1.609438, 0.0, 0.0, 0.0]","moving_00291: score=0.560, d=631.4, reason=ERR_NOT_MUTUAL | moving_00490: score=0.514, d=999.1, reason=ERR_DIST | moving_00292: score=0.490, d=557.9, reason=OK"
fixed,fixed_00515,515,Structure 3,no_counterpart,False,,35383.099093000004,17595.849884222225,2169.9275492172665,181.26942075721257,0.8298622394684513,1.8708585007922358,90.0,2.1868216689203566e-06,0.001111111125269768,0.002857142871900078,"[0.416667, 1.25, 0.75, 0.416667, 1.416667, 1.75]","[0.0, 0.0, 0.5, 0.0, 0.0, 0.5]","[-1.098612, 0.510826, -1.098612, -1.098612, -1.098612, -1.098612]","moving_00489: score=0.470, d=1550.7, reason=ERR_DIST | moving_00490: score=0.348, d=1091.1, reason=ERR_DIST | moving_00292: score=0.279, d=649.8, reason=OK"
fixed,fixed_00516,516,Structure 3,no_counterpart,False,,35383.099093000004,17687.814861333332,723.3091830724222,107.6974387572113,0.7836517228438364,1.0690279351180636,-136.91082066499774,7.289405563067857e-07,0.001111111125269768,0.001428571435950039,"[1.0, 1.8, 0.4, 1.0, 2.2, 0.5]","[0.0, 0.0, 0.5, 0.0, 0.0, 0.5]","[1.609438, 0.0, -0.0, -0.0, -0.0, 1.098612]","moving_00490: score=0.563, d=1183.0, reason=ERR_DIST | moving_00281: score=0.474, d=2727.5, reason=ERR_DIST | moving_00278: score=0.474, d=2801.0, reason=ERR_DIST"
fixed,fixed_00517,517,Structure 3,no_counterpart,False,,35383.099093,17761.386842666667,723.3091830723507,107.69743875720633,0.7836517228438314,1.0690279351181693,43.08917935762767,7.289405563067136e-07,0.001111111125269768,0.001428571435949898,"[0.521739, 1.217391, 2.26087, 1.217391, 0.782609, 0.347826]","[0.0, 0.5, 0.0, 0.0, 0.0, 0.5]","[1.609438, 0.0, 0.0, 0.0, 1.098612, 0.0]","moving_00291: score=0.522, d=888.9, reason=ERR_DIST | moving_00490: score=0.492, d=1256.6, reason=ERR_DIST | moving_00281: score=0.486, d=2801.0, reason=ERR_DIST"
fixed,fixed_00518,518,Structure 3,no_counterpart,False,,35383.099093000004,17871.744815,3616.545895699407,254.84140139093944,0.6997837859603672,2.806287725759392,90.0,3.644702761718139e-06,0.001111111125269768,0.004285714269015445,"[0.64, 1.76, 0.48, 1.6, 1.2, 0.8]","[0.0, 0.5, 0.0, 0.0, 0.0, 0.5]","[-1.609438, -1.609438, -1.609438, -1.609438, -0.510826, -1.609438]","moving_00489: score=0.329, d=1826.6, reason=ERR_DIST | moving_00291: score=0.239, d=999.2, reason=ERR_DIST;ERR_AREA | moving_00487: score=0.237, d=1992.1, reason=ERR_DIST;ERR_AREA"
fixed,fixed_00519,519,Structure 3,no_counterpart,False,,23963.89861040174,18220.203029000826,281367.267313659,2108.1637661995064,0.7955633124146488,1.354102037934691,136.9108213091369,0.0002835578714636653,0.02111111109758044,0.02142857146158082,"[1.121658, 0.878342, 0.299224, 0.625332, 1.239326, 1.175313]","[0.28322, 0.02727, 0.021045, 0.019072, 0.062984, 0.586409]","[0.257011, 0.438338, 0.999611, -0.894675, -1.729473, -2.300018]","moving_00315: score=0.412, d=3909.3, reason=ERR_DIST | moving_00314: score=0.386, d=4113.3, reason=ERR_DIST | moving_00294: score=0.379, d=4018.2, reason=ERR_DIST"
fixed,fixed_00520,520,Structure 3,no_counterpart,False,,21279.842972503557,18442.50664364023,363824.51255165215,2388.9220186027796,0.8011205523652888,1.496686809918489,-61.8748739539521,0.0003666570932376678,0.016666666681264777,0.03428571426862715,"[1.091112, 0.589283, 0.908888, 1.239048, 0.708818, 1.321764]","[0.104924, 0.013973, 0.083508, 0.042447, 0.243863, 0.511284]","[1.557202, 0.187939, -0.831518, -0.007984, 0.348891, -0.257011]","moving_00298: score=0.439, d=4040.5, reason=ERR_DIST | moving_00302: score=0.433, d=2935.8, reason=ERR_DIST | moving_00314: score=0.423, d=3932.7, reason=ERR_DIST"
fixed,fixed_00521,521,Structure 3,no_counterpart,False,,30679.852213516435,20586.19976380388,12894432.575798543,14134.757840658445,0.8110270785795305,1.159932279136218,111.36085452051732,0.01299482306465037,0.11111111111425051,0.17714285712576988,"[0.761217, 0.305218, 3.249665, 0.945953, 1.649762, 1.054047]","[0.044902, 0.072473, 0.042669, 0.035484, 0.112693, 0.691779]","[-4.150115, -1.504218, -5.322561, -7.591245, -5.444664, -4.758032]","moving_00336: score=0.249, d=4134.8, reason=ERR_DIST;ERR_AREA | moving_00518: score=0.244, d=3037.4, reason=ERR_DIST;ERR_AREA | moving_00145: score=0.241, d=3638.8, reason=ERR_DIST;ERR_AREA"
fixed,fixed_00522,522,Structure 3,no_counterpart,False,,27377.10292248206,19568.994340792808,2574257.335822244,6556.334475351519,0.7525573825716367,1.0548457587334874,-77.93154718544032,0.0025942993927995043,0.05222222220957046,0.07571428571700423,"[0.96804, 1.025338, 1.050823, 0.974662, 0.064605, 1.04506]","[0.004711, 0.004992, 0.645347, 0.018447, 0.268855, 0.057648]","[-2.53888, 0.107017, 1.611235, -4.513673, -1.099737, -3.711327]","moving_00313: score=0.333, d=2725.0, reason=ERR_DIST | moving_00317: score=0.277, d=3441.2, reason=ERR_DIST | moving_00326: score=0.255, d=3861.4, reason=ERR_DIST;ERR_AREA"
fixed,fixed_00523,523,Structure 3,no_counterpart,False,,2115.83735827533,21147.689422381925,1061094.5526065147,4658.041119366365,0.6145501273539168,1.3578811792551286,-114.92875769951966,0.0010693557769937058,0.034444444459544844,0.06428571426823872,"[0.524807, 0.960652, 1.002123, 1.000294, 0.999706, 1.000719]","[0.070341, 0.00221, 0.005597, 0.005611, 0.007011, 0.90923]","[-1.070385, -2.511851, -7.290975, -7.290975, -7.290975, -6.192362]","moving_00493: score=0.422, d=1368.2, reason=ERR_DIST | moving_00494: score=0.337, d=4068.0, reason=ERR_DIST | moving_00492: score=0.303, d=3723.6, reason=ERR_DIST;ERR_AREA"
fixed,fixed_00524,524,Structure 3,no_counterpart,False,,118.15227272259204,21314.58382097885,86073.79104840074,2524.203051214983,0.16975877037309092,4.864232150846469,90.0,8.674392444976476e-05,0.005555555541585327,0.03714285714052709,"[1.229556, 0.390858, 0.557981, 0.818076, 1.181924, 1.714341]","[0.238413, 0.092579, 0.042275, 0.024755, 0.016501, 0.585478]","[-4.779124, -4.779123, -4.779123, -4.779123, -3.680511, -4.779123]","moving_00286: score=0.335, d=4989.8, reason=ERR_DIST | moving_00492: score=0.310, d=3892.5, reason=ERR_DIST | moving_00126: score=0.237, d=3493.1, reason=ERR_DIST"
fixed,fixed_00525,525,Structure 3,matched_review,False,,29.697995666666667,20924.982052333333,723.3091646793833,107.69743729662524,0.7836517241720196,1.0690279079337377,-136.91082066737772,7.289405377705465e-07,0.0011111110970153082,0.001428571435950039,"[0.923077, 1.230769, 1.538462, 0.538462, 1.076923, 0.769231]","[0.0, 0.0, 0.0, 0.5, 0.0, 0.5]","[0.0, 0.0, 0.0, 1.098612, 0.0, -0.0]","moving_00310: score=0.668, d=81.1, reason=OK | moving_00301: score=0.579, d=1809.4, reason=ERR_DIST | moving_00491: score=0.480, d=4309.9, reason=ERR_DIST"
fixed,fixed_00526,526,Structure 3,no_counterpart,False,,29.697995555555554,21053.733020222222,2169.9274940380783,181.26941929662425,0.8298622317391671,1.8708585483663231,90.0,2.186821613311567e-06,0.0011111110970153082,0.002857142871900078,"[1.361389, 0.454545, 0.818182, 1.181818, 1.545455, 0.636364]","[0.052033, 0.0, 0.0, 0.5, 0.0, 0.447967]","[3.680511, -1.098612, -1.098612, -1.098612, -1.098612, -1.098612]","moving_00310: score=0.364, d=209.9, reason=OK | moving_00301: score=0.324, d=1938.1, reason=ERR_DIST | moving_00295: score=0.310, d=3813.5, reason=ERR_DIST"
fixed,fixed_00527,527,Structure 3,no_counterpart,False,,29.697995666666667,21145.69799733333,723.3091646793833,107.69743729662524,0.7836517241720196,1.0690279079337377,-136.91082066737184,7.289405377705465e-07,0.0011111110970153082,0.001428571435950039,"[1.128789, 0.435606, 0.871211, 0.544507, 1.306817, 2.395831]","[0.076787, 0.0, 0.5, 0.0, 0.0, 0.423213]","[4.779123, 0.0, 0.0, 1.098612, 0.0, -0.0]","moving_00296: score=0.524, d=3831.9, reason=ERR_DIST | moving_00301: score=0.504, d=2030.1, reason=ERR_DIST | moving_00297: score=0.503, d=3721.6, reason=ERR_DIST"
fixed,fixed_00528,528,Structure 3,no_counterpart,False,,29.697995666666667,21219.269978666664,723.3091646793833,107.69743729662522,0.7836517241720198,1.0690279079337377,136.91082066736752,7.289405377705465e-07,0.0011111110970153082,0.001428571435950039,"[0.879884, 0.497829, 2.489146, 1.120116, 0.497829, 1.991317]","[0.119062, 0.0, 0.5, 0.0, 0.0, 0.380938]","[4.779123, 0.0, -0.0, 1.098612, 0.0, 0.0]","moving_00301: score=0.524, d=2103.7, reason=ERR_DIST | moving_00297: score=0.505, d=3795.2, reason=ERR_DIST | moving_00296: score=0.485, d=3905.5, reason=ERR_DIST"
fixed,fixed_00529,529,Structure 3,no_counterpart,False,,29.697995666666667,21292.841960333335,723.3091646793833,107.69743729662522,0.7836517241720198,1.0690279079337377,-136.91082066738824,7.289405377705465e-07,0.0011111110970153082,0.001428571435950039,"[0.471645, 1.52381, 1.238095, 0.380952, 0.761905, 1.904762]","[0.211641, 0.5, 0.0, 0.0, 0.0, 0.288359]","[4.779123, -0.0, 1.098612, 0.0, 0.0, 0.0]","moving_00301: score=0.486, d=2177.3, reason=ERR_DIST | moving_00310: score=0.473, d=449.0, reason=OK | moving_00306: score=0.471, d=1074.1, reason=ERR_DIST"
fixed,fixed_00530,530,Structure 3,no_counterpart,False,,1168.358176922751,21696.89060509557,363824.5127076835,2607.6895245702044,0.6723417118838189,1.0831286148646304,133.5386384498931,0.0003666570933949139,0.021111111097580394,0.03142857143556175,"[1.009636, 1.004988, 0.998746, 1.001254, 0.978225, 0.958545]","[0.005034, 0.010183, 0.025647, 0.04027, 0.360829, 0.558037]","[-6.22059, -6.22059, -6.22059, -6.22059, -1.441467, 1.070385]","moving_00492: score=0.368, d=4140.6, reason=ERR_DIST | moving_00494: score=0.350, d=4822.7, reason=ERR_DIST | moving_00493: score=0.349, d=2376.8, reason=ERR_DIST"
fixed,fixed_00531,531,Structure 3,no_counterpart,False,,29.697995666666667,21587.129887,723.3091450167512,107.69743593035305,0.7836517227521578,1.0690279369944826,-43.08917923232068,7.289405179548297e-07,0.0011111110970153082,0.0014285713971153664,"[0.633337, 0.886671, 1.013338, 1.013338, 1.266673, 0.986662]","[0.0, 0.0, 0.5, 0.0, 0.049946, 0.450054]","[0.0, 0.0, 0.0, 0.0, 0.0, 4.779124]","moving_00491: score=0.584, d=4972.0, reason=ERR_DIST | moving_00301: score=0.532, d=2471.5, reason=ERR_DIST | moving_00296: score=0.523, d=4273.4, reason=ERR_DIST"
fixed,fixed_00532,532,Structure 3,no_counterpart,False,,29.697995666666667,21771.059841,723.3091450167512,107.69743593035305,0.7836517227521578,1.0690279369944826,-43.08917923232113,7.289405179548297e-07,0.0011111110970153082,0.0014285713971153664,"[0.235294, 0.352941, 1.411765, 0.588235, 1.529412, 1.487034]","[0.0, 0.0, 0.5, 0.0, 0.030463, 0.469537]","[0.0, 0.0, 0.0, 0.0, 0.0, 4.779124]","moving_00491: score=0.553, d=5156.0, reason=ERR_DIST | moving_00296: score=0.528, d=4457.3, reason=ERR_DIST | moving_00310: score=0.485, d=927.2, reason=ERR_DIST"
fixed,fixed_00533,533,Structure 3,no_counterpart,False,,29.697995666666667,21844.631822666666,723.3091646793833,107.69743729662522,0.7836517241720198,1.0690279079337377,136.91082066736175,7.289405377705465e-07,0.0011111110970153082,0.001428571435950039,"[0.117647, 1.176471, 0.235294, 0.823529, 1.764706, 1.718614]","[0.0, 0.5, 0.0, 0.0, 0.026317, 0.473683]","[-0.0, 0.0, -0.0, -0.0, 0.0, 4.779123]","moving_00301: score=0.556, d=2729.0, reason=ERR_DIST | moving_00297: score=0.482, d=4420.5, reason=ERR_DIST | moving_00296: score=0.474, d=4530.9, reason=ERR_DIST"
fixed,fixed_00534,534,Structure 3,no_counterpart,False,,29.697995666666667,22212.491730666665,723.3091646793833,107.69743729662522,0.7836517241720198,1.0690279079337377,136.91082066736828,7.289405377705465e-07,0.0011111110970153082,0.001428571435950039,"[1.000365, 1.207893, 0.833029, 0.749727, 0.999635, 1.41615]","[0.093815, 0.5, 0.0, 0.0, 0.0, 0.406185]","[5.937536, 1.098612, 0.0, -0.0, -0.0, -0.0]","moving_00301: score=0.531, d=3096.9, reason=ERR_DIST | moving_00295: score=0.485, d=4972.3, reason=ERR_DIST | moving_00339: score=0.485, d=4510.9, reason=ERR_DIST"
fixed,fixed_00535,535,Structure 3,no_counterpart,False,,275.27329644423276,22579.69647936075,274134.1752628379,2561.4585898408086,0.5250472236979753,1.3363275102912304,-90.0,0.000276268465678787,0.015555555555995068,0.02857142856366167,"[0.698395, 0.501753, 0.747496, 1.252504, 1.311387, 1.430008]","[0.053888, 0.250874, 0.039993, 0.002506, 0.004391, 0.648348]","[-5.937536, -4.838924, -5.937536, -5.937536, -5.937536, -5.937536]","moving_00492: score=0.405, d=5095.8, reason=ERR_DIST | moving_00494: score=0.318, d=5620.8, reason=ERR_DIST | moving_00493: score=0.295, d=3508.3, reason=ERR_DIST"
fixed,fixed_00536,536,Structure 3,matched_review,False,,19775.799590609266,23202.681404826264,1194183.4397151812,4257.9650430811325,0.8277071847690418,1.1225151088141578,105.71252108414984,0.0012034808367574344,0.033333333334275156,0.051428571422357856,"[1.133013, 1.036906, 1.053171, 0.84539, 0.953082, 0.963094]","[0.014705, 0.006816, 0.034378, 0.115059, 0.004279, 0.824763]","[-7.409136, -7.409136, -7.409136, -7.409136, -7.409136, -7.409136]","moving_00318: score=0.623, d=43.6, reason=OK | moving_00525: score=0.454, d=64.6, reason=OK | moving_00319: score=0.349, d=1625.8, reason=ERR_DIST"
fixed,fixed_00537,537,Structure 3,no_counterpart,False,,29.69799555555556,22745.8885975,2169.9274743755177,181.26941793035436,0.8298622367291915,1.8708585229373604,90.0,2.1868215934959224e-06,0.0011111110970153082,0.0028571428330654057,"[0.236842, 1.394737, 1.289474, 1.236842, 0.763158, 0.424253]","[0.5, 0.0, 0.0, 0.0, 0.155311, 0.344689]","[-1.098612, -1.098612, -1.098612, -1.098612, -1.098612, 4.838924]","moving_00306: score=0.318, d=2527.1, reason=ERR_DIST | moving_00301: score=0.277, d=3630.3, reason=ERR_DIST | moving_00127: score=0.262, d=4880.5, reason=ERR_DIST"
fixed,fixed_00538,538,Structure 3,no_counterpart,False,,29.697995666666667,22911.425556000002,723.3091450167512,107.69743593035305,0.7836517227521578,1.0690279369944826,-43.08917923232154,7.289405179548297e-07,0.0011111110970153082,0.0014285713971153664,"[0.191489, 0.808511, 1.191489, 1.234043, 1.319149, 0.477444]","[0.0, 0.0, 0.0, 0.0, 0.101423, 0.898577]","[1.098612, 0.0, 0.0, 0.0, 0.0, 5.937536]","moving_00310: score=0.554, d=2067.6, reason=ERR_DIST | moving_00301: score=0.481, d=3795.8, reason=ERR_DIST | moving_00339: score=0.473, d=4140.9, reason=ERR_DIST"
fixed,fixed_00539,539,Structure 3,no_counterpart,False,,34569.04339344315,24163.916592924867,2329778.8370520216,8090.954553833144,0.44722393281701134,1.0766261265332355,40.6818149940859,0.0023479174899158376,0.05888888890467995,0.08714285716576958,"[0.99387, 1.047609, 1.106903, 1.00613, 0.908286, 0.84167]","[0.012218, 0.010968, 0.794727, 0.030786, 0.054241, 0.09706]","[-8.077447, -6.978835, -8.077447, -6.978835, -8.077447, -6.468009]","moving_00522: score=0.474, d=2338.1, reason=ERR_DIST | moving_00526: score=0.301, d=2926.1, reason=ERR_DIST | moving_00330: score=0.284, d=604.4, reason=ERR_AREA"
fixed,fixed_00540,540,Structure 3,no_counterpart,False,,35383.099093000004,23831.07532633334,723.3091830724222,107.6974387572113,0.7836517228438364,1.0690279351180636,-136.9108206650033,7.289405563067857e-07,0.001111111125269768,0.001428571435950039,"[1.314286, 1.457143, 0.457143, 1.366159, 0.314286, 0.685714]","[0.0, 0.0, 0.188228, 0.311772, 0.0, 0.5]","[0.0, 1.098612, 1.609438, 8.077447, 1.098612, 0.0]","moving_00309: score=0.467, d=3097.5, reason=ERR_DIST | moving_00330: score=0.460, d=550.2, reason=OK | moving_00312: score=0.425, d=2693.0, reason=ERR_DIST"
fixed,fixed_00541,541,Structure 3,no_counterpart,False,,2502.1856103950877,24830.887518102634,3180390.4209775277,14087.275018413551,0.20138926384076497,1.9376131173586115,-176.43154454821376,0.003205151568645309,0.09666666665527071,0.0685714285760887,"[1.018542, 0.993719, 0.917545, 0.992336, 1.006281, 1.039901]","[0.019756, 0.030947, 0.009954, 0.013331, 0.019106, 0.906906]","[-8.388678, -8.388678, -5.344155, -8.388678, -8.388678, -8.388678]","moving_00339: score=0.250, d=1185.7, reason=ERR_DIST;ERR_AREA | moving_00528: score=0.247, d=6807.8, reason=ERR_DIST;ERR_AREA | moving_00344: score=0.246, d=5778.3, reason=ERR_DIST;ERR_AREA"
fixed,fixed_00542,542,Structure 3,no_counterpart,False,,35383.09909299999,24125.363253,3616.545895699407,254.8414013909367,0.6997837859603822,2.806287725759299,90.0,3.644702761718139e-06,0.001111111125269768,0.0042857142690153035,"[0.923077, 1.076923, 1.230769, 0.830769, 1.230769, 0.492308]","[0.0, 0.0, 0.5, 0.0, 0.0, 0.5]","[-1.609438, -0.510826, -1.609438, -0.510826, -1.609438, -1.609438]","moving_00336: score=0.244, d=3520.0, reason=ERR_DIST;ERR_AREA | moving_00524: score=0.244, d=1403.6, reason=ERR_DIST;ERR_AREA | moving_00311: score=0.233, d=3281.5, reason=ERR_DIST;ERR_AREA"
fixed,fixed_00543,543,Structure 3,no_counterpart,False,,33313.3046435781,25079.987118618144,1521119.184654778,6035.8061379748615,0.5246897051483838,1.0313707202086322,-131.17486447364428,0.0015329619623537362,0.04333333332043054,0.061428571435173315,"[1.405757, 1.288081, 0.971413, 0.86552, 0.907564, 1.028587]","[0.011694, 0.057607, 0.069263, 0.054948, 0.042034, 0.764455]","[-7.65112, -7.65112, -7.65112, -5.453896, -7.65112, -6.552508]","moving_00522: score=0.403, d=2711.3, reason=ERR_DIST | moving_00526: score=0.355, d=1913.9, reason=ERR_DIST | moving_00523: score=0.307, d=2906.3, reason=ERR_DIST"
fixed,fixed_00544,544,Structure 3,no_counterpart,False,,35383.099093000004,24677.15311466667,723.3091830724222,107.6974387572113,0.7836517228438364,1.0690279351180636,-43.08917914746636,7.289405563067857e-07,0.001111111125269768,0.001428571435950039,"[0.25, 0.5, 0.9, 1.5, 1.1, 1.5]","[0.0, 0.0, 0.0, 0.0, 0.5, 0.5]","[1.098612, -0.0, 0.0, -0.0, -0.0, 1.609438]","moving_00308: score=0.467, d=4053.9, reason=ERR_DIST | moving_00330: score=0.448, d=1159.5, reason=ERR_DIST | moving_00312: score=0.440, d=3539.1, reason=ERR_DIST"
fixed,fixed_00545,545,Structure 3,no_counterpart,False,,35383.099093000004,24769.118092000004,2169.927529554634,181.26942012348408,0.8298622377512118,1.8708585007922358,136.91082066748103,2.1868216491046395e-06,0.001111111125269768,0.002857142871900078,"[0.333333, 0.866667, 2.066667, 1.666667, 1.133333, 0.333333]","[0.0, 0.0, 0.0, 0.0, 0.5, 0.5]","[-1.098612, -1.098612, -1.098612, -1.098612, -1.098612, -1.098612]","moving_00308: score=0.299, d=4145.9, reason=ERR_DIST | moving_00330: score=0.271, d=1242.5, reason=ERR_DIST | moving_00524: score=0.246, d=2042.9, reason=ERR_DIST;ERR_AREA"
fixed,fixed_00546,546,Structure 3,no_counterpart,False,,35383.099093000004,24861.083069000004,723.3091634097896,107.69743739093913,0.7836517214239741,1.0690279641788092,136.9108220888326,7.289405364910682e-07,0.001111111125269768,0.0014285713971153664,"[0.727273, 1.818182, 2.363636, 1.090909, 0.909091, 0.454545]","[0.0, 0.0, 0.0, 0.5, 0.0, 0.5]","[0.0, 0.0, 0.0, 0.0, 0.0, 1.098612]","moving_00309: score=0.482, d=4127.5, reason=ERR_DIST | moving_00312: score=0.468, d=3723.0, reason=ERR_DIST | moving_00330: score=0.442, d=1326.7, reason=ERR_DIST"
fixed,fixed_00547,547,Structure 3,no_counterpart,False,,35383.099093000004,25008.227032333332,723.3091830724222,107.6974387572113,0.7836517228438364,1.0690279351180636,-136.91082066500843,7.289405563067857e-07,0.001111111125269768,0.001428571435950039,"[0.96, 1.44, 0.32, 0.64, 1.04, 1.44]","[0.0, 0.0, 0.5, 0.0, 0.0, 0.5]","[-0.0, 0.0, -0.0, -0.0, 1.098612, 0.0]","moving_00311: score=0.465, d=4164.4, reason=ERR_DIST | moving_00330: score=0.463, d=1463.5, reason=ERR_DIST | moving_00312: score=0.437, d=3870.2, reason=ERR_DIST"
fixed,fixed_00548,548,Structure 3,no_counterpart,False,,35383.099093,25081.799013666667,723.3091830723507,107.69743875720633,0.7836517228438314,1.0690279351181693,43.08917931073684,7.289405563067136e-07,0.001111111125269768,0.001428571435949898,"[0.615385, 1.076923, 1.384615, 1.307692, 0.923077, 0.307692]","[0.0, 0.0, 0.5, 0.0, 0.0, 0.5]","[-0.0, 0.0, -0.0, 1.098612, -0.0, 0.0]","moving_00311: score=0.463, d=4237.9, reason=ERR_DIST | moving_00330: score=0.463, d=1532.5, reason=ERR_DIST | moving_00312: score=0.435, d=3943.8, reason=ERR_DIST"
fixed,fixed_00549,549,Structure 3,no_counterpart,False,,35383.099093000004,25228.942977,723.3091634097896,107.69743739093911,0.7836517214239743,1.0690279641788092,-43.08917763638971,7.289405364910682e-07,0.001111111125269768,0.0014285713971153664,"[0.545455, 0.909091, 2.0, 0.727273, 1.090909, 1.818182]","[0.0, 0.0, 0.5, 0.0, 0.0, 0.5]","[0.0, 0.0, 0.0, 0.0, 0.0, 0.0]","moving_00311: score=0.476, d=4385.1, reason=ERR_DIST | moving_00330: score=0.439, d=1671.8, reason=ERR_DIST | moving_00312: score=0.423, d=4090.9, reason=ERR_DIST"
fixed,fixed_00550,550,Structure 3,no_counterpart,False,,35383.099093000004,25339.300949333337,723.3091830724222,107.69743875721129,0.7836517228438368,1.0690279351180636,136.91082082991548,7.289405563067857e-07,0.001111111125269768,0.001428571435950039,"[0.266667, 1.066667, 1.34093, 0.933333, 0.4, 1.2]","[0.0, 0.01695, 0.48305, 0.0, 0.0, 0.5]","[-0.0, -0.0, -0.0, -0.0, -0.0, 0.0]","moving_00311: score=0.465, d=4495.4, reason=ERR_DIST | moving_00330: score=0.449, d=1777.1, reason=ERR_DIST | moving_00309: score=0.417, d=4605.8, reason=ERR_DIST"
fixed,fixed_00551,551,Structure 3,no_counterpart,False,,1823.2947804533387,25523.23090349863,44121.85940789723,798.4071111120869,0.8697909361018186,1.0690279317706868,136.91082066737113,4.44653731692801e-05,0.007777777792124732,0.009999999973980787,"[1.178052, 0.706099, 0.628725, 0.893333, 1.106667, 1.292441]","[0.07777, 0.130935, 0.087298, 0.026312, 0.014503, 0.663182]","[-4.110874, -4.110874, -4.110874, -3.012262, -4.110874, -4.110874]","moving_00339: score=0.314, d=1981.5, reason=ERR_DIST;ERR_AREA | moving_00528: score=0.310, d=7492.0, reason=ERR_DIST;ERR_AREA | moving_00346: score=0.272, d=7097.0, reason=ERR_DIST;ERR_AREA"
fixed,fixed_00552,552,Structure 3,no_counterpart,False,,35383.099093000004,25412.872930999998,723.3091634097896,107.69743739093913,0.7836517214239741,1.0690279641788092,136.91082208884316,7.289405364910682e-07,0.001111111125269768,0.0014285713971153664,"[0.852811, 1.147189, 1.279217, 0.710676, 0.28427, 1.563487]","[0.021142, 0.478858, 0.0, 0.0, 0.0, 0.5]","[0.0, 0.0, 0.0, 0.0, 0.0, 0.0]","moving_00312: score=0.475, d=4274.8, reason=ERR_DIST | moving_00309: score=0.445, d=4679.3, reason=ERR_DIST | moving_00330: score=0.430, d=1847.7, reason=ERR_DIST"
fixed,fixed_00553,553,Structure 3,no_counterpart,False,,35383.099093000004,25633.588876000005,723.3091634097896,107.69743739093913,0.7836517214239741,1.0690279641788092,136.91082208884558,7.289405364910682e-07,0.001111111125269768,0.0014285713971153664,"[0.238714, 1.578947, 0.842105, 0.631579, 1.157895, 1.789474]","[0.421875, 0.0, 0.0, 0.0, 0.0, 0.578125]","[0.0, 0.0, 0.0, 0.0, 0.0, 0.0]","moving_00308: score=0.455, d=5010.4, reason=ERR_DIST | moving_00330: score=0.454, d=2060.6, reason=ERR_DIST | moving_00312: score=0.435, d=4495.6, reason=ERR_DIST"
fixed,fixed_00554,554,Structure 3,no_counterpart,False,,2625.164594666667,25743.946848333333,723.3091646793156,107.69743729662056,0.7836517241720141,1.0690279079338492,-136.91082066840576,7.289405377704782e-07,0.001111111097015314,0.001428571435949898,"[1.571429, 0.428571, 1.571429, 0.857143, 1.142857, 0.675006]","[0.0, 0.5, 0.0, 0.0, 0.055907, 0.444093]","[0.0, 0.0, 0.0, 0.0, -0.0, 3.044522]","moving_00346: score=0.484, d=6292.0, reason=ERR_DIST | moving_00306: score=0.473, d=6103.9, reason=ERR_DIST | moving_00531: score=0.451, d=6960.4, reason=ERR_DIST"
fixed,fixed_00555,555,Structure 3,no_counterpart,False,,2743.140349,25743.946848333337,723.309183072309,107.69743875720299,0.7836517228438349,1.0690279351181076,136.9108206662985,7.289405563066715e-07,0.0011111111252697038,0.001428571435949898,"[0.941176, 1.352941, 1.058824, 1.294118, 0.352941, 0.895549]","[0.0, 0.5, 0.0, 0.0, 0.034257, 0.465743]","[0.0, 1.098612, -0.0, -0.0, -0.0, 3.044522]","moving_00346: score=0.508, d=6174.0, reason=ERR_DIST | moving_00531: score=0.479, d=6842.4, reason=ERR_DIST | moving_00345: score=0.460, d=5780.8, reason=ERR_DIST"
fixed,fixed_00556,556,Structure 3,no_counterpart,False,,3057.742360999999,25743.946848333337,723.309183072309,107.697438757203,0.7836517228438347,1.0690279351181076,-136.9108206685758,7.289405563066715e-07,0.0011111111252697038,0.001428571435949898,"[0.75, 1.0, 1.25, 0.4375, 1.0, 1.375]","[0.0, 0.0, 0.0, 0.5, 0.0, 0.5]","[0.0, 0.0, 0.0, 1.098612, 0.0, -0.0]","moving_00346: score=0.501, d=5859.4, reason=ERR_DIST | moving_00531: score=0.465, d=6527.8, reason=ERR_DIST | moving_00339: score=0.462, d=1092.0, reason=ERR_DIST"
fixed,fixed_00557,557,Structure 3,no_counterpart,False,,3195.3807415000006,25743.946848444444,2169.9275124309315,186.34794075720276,0.7852462921989964,2.1380558430519443,0.0,2.1868216318476193e-06,0.002222222222285005,0.001428571435949898,"[2.090909, 0.636364, 0.454545, 0.818182, 1.181818, 2.090909]","[0.0, 0.5, 0.0, 0.0, 0.0, 0.5]","[-1.098612, -1.098612, -1.098612, -1.098612, -1.098612, -1.098612]","moving_00346: score=0.298, d=5721.7, reason=ERR_DIST | moving_00306: score=0.277, d=6367.2, reason=ERR_DIST | moving_00339: score=0.272, d=1018.8, reason=ERR_DIST"
fixed,fixed_00558,558,Structure 3,no_counterpart,False,,3293.6938699999996,25743.946848333337,723.309183072309,107.697438757203,0.7836517228438347,1.0690279351181076,-136.91082066866662,7.289405563066715e-07,0.0011111111252697038,0.001428571435949898,"[0.4, 0.8, 2.4, 0.5, 1.2, 1.8]","[0.0, 0.0, 0.5, 0.0, 0.5, 0.0]","[0.0, 0.0, -0.0, 1.098612, 0.0, -0.0]","moving_00346: score=0.490, d=5623.4, reason=ERR_DIST | moving_00339: score=0.439, d=975.1, reason=ERR_DIST | moving_00345: score=0.438, d=5230.2, reason=ERR_DIST"
fixed,fixed_00559,559,Structure 3,no_counterpart,False,,3372.344373,25743.946848333337,723.309183072309,107.69743875720299,0.7836517228438349,1.0690279351181076,136.91082066605787,7.289405563066715e-07,0.0011111111252697038,0.001428571435949898,"[0.347826, 1.73913, 0.782609, 0.347826, 1.391304, 1.217391]","[0.0, 0.5, 0.0, 0.0, 0.5, 0.0]","[0.0, -0.0, 1.098612, 0.0, 0.0, -0.0]","moving_00339: score=0.454, d=946.0, reason=ERR_DIST | moving_00346: score=0.450, d=5544.8, reason=ERR_DIST | moving_00345: score=0.441, d=5151.6, reason=ERR_DIST"
fixed,fixed_00560,560,Structure 3,no_counterpart,False,,3647.6211336666665,25743.94684833333,723.3091646793073,107.6974372966199,0.7836517241720148,1.0690279079338367,-136.91082066869183,7.289405377704699e-07,0.0011111110970153013,0.001428571435949898,"[0.5, 1.416667, 0.75, 0.833333, 1.166667, 1.5]","[0.0, 0.0, 0.5, 0.0, 0.0, 0.5]","[0.0, 1.098612, 1.098612, 0.0, 0.0, 0.0]","moving_00346: score=0.476, d=5269.5, reason=ERR_DIST | moving_00339: score=0.471, d=892.8, reason=ERR_DIST | moving_00531: score=0.443, d=5937.9, reason=ERR_DIST"
fixed,fixed_00561,561,Structure 3,no_counterpart,False,,3765.596888,25743.946848333337,723.3091830723006,107.69743875720233,0.7836517228438351,1.0690279351180951,-136.9108206687288,7.289405563066631e-07,0.001111111125269691,0.001428571435949898,"[0.814815, 0.222222, 1.185185, 1.481481, 0.444444, 1.481481]","[0.0, 0.5, 0.0, 0.0, 0.5, 0.0]","[1.098612, 1.098612, 0.0, 0.0, -0.0, 0.0]","moving_00339: score=0.453, d=895.3, reason=ERR_DIST | moving_00344: score=0.453, d=4443.8, reason=ERR_DIST | moving_00531: score=0.446, d=5820.0, reason=ERR_DIST"
fixed,fixed_00562,562,Structure 3,no_counterpart,False,,33102.234506,25743.946848333333,723.3091830722169,107.69743875719568,0.7836517228438413,1.0690279351179715,43.08917933933868,7.289405563065788e-07,0.0011111111252695624,0.001428571435949898,"[0.882824, 0.378353, 0.346824, 1.387295, 1.513413, 1.117176]","[0.0, 0.5, 0.0, 0.0, 0.298987, 0.201013]","[0.0, 2.197225, 1.098612, 0.0, 0.0, 7.65112]","moving_00332: score=0.513, d=4084.1, reason=ERR_DIST | moving_00330: score=0.471, d=2747.7, reason=ERR_DIST | moving_00311: score=0.448, d=5403.1, reason=ERR_DIST"
fixed,fixed_00563,563,Structure 3,no_counterpart,False,,33338.186015,25743.946848481486,6509.782574078748,422.2994507572054,0.45870694364823694,5.345139621222107,0.0,6.5604649326152114e-06,0.00555555556983983,0.001428571435949898,"[0.809983, 0.4226, 1.190017, 0.563467, 1.2678, 1.4791]","[0.0, 0.244039, 0.255961, 0.0, 0.0, 0.5]","[-1.098612, -2.197225, 5.453896, -2.197225, -2.197225, -2.197225]","moving_00316: score=0.240, d=4240.3, reason=ERR_DIST;ERR_AREA | moving_00524: score=0.228, d=3529.3, reason=ERR_DIST;ERR_AREA | moving_00145: score=0.210, d=4892.3, reason=ERR_DIST;ERR_AREA"
fixed,fixed_00564,564,Structure 3,no_counterpart,False,,33652.788026999995,25743.946848333333,723.3091830723507,107.69743875720631,0.7836517228438317,1.0690279351181693,43.08917931181903,7.289405563067136e-07,0.001111111125269768,0.001428571435949898,"[0.740741, 0.962963, 1.333333, 1.185185, 0.592593, 1.037037]","[0.0, 0.0, 0.0, 0.5, 0.0, 0.5]","[0.0, -0.0, 0.0, -0.0, 2.197225, -0.0]","moving_00312: score=0.487, d=4918.7, reason=ERR_DIST | moving_00330: score=0.464, d=2430.8, reason=ERR_DIST | moving_00332: score=0.462, d=4584.1, reason=ERR_DIST"
fixed,fixed_00565,565,Structure 3,no_counterpart,False,,34046.040542,25743.946848333333,723.3091830723507,107.69743875720631,0.7836517228438317,1.0690279351181693,43.089179311572146,7.289405563067136e-07,0.001111111125269768,0.001428571435949898,"[0.333333, 0.666667, 0.888889, 2.0, 1.111111, 2.666667]","[0.0, 0.0, 0.5, 0.0, 0.0, 0.5]","[-0.0, -0.0, 0.0, 2.197225, 0.0, -0.0]","moving_00311: score=0.486, d=5078.1, reason=ERR_DIST | moving_00332: score=0.483, d=4947.8, reason=ERR_DIST | moving_00330: score=0.455, d=2260.1, reason=ERR_DIST"
moving,moving_00000,0,Structure 1,matched_anchor,False,,2940.61576,30.993897999999998,722.9181441720408,107.66914150871202,0.783639806197421,1.069271452097959,-136.91733192928322,7.593302793652388e-07,0.0011111111080026397,0.001428571448884212,"[0.533333, 1.066667, 1.6, 0.911314, 0.933333, 1.866667]","[0.0, 0.0, 0.160947, 0.339053, 0.0, 0.5]","[0.0, 0.0, 0.0, 3.7612, 1.098612, 0.0]","fixed_00074: score=0.731, d=117.1, reason=OK | fixed_00072: score=0.697, d=118.8, reason=OK | fixed_00114: score=0.637, d=199.1, reason=ERR_NOT_MUTUAL"
moving,moving_00001,1,Structure 1,matched_anchor,False,,3019.253956,30.993897999999998,722.9181441720408,107.66914150871202,0.783639806197421,1.069271452097959,-136.9173319293033,7.593302793652388e-07,0.0011111111080026397,0.001428571448884212,"[0.579522, 1.159044, 2.028327, 0.840956, 0.579522, 1.593686]","[0.0, 0.0, 0.26021, 0.23979, 0.0, 0.5]","[0.0, 0.0, 0.0, 3.7612, 0.0, 1.098612]","fixed_00074: score=0.801, d=38.5, reason=OK | fixed_00075: score=0.678, d=156.5, reason=OK | fixed_00114: score=0.678, d=122.6, reason=OK"
moving,moving_00002,2,Structure 1,matched_anchor,False,,3097.8921523333333,30.993897999999998,722.9181625579761,107.6691429694504,0.783639804864533,1.0692714792926776,136.91733192772142,7.593302986772419e-07,0.001111111136261464,0.001428571448884212,"[0.524338, 1.310846, 0.951323, 0.524338, 1.048677, 1.966269]","[0.0, 0.352902, 0.147098, 0.0, 0.0, 0.5]","[-0.0, -0.0, 3.7612, -0.0, -0.0, 1.098612]","fixed_00074: score=0.813, d=40.2, reason=OK | fixed_00114: score=0.776, d=52.9, reason=OK | fixed_00075: score=0.723, d=77.8, reason=OK"
moving,moving_00003,3,Structure 1,matched_anchor,False,,3176.5303489999997,30.993897999999998,722.9181441720408,107.66914150871202,0.783639806197421,1.069271452097959,-136.91733192934433,7.593302793652388e-07,0.0011111111080026397,0.001428571448884212,"[0.660043, 1.119943, 0.440028, 0.880057, 1.320085, 2.090135]","[0.40367, 0.09633, 0.0, 0.0, 0.0, 0.5]","[0.0, 3.7612, 0.0, 0.0, 0.0, 1.098612]","fixed_00075: score=0.804, d=0.9, reason=OK | fixed_00114: score=0.757, d=54.1, reason=OK | fixed_00076: score=0.675, d=117.2, reason=OK"
moving,moving_00004,4,Structure 1,no_counterpart,False,,5946.044927183103,5465.943835522701,69596051.86513993,105946.53960939887,0.07791497113626684,1.1531306529828191,-60.350854999899404,0.07310148449241013,0.34333333333361593,0.5442857142938172,"[0.963547, 0.39331, 1.103428, 0.970702, 1.108967, 1.029298]","[0.016631, 0.123158, 0.009578, 0.149049, 0.112965, 0.58862]","[-9.529012, -5.050053, -7.27023, -6.310136, -5.496037, -5.363455]","fixed_00141: score=0.253, d=2893.8, reason=ERR_DIST;ERR_AREA | fixed_00158: score=0.248, d=2281.6, reason=ERR_DIST;ERR_AREA | fixed_00136: score=0.242, d=1769.0, reason=ERR_DIST;ERR_AREA"
moving,moving_00005,5,Structure 1,matched_anchor,False,,4434.741488,30.993897999999998,722.9181441720408,107.66914150871202,0.783639806197421,1.069271452097959,-136.91733192966953,7.593302793652388e-07,0.0011111111080026397,0.001428571448884212,"[1.76, 1.44, 0.48, 0.88, 1.12, 0.8]","[0.0, 0.0, 0.0, 0.5, 0.0, 0.5]","[0.0, 0.0, 0.0, 1.098612, 0.0, 0.0]","fixed_00080: score=0.766, d=78.0, reason=OK | fixed_00389: score=0.620, d=590.5, reason=ERR_NOT_MUTUAL | fixed_00082: score=0.600, d=314.0, reason=OK"
moving,moving_00006,6,Structure 1,matched_anchor,False,,4552.698782666667,30.993898,722.9181625579592,107.66914296944907,0.7836398048645342,1.069271479292653,136.91733192734463,7.593302986772242e-07,0.0011111111362614385,0.001428571448884212,"[0.357143, 0.428571, 1.428571, 1.142857, 1.142857, 0.857143]","[0.5, 0.0, 0.0, 0.5, 0.0, 0.0]","[1.098612, -0.0, 0.0, -0.0, -0.0, -0.0]","fixed_00080: score=0.796, d=39.9, reason=OK | fixed_00078: score=0.609, d=393.8, reason=ERR_NOT_MUTUAL | fixed_00082: score=0.598, d=196.0, reason=ERR_NOT_MUTUAL"
moving,moving_00007,7,Structure 1,matched_anchor,False,,4650.996528,30.993898000000005,2168.7544325161225,186.3073375087119,0.7851639024347827,2.138542904195918,0.0,2.2779908380957165e-06,0.0022222222160052795,0.001428571448884212,"[1.636364, 0.454545, 1.909091, 1.0, 1.0, 0.636364]","[0.5, 0.0, 0.0, 0.5, 0.0, 0.0]","[0.0, -1.098612, -1.098612, -1.098612, -1.098612, -1.098612]","fixed_00081: score=0.908, d=0.7, reason=OK | fixed_00082: score=0.468, d=97.7, reason=OK | fixed_00080: score=0.438, d=138.2, reason=OK"
moving,moving_00008,8,Structure 1,matched_anchor,False,,4788.613371,30.993897999999998,722.9181441720408,107.66914150871202,0.783639806197421,1.069271452097959,-136.9173319297616,7.593302793652388e-07,0.0011111111080026397,0.001428571448884212,"[0.347826, 1.391304, 0.956522, 0.608696, 1.043478, 1.565217]","[0.0, 0.0, 0.5, 0.0, 0.0, 0.5]","[0.0, 0.0, 1.098612, 1.098612, 0.0, 0.0]","fixed_00082: score=0.762, d=39.9, reason=OK | fixed_00078: score=0.600, d=629.8, reason=ERR_NOT_MUTUAL | fixed_00077: score=0.589, d=708.4, reason=ERR_NOT_MUTUAL"
moving,moving_00009,9,Structure 1,matched_review,False,,4867.251567,30.993897999999998,722.9181441720408,107.66914150871202,0.783639806197421,1.069271452097959,-136.917331929781,7.593302793652388e-07,0.0011111111080026397,0.001428571448884212,"[1.043478, 1.391304, 0.608696, 0.347826, 0.956522, 1.391304]","[0.0, 0.0, 0.5, 0.0, 0.0, 0.5]","[0.0, 0.0, 1.098612, 0.0, 1.098612, 0.0]","fixed_00082: score=0.666, d=118.5, reason=OK | fixed_00004: score=0.637, d=196.1, reason=OK | fixed_00078: score=0.592, d=708.4, reason=ERR_NOT_MUTUAL"
moving,moving_00010,10,Structure 1,matched_review,False,,5004.868411000001,30.993898000000005,2168.7544325161225,186.3073375087119,0.7851639024347827,2.138542904195918,0.0,2.2779908380957165e-06,0.0022222222160052795,0.001428571448884212,"[0.7, 1.1, 1.8, 0.5, 0.9, 1.9]","[0.0, 0.0, 0.5, 0.0, 0.0, 0.5]","[-1.098612, -1.098612, 0.0, -1.098612, -1.098612, -1.098612]","fixed_00081: score=0.605, d=354.5, reason=OK | fixed_00004: score=0.538, d=58.5, reason=OK | fixed_00003: score=0.402, d=122.6, reason=ERR_AREA"
moving,moving_00011,11,Structure 1,matched_anchor,False,,5103.166156000001,30.993897999999998,722.9181441720408,107.66914150871202,0.783639806197421,1.069271452097959,-136.9173319298421,7.593302793652388e-07,0.0011111111080026397,0.001428571448884212,"[0.307692, 1.076923, 0.384615, 0.923077, 1.230769, 1.769231]","[0.0, 0.5, 0.0, 0.0, 0.0, 0.5]","[0.0, 0.0, 1.098612, 0.0, 0.0, 1.098612]","fixed_00004: score=0.808, d=39.8, reason=OK | fixed_00080: score=0.584, d=590.4, reason=OK | fixed_00083: score=0.571, d=510.7, reason=ERR_NOT_MUTUAL"
moving,moving_00012,12,Structure 1,matched_review,False,,5181.804352000001,30.993897999999998,722.9181441720408,107.66914150871202,0.783639806197421,1.069271452097959,-136.91733192986348,7.593302793652388e-07,0.0011111111080026397,0.001428571448884212,"[0.769231, 0.307692, 0.692308, 1.230769, 1.538462, 2.076923]","[0.5, 0.0, 0.0, 0.0, 0.0, 0.5]","[0.0, 0.0, 1.098612, 0.0, 0.0, 1.098612]","fixed_00004: score=0.647, d=118.5, reason=OK | fixed_00084: score=0.553, d=628.7, reason=OK | fixed_00083: score=0.547, d=432.1, reason=OK"
moving,moving_00013,13,Structure 1,matched_review,False,,5378.399843000001,30.993897999999998,722.9181441720408,107.66914150871202,0.783639806197421,1.069271452097959,-136.9173319299142,7.593302793652388e-07,0.0011111111080026397,0.001428571448884212,"[0.972973, 1.405405, 0.756757, 0.540541, 1.027027, 1.405405]","[0.0, 0.5, 0.0, 0.0, 0.0, 0.5]","[0.0, 0.0, 0.0, 0.0, 1.098612, 0.0]","fixed_00083: score=0.642, d=235.5, reason=OK | fixed_00004: score=0.585, d=315.1, reason=ERR_NOT_MUTUAL | fixed_00085: score=0.546, d=943.3, reason=ERR_DIST"
moving,moving_00014,14,Structure 1,matched_review,False,,5732.271726,30.993897999999998,722.9181441720408,107.66914150871202,0.783639806197421,1.069271452097959,-136.9173319300063,7.593302793652388e-07,0.0011111111080026397,0.001428571448884212,"[0.347826, 1.391304, 0.695652, 0.782609, 1.217391, 1.391304]","[0.0, 0.0, 0.5, 0.0, 0.0, 0.5]","[0.0, 1.609438, 1.609438, 0.0, 0.0, 0.0]","fixed_00084: score=0.707, d=78.2, reason=OK | fixed_00083: score=0.656, d=118.4, reason=OK | fixed_00004: score=0.507, d=668.9, reason=OK"
moving,moving_00015,15,Structure 1,matched_review,False,,5889.548118,30.993897999999998,722.9181441720408,107.66914150871202,0.783639806197421,1.069271452097959,-136.9173319300471,7.593302793652388e-07,0.0011111111080026397,0.001428571448884212,"[0.96, 0.32, 0.32, 1.04, 1.44, 1.6]","[0.0, 0.5, 0.0, 0.0, 0.0, 0.5]","[1.609438, 1.609438, 0.0, 0.0, 0.0, 0.0]","fixed_00084: score=0.719, d=79.0, reason=OK | fixed_00083: score=0.626, d=275.7, reason=OK | fixed_00085: score=0.551, d=432.2, reason=OK"
moving,moving_00016,16,Structure 1,no_counterpart,False,,6046.824511000001,30.993898000000005,3614.590720860204,264.9455335087118,0.6470767393053133,3.2078143562938766,0.0,3.796651396826194e-06,0.0033333333240079194,0.001428571448884212,"[1.64, 0.32, 1.36, 0.64, 0.64, 1.44]","[0.5, 0.0, 0.0, 0.5, 0.0, 0.0]","[-0.510826, -1.609438, -1.609438, -1.609438, 0.0, -1.609438]","fixed_00084: score=0.301, d=236.3, reason=ERR_AREA | fixed_00085: score=0.264, d=274.9, reason=ERR_AREA | fixed_00083: score=0.222, d=432.9, reason=ERR_AREA"
moving,moving_00017,17,Structure 1,no_counterpart,False,,6361.377295733334,30.993897999999998,3614.590739246123,264.94553496944883,0.6470767354616044,3.2078143834885706,0.0,3.7966514161381802e-06,0.003333333352266718,0.001428571448884212,"[0.816327, 1.306122, 1.020408, 0.653061, 0.979592, 1.306122]","[0.0, 0.0, 0.5, 0.0, 0.0, 0.5]","[-1.609438, -1.609438, -0.510826, -0.0, -1.609438, -1.609438]","fixed_00085: score=0.496, d=39.6, reason=ERR_AREA | fixed_00084: score=0.218, d=550.9, reason=ERR_AREA | fixed_00083: score=0.207, d=747.5, reason=ERR_AREA"
moving,moving_00018,18,Structure 1,matched_review,False,,6754.5682769999985,30.993897999999998,722.9181441720408,107.66914150871202,0.783639806197421,1.069271452097959,-136.91733193026968,7.593302793652388e-07,0.0011111111080026397,0.001428571448884212,"[0.666667, 0.888889, 1.666667, 0.277778, 1.445379, 1.111111]","[0.0, 0.0, 0.0, 0.005722, 0.494278, 0.5]","[0.0, 0.0, 0.0, 1.098612, 1.098612, 1.609438]","fixed_00086: score=0.561, d=511.0, reason=ERR_NOT_MUTUAL | fixed_00085: score=0.514, d=432.8, reason=OK | fixed_00084: score=0.507, d=944.1, reason=ERR_DIST"
moving,moving_00019,19,Structure 1,no_counterpart,False,,6852.866022,30.993898000000005,2168.7544325161225,186.3073375087119,0.7851639024347827,2.138542904195918,0.0,2.2779908380957165e-06,0.0022222222160052795,0.001428571448884212,"[1.312947, 0.312297, 1.561484, 0.437216, 0.687053, 1.561484]","[0.492917, 0.0, 0.5, 0.0, 0.0, 0.007083]","[-0.0, -1.098612, 0.510826, -1.098612, -1.098612, -1.098612]","fixed_00087: score=0.536, d=707.6, reason=OK | fixed_00085: score=0.342, d=531.1, reason=OK | fixed_00086: score=0.328, d=412.7, reason=OK"
moving,moving_00020,20,Structure 1,matched_review,False,,6990.482864999999,30.993897999999998,722.9181441720408,107.66914150871202,0.783639806197421,1.069271452097959,-136.91733193033173,7.593302793652388e-07,0.0011111111080026397,0.001428571448884212,"[0.307323, 1.382956, 1.07803, 0.537816, 0.92197, 2.458588]","[0.0, 0.010616, 0.489384, 0.0, 0.0, 0.5]","[0.0, 0.0, 1.098612, 1.098612, 0.0, 1.609438]","fixed_00089: score=0.587, d=864.9, reason=ERR_DIST | fixed_00086: score=0.559, d=275.1, reason=ERR_NOT_MUTUAL | fixed_00088: score=0.556, d=668.3, reason=ERR_NOT_MUTUAL"
moving,moving_00021,21,Structure 1,matched_review,False,,7069.121062,30.993897999999998,722.9181441720408,107.66914150871202,0.783639806197421,1.069271452097959,-136.91733193035077,7.593302793652388e-07,0.0011111111080026397,0.001428571448884212,"[1.12, 2.24, 0.803491, 0.32, 0.88, 1.28]","[0.0, 0.014841, 0.485159, 0.0, 0.0, 0.5]","[0.0, 0.0, 1.098612, 0.0, 1.098612, 0.0]","fixed_00086: score=0.618, d=196.4, reason=OK | fixed_00088: score=0.600, d=589.7, reason=OK | fixed_00089: score=0.568, d=786.3, reason=ERR_NOT_MUTUAL"
moving,moving_00022,22,Structure 1,matched_anchor,False,,7344.354748,30.993897999999998,722.9181441720408,107.66914150871202,0.783639806197421,1.069271452097959,-136.91733193042452,7.593302793652388e-07,0.0011111111080026397,0.001428571448884212,"[0.875, 1.375, 0.256742, 0.875, 1.125, 1.5625]","[0.0, 0.463446, 0.036554, 0.0, 0.0, 0.5]","[0.0, 0.0, 1.098612, 0.0, 0.0, 1.098612]","fixed_00086: score=0.747, d=78.8, reason=OK | fixed_00088: score=0.593, d=314.4, reason=ERR_NOT_MUTUAL | fixed_00090: score=0.566, d=943.6, reason=ERR_DIST"
moving,moving_00023,23,Structure 1,matched_anchor,False,,7619.588435,30.993897999999998,722.9181441720408,107.66914150871202,0.783639806197421,1.069271452097959,-136.91733193049595,7.593302793652388e-07,0.0011111111080026397,0.001428571448884212,"[0.399757, 1.099333, 1.349181, 0.900667, 0.699575, 1.399151]","[0.0, 0.0, 0.491738, 0.008262, 0.0, 0.5]","[0.0, 0.0, 1.098612, 1.098612, 0.0, 0.0]","fixed_00088: score=0.838, d=39.2, reason=OK | fixed_00089: score=0.703, d=235.8, reason=OK | fixed_00086: score=0.549, d=354.0, reason=OK"
moving,moving_00024,24,Structure 1,matched_anchor,False,,7776.864827999999,30.993897999999998,722.9181441720408,107.66914150871202,0.783639806197421,1.069271452097959,-136.9173319305344,7.593302793652388e-07,0.0011111111080026397,0.001428571448884212,"[0.682927, 0.926829, 1.365854, 1.269113, 1.073171, 0.390244]","[0.0, 0.0, 0.494278, 0.005722, 0.0, 0.5]","[0.0, 1.098612, 0.0, 1.098612, 0.0, 0.0]","fixed_00089: score=0.797, d=78.6, reason=OK | fixed_00088: score=0.752, d=118.1, reason=OK | fixed_00086: score=0.523, d=511.3, reason=OK"
moving,moving_00025,25,Structure 1,matched_review,False,,8052.098513999998,30.993897999999998,722.9181441720408,107.66914150871202,0.783639806197421,1.069271452097959,-136.91733193060486,7.593302793652388e-07,0.0011111111080026397,0.001428571448884212,"[0.3125, 0.875, 1.125, 1.375, 0.875, 1.375]","[0.0, 0.0, 0.0, 0.5, 0.0, 0.5]","[1.098612, 0.0, 0.0, 0.0, 0.0, 0.0]","fixed_00090: score=0.672, d=235.9, reason=ERR_NOT_MUTUAL | fixed_00089: score=0.641, d=196.7, reason=OK | fixed_00092: score=0.601, d=1101.1, reason=ERR_DIST"
moving,moving_00026,26,Structure 1,matched_review,False,,8150.396259999999,30.993897999999998,2168.7544325161557,186.30733750871372,0.7851639024347793,2.1385429041959423,0.0,2.2779908380957516e-06,0.002222222216005305,0.001428571448884212,"[0.6, 0.866667, 1.133333, 1.4, 0.333333, 1.266667]","[0.0, 0.0, 0.0, 0.5, 0.0, 0.5]","[-1.098612, -1.098612, -1.098612, -1.098612, -1.098612, -1.098612]","fixed_00087: score=0.575, d=589.9, reason=OK | fixed_00090: score=0.544, d=137.6, reason=OK | fixed_00092: score=0.385, d=1002.8, reason=ERR_DIST"
moving,moving_00027,27,Structure 1,matched_anchor,False,,8327.332200999997,30.993897999999998,722.9181441720408,107.66914150871202,0.783639806197421,1.069271452097959,-136.91733193067626,7.593302793652388e-07,0.0011111111080026397,0.001428571448884212,"[0.380952, 0.761905, 1.142857, 0.857143, 1.333333, 2.666667]","[0.0, 0.0, 0.5, 0.0, 0.0, 0.5]","[0.0, 0.0, 0.0, 1.098612, 0.0, 0.0]","fixed_00090: score=0.783, d=39.3, reason=OK | fixed_00091: score=0.691, d=118.0, reason=ERR_NOT_MUTUAL | fixed_00089: score=0.622, d=471.9, reason=ERR_NOT_MUTUAL"
moving,moving_00028,28,Structure 1,matched_anchor,False,,8405.970397,30.993897999999998,722.9181441720408,107.66914150871202,0.783639806197421,1.069271452097959,-136.91733193069578,7.593302793652388e-07,0.0011111111080026397,0.001428571448884212,"[0.380952, 0.761905, 2.761905, 0.380952, 1.238095, 1.714286]","[0.0, 0.0, 0.5, 0.0, 0.0, 0.5]","[0.0, 0.0, 1.098612, 0.0, 1.098612, 0.0]","fixed_00091: score=0.775, d=39.3, reason=OK | fixed_00090: score=0.687, d=118.0, reason=OK | fixed_00089: score=0.591, d=550.5, reason=ERR_NOT_MUTUAL"
moving,moving_00029,29,Structure 1,matched_anchor,False,,8484.608594,30.993897999999998,722.9181441720408,107.66914150871202,0.783639806197421,1.069271452097959,-136.91733193071676,7.593302793652388e-07,0.0011111111080026397,0.001428571448884212,"[0.32, 2.0, 0.64, 0.32, 1.36, 1.76]","[0.0, 0.5, 0.0, 0.0, 0.0, 0.5]","[0.0, 1.098612, 0.0, 0.0, 1.098612, 0.0]","fixed_00091: score=0.770, d=39.3, reason=OK | fixed_00090: score=0.701, d=196.6, reason=OK | fixed_00092: score=0.579, d=668.5, reason=OK"
moving,moving_00030,30,Structure 1,matched_anchor,False,,8563.246789999997,30.993897999999998,722.9181441720408,107.66914150871202,0.783639806197421,1.069271452097959,-136.91733193073813,7.593302793652388e-07,0.0011111111080026397,0.001428571448884212,"[1.272727, 0.242424, 0.727273, 0.484848, 1.272727, 1.575758]","[0.5, 0.0, 0.0, 0.0, 0.0, 0.5]","[1.098612, 0.0, 0.0, 0.0, 1.098612, 0.0]","fixed_00091: score=0.776, d=117.9, reason=OK | fixed_00090: score=0.600, d=275.2, reason=ERR_NOT_MUTUAL | fixed_00092: score=0.512, d=589.9, reason=OK"
moving,moving_00031,31,Structure 1,no_counterpart,False,,8976.09732,30.993898000000005,2168.7544325161225,186.3073375087119,0.7851639024347827,2.138542904195918,0.0,2.2779908380957165e-06,0.0022222222160052795,0.001428571448884212,"[0.75, 0.892857, 1.035714, 1.178571, 0.964286, 1.25]","[0.0, 0.0, 0.0, 0.5, 0.0, 0.5]","[-1.098612, -1.098612, -1.098612, -1.098612, -1.098612, -1.098612]","fixed_00092: score=0.529, d=177.1, reason=OK | fixed_00090: score=0.365, d=688.1, reason=OK | fixed_00014: score=0.359, d=1735.0, reason=ERR_DIST"
moving,moving_00032,32,Structure 1,matched_review,False,,9506.905143999998,30.993897999999998,722.9181441720408,107.66914150871202,0.783639806197421,1.069271452097959,-136.9173319309829,7.593302793652388e-07,0.0011111111080026397,0.001428571448884212,"[0.313725, 0.54902, 0.941176, 1.647059, 1.137255, 1.058824]","[0.0, 0.0, 0.0, 0.0, 0.5, 0.5]","[0.0, 0.0, 0.0, 0.0, 1.098612, 1.098612]","fixed_00091: score=0.617, d=1061.6, reason=ERR_DIST | fixed_00092: score=0.553, d=353.7, reason=ERR_NOT_MUTUAL | fixed_00093: score=0.516, d=314.8, reason=OK"
moving,moving_00033,33,Structure 1,matched_review,False,,9664.181537000002,30.993897999999998,722.9181441720408,107.66914150871202,0.783639806197421,1.069271452097959,-136.91733193102525,7.593302793652388e-07,0.0011111111080026397,0.001428571448884212,"[0.324324, 0.864865, 1.837838, 1.135135, 0.432432, 1.891892]","[0.0, 0.0, 0.0, 0.5, 0.0, 0.5]","[0.0, 0.0, 0.0, 1.098612, 0.0, 1.098612]","fixed_00093: score=0.642, d=157.5, reason=OK | fixed_00092: score=0.600, d=511.0, reason=OK | fixed_00094: score=0.493, d=904.7, reason=ERR_DIST"
moving,moving_00034,34,Structure 1,matched_review,False,,9782.138831,30.993897999999998,722.9181441720408,107.66914150871202,0.783639806197421,1.069271452097959,-136.9173319310512,7.593302793652388e-07,0.0011111111080026397,0.001428571448884212,"[0.689655, 1.931034, 1.034483, 0.413793, 0.965517, 2.827586]","[0.0, 0.0, 0.5, 0.0, 0.0, 0.5]","[0.0, 0.0, 1.098612, 0.0, 0.0, 1.098612]","fixed_00093: score=0.712, d=39.5, reason=OK | fixed_00092: score=0.504, d=629.0, reason=OK | fixed_00095: score=0.476, d=1298.0, reason=ERR_DIST"
moving,moving_00035,35,Structure 1,matched_review,False,,9978.734322,30.993897999999998,722.9181441720408,107.66914150871202,0.783639806197421,1.069271452097959,-136.9173319311039,7.593302793652388e-07,0.0011111111080026397,0.001428571448884212,"[1.058824, 2.941176, 0.294118, 0.588235, 0.941176, 1.411765]","[0.0, 0.0, 0.5, 0.0, 0.0, 0.5]","[0.0, 0.0, 1.098612, 0.0, 0.0, 0.0]","fixed_00093: score=0.584, d=157.0, reason=OK | fixed_00092: score=0.502, d=825.6, reason=ERR_DIST | fixed_00095: score=0.451, d=1101.4, reason=ERR_DIST"
moving,moving_00036,36,Structure 1,no_counterpart,False,,10077.032066999998,30.993898000000005,2168.7544325161225,186.3073375087119,0.7851639024347827,2.138542904195918,0.0,2.2779908380957165e-06,0.0022222222160052795,0.001428571448884212,"[0.277778, 0.833333, 1.166667, 1.611111, 0.722222, 2.5]","[0.0, 0.0, 0.0, 0.5, 0.0, 0.5]","[-1.098612, -1.098612, -1.098612, -1.098612, -1.098612, -1.098612]","fixed_00093: score=0.396, d=255.3, reason=OK | fixed_00092: score=0.365, d=923.9, reason=ERR_DIST | fixed_00094: score=0.341, d=491.8, reason=OK"
moving,moving_00037,37,Structure 1,matched_review,False,,10332.606205,30.993897999999998,722.9181441720408,107.66914150871202,0.783639806197421,1.069271452097959,-136.91733193119404,7.593302793652388e-07,0.0011111111080026397,0.001428571448884212,"[1.066667, 1.333333, 0.6, 0.433333, 0.933333, 1.133333]","[0.0, 0.5, 0.0, 0.0, 0.0, 0.5]","[0.0, 0.0, 0.0, 1.098612, 0.0, 0.0]","fixed_00094: score=0.595, d=236.3, reason=OK | fixed_00093: score=0.529, d=510.9, reason=OK | fixed_00096: score=0.496, d=1298.0, reason=ERR_DIST"
moving,moving_00038,38,Structure 1,matched_review,False,,10961.711774666664,30.993897999999998,722.9181625579761,107.66914296945039,0.7836398048645331,1.0692714792926776,136.9173319256839,7.593302986772419e-07,0.001111111136261464,0.001428571448884212,"[0.207792, 0.779221, 1.350649, 0.831169, 1.168831, 1.298701]","[0.0, 0.0, 0.5, 0.0, 0.0, 0.5]","[-0.0, -0.0, -0.0, -0.0, 1.098612, -0.0]","fixed_00095: score=0.680, d=118.4, reason=OK | fixed_00094: score=0.502, d=392.8, reason=OK | fixed_00096: score=0.475, d=668.9, reason=OK"
moving,moving_00039,39,Structure 1,matched_review,False,,11118.988166999998,30.993897999999998,722.9181441720408,107.66914150871202,0.783639806197421,1.069271452097959,-136.91733193140027,7.593302793652388e-07,0.0011111111080026397,0.001428571448884212,"[0.52381, 1.047619, 1.238095, 1.142857, 0.952381, 0.190476]","[0.0, 0.0, 0.0, 0.5, 0.0, 0.5]","[0.0, 0.0, 0.0, 0.0, 0.0, 0.0]","fixed_00095: score=0.717, d=38.9, reason=OK | fixed_00094: score=0.494, d=550.1, reason=OK | fixed_00093: score=0.474, d=1297.3, reason=ERR_DIST"
moving,moving_00040,40,Structure 1,no_counterpart,False,,14382.473309999998,30.993897999999998,722.9181441720408,107.66914150871202,0.783639806197421,1.069271452097959,-136.9173319322428,7.593302793652388e-07,0.0011111111080026397,0.001428571448884212,"[0.625, 1.25, 1.8125, 1.6875, 0.4375, 0.75]","[0.0, 0.0, 0.0, 0.0, 0.5, 0.5]","[0.0, 0.0, 0.0, 0.0, 1.609438, 0.0]",
moving,moving_00041,41,Structure 1,no_counterpart,False,,16052.796408971566,360.34682628044317,1815247.439932937,10091.649739504539,0.22398625045181286,4.37006600967227,0.0,0.0019066783103915085,0.10444444446309525,0.03285714285814185,"[1.734031, 1.563558, 1.106388, 0.893612, 0.830827, 0.83864]","[0.00955, 0.045491, 0.053337, 0.044129, 0.047106, 0.800387]","[-7.828436, -7.828436, -7.828436, -7.828436, -6.729824, -7.828436]","fixed_00117: score=0.303, d=174.8, reason=ERR_AREA | fixed_00120: score=0.136, d=748.2, reason=ERR_AREA | fixed_00123: score=0.131, d=1039.9, reason=ERR_DIST;ERR_AREA"
moving,moving_00042,42,Structure 1,no_counterpart,False,,14657.706997000001,30.993898000000005,3614.590720860204,264.9455335087118,0.6470767393053133,3.2078143562938766,0.0,3.796651396826194e-06,0.0033333333240079194,0.001428571448884212,"[0.4375, 1.1875, 0.1875, 0.8125, 1.25, 1.375]","[0.0, 0.5, 0.0, 0.0, 0.0, 0.5]","[-1.609438, -1.609438, -1.609438, -1.609438, -1.609438, -1.609438]",
moving,moving_00043,43,Structure 1,no_counterpart,False,,14775.664291000001,30.993897999999998,722.9181441720408,107.66914150871202,0.783639806197421,1.069271452097959,-136.917331932346,7.593302793652388e-07,0.0011111111080026397,0.001428571448884212,"[0.740741, 1.259259, 1.407407, 0.222222, 0.740741, 1.62963]","[0.0, 0.0, 0.5, 0.0, 0.0, 0.5]","[0.0, 0.0, 0.0, 1.609438, 0.0, 0.0]","fixed_00117: score=0.414, d=1194.9, reason=ERR_DIST"
moving,moving_00044,44,Structure 1,no_counterpart,False,,15168.855272,30.993897999999998,722.9181441720408,107.66914150871202,0.783639806197421,1.069271452097959,-136.91733193244505,7.593302793652388e-07,0.0011111111080026397,0.001428571448884212,"[0.608696, 0.782609, 1.652174, 1.304348, 1.130435, 0.869565]","[0.0, 0.0, 0.0, 0.5, 0.0, 0.5]","[0.0, 0.0, 0.0, 0.0, 1.609438, 0.0]","fixed_00117: score=0.448, d=808.7, reason=ERR_DIST"
moving,moving_00045,45,Structure 1,no_counterpart,False,,15444.088959000002,30.993897999999998,722.9181441720408,107.66914150871202,0.783639806197421,1.069271452097959,-136.91733193251585,7.593302793652388e-07,0.0011111111080026397,0.001428571448884212,"[0.2, 0.8, 1.2, 1.7, 1.45, 0.7]","[0.0, 0.0, 0.0, 0.0, 0.5, 0.5]","[0.0, 0.0, 0.0, 0.0, 1.098612, 0.0]","fixed_00117: score=0.477, d=544.2, reason=OK"
moving,moving_00046,46,Structure 1,no_counterpart,False,,15522.727155,30.993897999999998,722.9181441720408,107.66914150871202,0.783639806197421,1.069271452097959,-136.9173319325366,7.593302793652388e-07,0.0011111111080026397,0.001428571448884212,"[0.631579, 1.052632, 1.578947, 1.315789, 0.947368, 0.210526]","[0.0, 0.0, 0.0, 0.5, 0.0, 0.5]","[0.0, 0.0, 0.0, 1.098612, 0.0, 0.0]","fixed_00117: score=0.476, d=470.9, reason=OK"
moving,moving_00047,47,Structure 1,no_counterpart,False,,15758.641744,30.993897999999998,722.9181441720408,107.66914150871202,0.783639806197421,1.069271452097959,-136.91733193259563,7.593302793652388e-07,0.0011111111080026397,0.001428571448884212,"[0.551724, 1.241379, 0.896552, 1.549088, 1.103448, 0.827586]","[0.0, 0.0, 0.133975, 0.366025, 0.0, 0.5]","[0.0, 0.0, 1.098612, 7.828436, 0.0, 0.0]","fixed_00117: score=0.522, d=269.8, reason=OK | fixed_00122: score=0.424, d=1251.0, reason=ERR_DIST | fixed_00120: score=0.397, d=1175.1, reason=ERR_DIST"
moving,moving_00048,48,Structure 1,matched_review,False,,15915.918135999998,30.993897999999998,722.9181441720408,107.66914150871202,0.783639806197421,1.069271452097959,-136.91733193263983,7.593302793652388e-07,0.0011111111080026397,0.001428571448884212,"[0.710681, 0.355341, 1.289319, 0.568545, 1.421363, 1.705635]","[0.0, 0.187312, 0.312688, 0.0, 0.0, 0.5]","[0.0, 1.098612, 7.828436, 0.0, 0.0, 0.0]","fixed_00117: score=0.583, d=187.9, reason=OK | fixed_00123: score=0.459, d=1371.2, reason=ERR_DIST | fixed_00122: score=0.411, d=1131.4, reason=ERR_DIST"
moving,moving_00049,49,Structure 1,no_counterpart,False,,16014.215882000002,30.993898000000005,2168.7544325161225,186.3073375087119,0.7851639024347827,2.138542904195918,0.0,2.2779908380957165e-06,0.0022222222160052795,0.001428571448884212,"[1.129485, 0.334814, 0.870515, 1.674068, 1.941919, 0.334814]","[0.268559, 0.0, 0.0, 0.0, 0.5, 0.231441]","[6.729824, -1.098612, -1.098612, -1.098612, -1.098612, -1.098612]","fixed_00117: score=0.391, d=192.4, reason=OK | fixed_00123: score=0.245, d=1308.4, reason=ERR_DIST | fixed_00122: score=0.238, d=1061.6, reason=ERR_DIST"
moving,moving_00050,50,Structure 1,matched_review,False,,16112.513627,30.993897999999998,722.9181441720408,107.66914150871202,0.783639806197421,1.069271452097959,-136.91733193269107,7.593302793652388e-07,0.0011111111080026397,0.001428571448884212,"[0.972191, 0.285502, 0.571005, 1.027809, 1.713014, 1.941416]","[0.221453, 0.0, 0.0, 0.0, 0.0, 0.778547]","[7.828436, 1.098612, 0.0, 0.0, 0.0, 0.0]","fixed_00117: score=0.577, d=240.9, reason=OK | fixed_00123: score=0.436, d=1250.1, reason=ERR_DIST | fixed_00120: score=0.391, d=915.0, reason=ERR_DIST"
moving,moving_00051,51,Structure 1,no_counterpart,False,,16780.938295,30.993897999999998,722.9181441720408,107.66914150871202,0.783639806197421,1.069271452097959,-136.9173319328636,7.593302793652388e-07,0.0011111111080026397,0.001428571448884212,"[0.126984, 0.571429, 1.111111, 0.920635, 1.079365, 1.238095]","[0.0, 0.0, 0.0, 0.5, 0.0, 0.5]","[0.0, 0.0, 1.098612, 1.098612, 0.0, 1.098612]","fixed_00117: score=0.428, d=844.7, reason=ERR_DIST | fixed_00122: score=0.418, d=773.0, reason=OK | fixed_00123: score=0.411, d=1030.4, reason=ERR_DIST"
moving,moving_00052,52,Structure 1,no_counterpart,False,,16859.576491,30.993897999999998,722.9181441720408,107.66914150871202,0.783639806197421,1.069271452097959,-136.91733193288337,7.593302793652388e-07,0.0011111111080026397,0.001428571448884212,"[0.5, 1.428571, 1.107143, 0.892857, 0.142857, 1.357143]","[0.0, 0.0, 0.0, 0.5, 0.0, 0.5]","[0.0, 0.0, 1.098612, 1.098612, 0.0, 0.0]","fixed_00122: score=0.428, d=780.8, reason=OK | fixed_00120: score=0.406, d=715.7, reason=OK | fixed_00117: score=0.400, d=921.6, reason=ERR_DIST"
moving,moving_00053,53,Structure 1,no_counterpart,False,,17134.810178,30.993897999999998,722.9181441720408,107.66914150871202,0.783639806197421,1.069271452097959,-136.9173319329527,7.593302793652388e-07,0.0011111111080026397,0.001428571448884212,"[1.714286, 1.485714, 0.971429, 0.628571, 1.028571, 0.8]","[0.0, 0.0, 0.0, 0.5, 0.0, 0.5]","[0.0, 0.0, 1.098612, 1.098612, 0.0, 0.0]","fixed_00122: score=0.444, d=865.8, reason=ERR_DIST | fixed_00117: score=0.426, d=1192.6, reason=ERR_DIST | fixed_00123: score=0.400, d=1076.1, reason=ERR_DIST"
moving,moving_00054,54,Structure 1,no_counterpart,False,,17351.065217277777,30.99389800000001,2168.7544509020577,186.30733896945029,0.7851638967790063,2.1385429313906363,0.0,2.2779908574077195e-06,0.002222222244264104,0.001428571448884212,"[0.647059, 1.470588, 0.882353, 0.352941, 1.117647, 1.470588]","[0.0, 0.5, 0.0, 0.0, 0.0, 0.5]","[-1.098612, -1.098612, -1.098612, -0.0, -1.098612, -1.098612]","fixed_00122: score=0.241, d=982.8, reason=ERR_DIST | fixed_00123: score=0.237, d=1157.7, reason=ERR_DIST | fixed_00120: score=0.216, d=952.4, reason=ERR_DIST"
moving,moving_00055,55,Structure 1,no_counterpart,False,,17469.022512,30.993898000000005,2168.7544325161225,186.3073375087119,0.7851639024347827,2.138542904195918,0.0,2.2779908380957165e-06,0.0022222222160052795,0.001428571448884212,"[1.786484, 0.4, 1.133333, 0.6, 0.866667, 1.266667]","[0.430945, 0.0, 0.5, 0.0, 0.0, 0.069055]","[3.367296, 0.0, -1.098612, -1.098612, -1.098612, -1.098612]","fixed_00122: score=0.254, d=1059.8, reason=ERR_DIST | fixed_00123: score=0.235, d=1216.2, reason=ERR_DIST | fixed_00120: score=0.221, d=1036.2, reason=ERR_DIST"
moving,moving_00056,56,Structure 1,no_counterpart,False,,17645.958453,30.993897999999998,722.9181441720408,107.66914150871202,0.783639806197421,1.069271452097959,-136.91733193308522,7.593302793652388e-07,0.0011111111080026397,0.001428571448884212,"[0.32, 0.8, 1.76, 1.520921, 1.2, 0.72]","[0.0, 0.0, 0.100943, 0.399057, 0.0, 0.5]","[0.0, 0.0, 0.0, 4.465908, 1.098612, 1.098612]","fixed_00122: score=0.427, d=1188.1, reason=ERR_DIST | fixed_00123: score=0.420, d=1318.9, reason=ERR_DIST | fixed_00120: score=0.399, d=1173.0, reason=ERR_DIST"
moving,moving_00057,57,Structure 1,no_counterpart,False,,17724.59664933333,30.993897999999998,722.9181625579761,107.6691429694504,0.783639804864533,1.0692714792926776,136.9173319239407,7.593302986772419e-07,0.001111111136261464,0.001428571448884212,"[0.414274, 1.242822, 1.102407, 0.276183, 0.897593, 1.311867]","[0.0, 0.124658, 0.375342, 0.0, 0.0, 0.5]","[-0.0, 0.0, 4.465908, -0.0, 1.098612, 1.098612]","fixed_00123: score=0.439, d=1369.5, reason=ERR_DIST | fixed_00120: score=0.397, d=1237.1, reason=ERR_DIST | fixed_00122: score=0.389, d=1248.9, reason=ERR_DIST"
moving,moving_00058,58,Structure 1,matched_anchor,False,,24644.757917000003,30.993897999999998,722.9181441720408,107.66914150871202,0.783639806197421,1.069271452097959,-136.91733193489682,7.593302793652388e-07,0.0011111111080026397,0.001428571448884212,"[0.156721, 1.724324, 1.490656, 1.692542, 0.053645, 0.509344]","[0.003382, 0.004445, 0.010245, 0.362253, 0.119674, 0.5]","[0.0, -0.0, 0.0, 5.01728, -0.0, 0.0]","fixed_00097: score=0.787, d=2.6, reason=OK | fixed_00102: score=0.495, d=1654.2, reason=ERR_DIST | fixed_00099: score=0.478, d=749.7, reason=OK"
moving,moving_00059,59,Structure 1,no_counterpart,False,,30031.474358,30.993897999999998,722.9181441720408,107.66914150871202,0.783639806197421,1.069271452097959,-136.91733193628437,7.593302793652388e-07,0.0011111111080026397,0.001428571448884212,"[1.193423, 0.202685, 1.036081, 0.321306, 0.963919, 1.51473]","[0.069614, 0.037324, 0.393062, 0.0, 0.0, 0.5]","[0.0, 0.0, 5.153292, 0.0, 0.0, 0.0]","fixed_00109: score=0.464, d=2048.3, reason=ERR_DIST | fixed_00107: score=0.450, d=1805.6, reason=ERR_DIST | fixed_00108: score=0.438, d=1537.1, reason=ERR_DIST"
moving,moving_00060,60,Structure 1,no_counterpart,False,,3011.9387754051386,144.8726347313458,31085.479897499645,740.134867349953,0.7130922430828897,1.4969800628020489,-136.91733192851746,3.2651201695601074e-05,0.007777777784277302,0.007142857127872303,"[1.388231, 0.783905, 0.665729, 0.832359, 1.167641, 1.777215]","[0.081525, 0.099263, 0.092693, 0.050768, 0.035354, 0.640398]","[-2.662588, -3.7612, -3.7612, -3.7612, -3.7612, -3.7612]","fixed_00074: score=0.429, d=123.2, reason=ERR_AREA | fixed_00114: score=0.427, d=146.6, reason=ERR_AREA | fixed_00115: score=0.380, d=235.9, reason=ERR_AREA"
moving,moving_00061,61,Structure 1,matched_anchor,False,,24605.438819000003,67.76575533333333,722.918124512492,107.66914014260631,0.7836398047722025,1.069271481176486,-136.917331934882,7.593302587154726e-07,0.0011111111080026397,0.0014285714100346265,"[1.76306, 1.528425, 1.727747, 0.471575, 0.053643, 0.199293]","[0.003816, 0.010494, 0.498069, 0.367947, 0.090245, 0.029429]","[0.0, 0.0, 5.01728, 0.0, 0.0, 0.0]","fixed_00097: score=0.724, d=56.0, reason=OK | fixed_00098: score=0.518, d=475.9, reason=OK | fixed_00099: score=0.432, d=789.9, reason=OK"
moving,moving_00062,62,Structure 1,no_counterpart,False,,17947.028252413013,252.47037299199818,62893.87777242431,945.2841877807988,0.8844910642972005,1.202420828668404,136.91733235826848,6.606173349542162e-05,0.007777777784277302,0.012857142884559566,"[1.627414, 1.154581, 0.969646, 0.756466, 0.79558, 1.030354]","[0.031887, 0.023715, 0.055192, 0.155395, 0.049182, 0.684629]","[-3.367296, -4.465908, -4.465908, -4.465908, -4.465908, -4.465908]","fixed_00031: score=0.462, d=3329.6, reason=ERR_DIST | fixed_00394: score=0.223, d=3000.1, reason=ERR_DIST;ERR_AREA | fixed_00123: score=0.190, d=1385.5, reason=ERR_DIST;ERR_AREA"
moving,moving_00063,63,Structure 1,no_counterpart,False,,30188.750749999996,104.537613,722.9181441720408,107.669141508712,0.7836398061974211,1.069271452097959,-136.91733193633164,7.593302793652388e-07,0.0011111111080026397,0.001428571448884212,"[0.906568, 1.834684, 1.24153, 0.55257, 0.218678, 1.093432]","[0.392175, 0.003847, 0.014921, 0.042808, 0.416887, 0.129362]","[5.153292, 0.0, 0.0, 0.0, 0.0, 0.0]","fixed_00108: score=0.515, d=1381.8, reason=ERR_DIST | fixed_00109: score=0.431, d=1892.5, reason=ERR_DIST | fixed_00007: score=0.310, d=346.9, reason=ERR_AREA"
moving,moving_00064,64,Structure 1,no_counterpart,False,,97.1896483481172,350.29619376166664,3614.5906520517874,237.5946665800153,0.8046288682016668,1.0692714666372234,-43.082667553258766,3.796651324552017e-06,0.0022222222160052825,0.0028571428589188393,"[0.992297, 0.694388, 0.466828, 1.117061, 1.283947, 1.007703]","[0.015933, 0.027181, 0.465094, 0.048029, 0.033541, 0.410222]","[-0.510826, -1.609438, -1.609438, -1.609438, -1.609438, 2.901422]","fixed_00005: score=0.478, d=107.4, reason=ERR_AREA | fixed_00009: score=0.462, d=72.1, reason=ERR_AREA | fixed_00010: score=0.452, d=82.9, reason=ERR_AREA"
moving,moving_00065,65,Structure 1,no_counterpart,False,,30726.07387800143,583.4574023033784,125064.83745073993,1396.7354390485873,0.8055950368344045,1.350867842190221,90.0,0.00013136413676406294,0.010000000000282581,0.018571428563547657,"[1.114108, 0.885892, 0.718461, 0.641165, 1.383667, 1.602391]","[0.024527, 0.008925, 0.219344, 0.099551, 0.009327, 0.638326]","[-5.153292, -5.153292, -5.153292, -5.153292, -5.153292, -5.153292]","fixed_00007: score=0.448, d=429.4, reason=OK | fixed_00008: score=0.422, d=645.2, reason=OK | fixed_00110: score=0.256, d=1832.4, reason=ERR_DIST;ERR_AREA"
moving,moving_00066,66,Structure 1,no_counterpart,False,,817.3844620000001,692.8873326666667,722.9181245124933,107.6691401426064,0.7836398047722026,1.069271481176484,136.91733192858433,7.59330258715474e-07,0.0011111111080026397,0.001428571410034629,"[0.601574, 0.620539, 0.108391, 1.587204, 1.511482, 1.379461]","[0.204086, 0.002422, 0.130819, 0.120753, 0.159675, 0.382246]","[4.007333, 3.044522, 0.0, 1.098612, 4.51086, 1.098612]","fixed_00002: score=0.451, d=997.6, reason=ERR_DIST | fixed_00001: score=0.422, d=912.8, reason=ERR_DIST | fixed_00066: score=0.402, d=1120.1, reason=ERR_DIST"
moving,moving_00067,67,Structure 1,no_counterpart,False,,778.065364,729.6591899999999,722.918144172042,107.6691415087121,0.783639806197421,1.0692714520979631,43.082668071477194,7.593302793652402e-07,0.001111111108002643,0.0014285714488842102,"[0.56638, 0.498623, 1.47543, 1.476342, 1.43362, 0.105526]","[0.232281, 0.142095, 0.123796, 0.154491, 0.082552, 0.264784]","[4.007333, 3.044522, 1.098612, 4.510859, 1.098612, -0.0]","fixed_00012: score=0.445, d=752.0, reason=OK | fixed_00010: score=0.434, d=818.4, reason=ERR_DIST | fixed_00002: score=0.434, d=1051.4, reason=ERR_DIST"
moving,moving_00068,68,Structure 1,no_counterpart,False,,26304.533549109972,774.262091332267,6506.263292453912,345.26380986641266,0.6858661685636366,1.0692714708557076,-43.08266731927903,6.833972508936096e-06,0.0033333333522667435,0.004285714307803049,"[0.939915, 0.751362, 0.967265, 1.032735, 1.165882, 1.669848]","[0.046623, 0.007745, 0.015691, 0.051062, 0.063775, 0.815105]","[-2.197225, 2.820055, -2.197225, -2.197225, -2.197225, -2.197225]","fixed_00391: score=0.317, d=1157.2, reason=ERR_DIST;ERR_AREA | fixed_00097: score=0.300, d=1816.5, reason=ERR_DIST;ERR_AREA | fixed_00104: score=0.259, d=1291.8, reason=ERR_DIST;ERR_AREA"
moving,moving_00069,69,Structure 1,no_counterpart,False,,595.5124082931634,906.8061542713755,15181.280941332967,558.9220131600306,0.6106830303711556,2.1385429326465095,0.0,1.5945935776044358e-05,0.006666666676274665,0.004285714307803049,"[0.757356, 1.299855, 1.242644, 1.304274, 0.530535, 0.642799]","[0.407799, 0.017831, 0.122609, 0.3066, 0.000512, 0.144648]","[0.962811, -3.044522, -3.044522, -1.94591, -3.044522, -3.044522]","fixed_00127: score=0.429, d=1394.8, reason=ERR_DIST | fixed_00116: score=0.283, d=449.5, reason=ERR_AREA | fixed_00118: score=0.255, d=691.8, reason=ERR_AREA"
moving,moving_00070,70,Structure 1,no_counterpart,False,,955.0013055,958.0904258667294,39760.49759962608,735.0403873026368,0.9247817917717865,1.0692714711696756,43.0826680714774,4.1763165018638693e-05,0.006666666676274663,0.008571428576756513,"[1.468862, 1.447554, 0.562528, 0.447604, 0.462849, 1.437472]","[0.012218, 0.046365, 0.122558, 0.028708, 0.082927, 0.707223]","[-4.007333, -4.007333, -0.962811, -4.007333, -4.007333, -2.908721]","fixed_00127: score=0.280, d=1122.9, reason=ERR_DIST | fixed_00001: score=0.256, d=1049.2, reason=ERR_DIST;ERR_AREA | fixed_00066: score=0.201, d=1202.8, reason=ERR_DIST;ERR_AREA"
moving,moving_00071,71,Structure 1,no_counterpart,False,,2417.6881723063993,1416.77090291511,346277.78684628423,2357.6998323356424,0.7828119954525146,1.6546132763531285,90.0,0.00036371919939166874,0.014444444432293153,0.03285714285814185,"[1.010393, 0.98139, 0.989607, 1.011124, 1.041219, 0.986889]","[0.062067, 0.00883, 0.015012, 0.014266, 0.012135, 0.887691]","[-4.562263, -6.171701, -6.171701, -5.073088, -6.171701, -2.4105]","fixed_00073: score=0.329, d=680.4, reason=OK | fixed_00127: score=0.276, d=948.6, reason=ERR_DIST;ERR_AREA | fixed_00388: score=0.211, d=2186.3, reason=ERR_DIST;ERR_AREA"
moving,moving_00072,72,Structure 1,no_counterpart,False,,222.84094569549677,2510.9258376458056,217598.35881803258,2789.858091501665,0.3513186889183269,1.803631240829236,-128.72799517024927,0.0002285584113813483,0.015555555540295796,0.03857142853712994,"[1.259345, 1.05294, 0.870455, 0.785188, 0.94706, 1.246717]","[0.019819, 0.028756, 0.207104, 0.035545, 0.033549, 0.675228]","[-5.70711, -5.70711, -5.70711, -5.70711, -5.70711, -5.70711]","fixed_00023: score=0.351, d=200.2, reason=ERR_AREA | fixed_00024: score=0.343, d=197.1, reason=ERR_AREA | fixed_00025: score=0.312, d=281.6, reason=ERR_AREA"
moving,moving_00073,73,Structure 1,matched_anchor,False,,31.002499999999998,2200.533489,722.9181441720434,107.6691415087122,0.7836398061974211,1.0692714520979585,-43.08266807146948,7.593302793652416e-07,0.0011111111080026415,0.0014285714488842145,"[1.107297, 0.334763, 0.557939, 1.450642, 0.892703, 1.618023]","[0.088106, 0.0, 0.0, 0.5, 0.0, 0.411894]","[5.70711, -0.0, -0.0, -0.0, -0.0, 1.098612]","fixed_00021: score=0.761, d=37.2, reason=OK | fixed_00020: score=0.736, d=73.2, reason=OK | fixed_00022: score=0.648, d=110.7, reason=OK"
moving,moving_00074,74,Structure 1,matched_anchor,False,,31.0025,2310.849061666667,722.9181245124877,107.66914014260601,0.7836398047722022,1.0692714811764958,136.91733192851385,7.59330258715468e-07,0.0011111111080026415,0.0014285714100346156,"[0.859621, 0.228076, 1.140379, 1.368455, 0.342114, 1.254417]","[0.121655, 0.0, 0.0, 0.5, 0.0, 0.378345]","[5.70711, 0.0, 0.0, 0.0, 0.0, 0.0]","fixed_00022: score=0.795, d=1.4, reason=OK | fixed_00021: score=0.711, d=73.2, reason=OK | fixed_00023: score=0.645, d=147.6, reason=OK"
moving,moving_00075,75,Structure 1,no_counterpart,False,,23017.105497125787,2721.890369298871,529898.993597167,3405.017780886377,0.5743335551483537,1.6802837395549823,-27.45478931356751,0.0005565890883874947,0.03666666667712241,0.029999999999223006,"[0.524584, 0.38015, 0.905571, 1.094429, 1.161956, 1.181407]","[0.118251, 0.215621, 0.46565, 0.023232, 0.000752, 0.176495]","[-0.263866, -0.188617, 0.098653, -6.597146, -6.597146, -6.597146]","fixed_00393: score=0.442, d=2140.6, reason=ERR_DIST | fixed_00394: score=0.417, d=2878.3, reason=ERR_DIST | fixed_00397: score=0.408, d=1580.4, reason=ERR_DIST"
moving,moving_00076,76,Structure 1,matched_review,False,,31.0025,2384.3927766666666,722.9181245124967,107.66914014260664,0.7836398047722027,1.0692714811764825,136.91733192851476,7.593302587154776e-07,0.0011111111080026415,0.0014285714100346334,"[0.877163, 1.122837, 1.684256, 1.403547, 0.280709, 0.701773]","[0.1572, 0.0, 0.0, 0.5, 0.0, 0.3428]","[5.70711, -0.0, -0.0, 0.0, -0.0, 0.0]","fixed_00023: score=0.716, d=74.0, reason=OK | fixed_00022: score=0.701, d=73.1, reason=OK | fixed_00021: score=0.651, d=146.7, reason=OK"
moving,moving_00077,77,Structure 1,matched_anchor,False,,31.0025,2678.567636333333,722.9181245124877,107.66914014260601,0.7836398047722022,1.0692714811764958,-136.91733192853278,7.59330258715468e-07,0.0011111111080026415,0.0014285714100346156,"[0.309399, 0.618798, 0.928197, 1.237596, 1.546995, 1.071803]","[0.0, 0.0, 0.5, 0.0, 0.135697, 0.364303]","[0.0, 0.0, 0.0, 0.0, 0.0, 5.70711]","fixed_00025: score=0.811, d=37.4, reason=OK | fixed_00023: score=0.645, d=220.2, reason=OK | fixed_00026: score=0.560, d=258.1, reason=ERR_NOT_MUTUAL"
moving,moving_00078,78,Structure 1,matched_anchor,False,,31.0025,2752.1113513333325,722.9181245124967,107.66914014260664,0.7836398047722027,1.0692714811764825,136.91733192851348,7.593302587154776e-07,0.0011111111080026415,0.0014285714100346334,"[0.323082, 0.646164, 0.323082, 1.61541, 1.938492, 1.353836]","[0.0, 0.5, 0.0, 0.0, 0.106941, 0.393059]","[-0.0, 0.0, -0.0, 0.0, -0.0, 5.70711]","fixed_00025: score=0.763, d=36.2, reason=OK | fixed_00026: score=0.643, d=184.5, reason=OK | fixed_00027: score=0.578, d=331.7, reason=ERR_NOT_MUTUAL"
moving,moving_00079,79,Structure 1,matched_review,False,,31.0025,2825.6550663333333,722.9181245124877,107.66914014260601,0.7836398047722022,1.0692714811764958,136.91733192851464,7.59330258715468e-07,0.0011111111080026415,0.0014285714100346156,"[0.285233, 0.285233, 0.570466, 1.711398, 1.996631, 1.429534]","[0.5, 0.0, 0.0, 0.0, 0.087122, 0.412878]","[0.0, 0.0, 0.0, 0.0, 0.0, 5.70711]","fixed_00026: score=0.683, d=111.0, reason=OK | fixed_00025: score=0.635, d=109.7, reason=ERR_NOT_MUTUAL | fixed_00028: score=0.560, d=331.7, reason=ERR_NOT_MUTUAL"
moving,moving_00080,80,Structure 1,no_counterpart,False,,33492.934608898904,2909.305666255659,41206.33374307077,813.6785816195841,0.7821104185775586,1.2474833879300375,136.91733244666463,4.328182542517145e-05,0.007777777784277302,0.008571428537906928,"[1.00101, 1.010803, 0.160529, 1.031386, 0.99899, 0.97353]","[0.005791, 0.566854, 0.33417, 0.01709, 0.027239, 0.048856]","[-4.043051, -4.043051, 4.752228, -4.043051, -4.043051, -4.043051]","fixed_00018: score=0.251, d=1449.8, reason=ERR_DIST;ERR_AREA | fixed_00400: score=0.233, d=1554.7, reason=ERR_DIST;ERR_AREA | fixed_00411: score=0.220, d=3456.3, reason=ERR_DIST;ERR_AREA"
moving,moving_00081,81,Structure 1,matched_anchor,False,,31.002499999999998,2899.1987810000005,722.9181441720434,107.6691415087122,0.7836398061974211,1.0692714520979585,136.91733192851385,7.593302793652416e-07,0.0011111111080026415,0.0014285714488842145,"[1.462525, 0.225004, 0.675012, 0.450008, 1.575027, 1.324988]","[0.5, 0.0, 0.0, 0.0, 0.073036, 0.426964]","[-0.0, -0.0, -0.0, -0.0, -0.0, 5.70711]","fixed_00026: score=0.772, d=37.5, reason=OK | fixed_00027: score=0.615, d=184.6, reason=OK | fixed_00025: score=0.588, d=183.3, reason=ERR_NOT_MUTUAL"
moving,moving_00082,82,Structure 1,no_counterpart,False,,23703.66361650134,3465.31071493808,438811.30865010415,2902.6217172506426,0.6544956956307338,1.4853433745506244,-94.07741899167043,0.0004609134744674685,0.018888888892562523,0.03857142857597953,"[0.820183, 0.344949, 1.179817, 1.198244, 1.213836, 0.322066]","[0.217004, 0.138496, 0.021469, 0.001277, 0.091528, 0.530226]","[0.28727, 0.188617, -6.408529, -6.408529, -6.408529, -0.075249]","fixed_00393: score=0.407, d=3090.3, reason=ERR_DIST | fixed_00397: score=0.407, d=694.6, reason=OK | fixed_00152: score=0.289, d=2802.7, reason=ERR_DIST"
moving,moving_00083,83,Structure 1,no_counterpart,False,,3657.777386360992,4235.505592297196,126510.67384084365,1369.1861932319478,0.8480315515888892,1.0202358520754016,-43.08266768281643,0.00013288279742967852,0.012222222244546686,0.017142857153513037,"[1.184612, 0.93252, 1.06748, 0.178916, 0.853158, 1.155302]","[0.062246, 0.111909, 0.251084, 0.109563, 0.268919, 0.196277]","[6.310136, 1.260083, -3.218876, -0.960093, 2.497682, 0.8141]","fixed_00136: score=0.296, d=3432.2, reason=ERR_DIST | fixed_00388: score=0.226, d=1149.3, reason=ERR_DIST;ERR_AREA | fixed_00141: score=0.222, d=680.9, reason=ERR_AREA"
moving,moving_00084,84,Structure 1,no_counterpart,False,,3265.48736297867,4226.23291647194,48435.515020591476,830.8404862313341,0.881735818927489,1.091085571189861,-90.0,5.087512804635368e-05,0.006666666648015839,0.010000000025640741,"[0.167098, 0.988001, 1.011999, 1.123796, 0.676148, 1.205255]","[0.116536, 0.10598, 0.312467, 0.099672, 0.259108, 0.106237]","[0.960093, 2.220176, -2.258782, 5.148795, 3.457775, 1.774193]","fixed_00162: score=0.433, d=2638.8, reason=ERR_DIST | fixed_00136: score=0.259, d=3823.9, reason=ERR_DIST;ERR_AREA | fixed_00141: score=0.233, d=482.6, reason=ERR_AREA"
moving,moving_00085,85,Structure 1,no_counterpart,False,,111.34282149740758,4834.098901045299,55664.69630503558,1606.9792376544342,0.2708751573935065,2.992691846593226,-96.7754335509277,5.846843067480803e-05,0.005555555540013208,0.022857142871350714,"[1.372338, 1.123339, 0.876661, 0.587837, 0.407452, 1.196677]","[0.005779, 0.009049, 0.020798, 0.029924, 0.379109, 0.555341]","[-4.343805, -3.245193, -4.343805, -4.343805, -4.343805, -4.343805]","fixed_00151: score=0.274, d=284.9, reason=ERR_AREA | fixed_00148: score=0.255, d=361.8, reason=ERR_AREA | fixed_00141: score=0.233, d=3048.2, reason=ERR_DIST;ERR_AREA"
moving,moving_00086,86,Structure 1,no_counterpart,False,,11079.669069,4903.265013648149,19518.789617411447,543.638567793925,0.8299314603374397,1.8704324041207712,90.0,2.050191725376475e-05,0.0033333333240079194,0.008571428576756527,"[1.415926, 1.728231, 0.578756, 0.584074, 0.382549, 1.662317]","[0.114062, 0.040766, 0.096523, 0.003064, 0.250171, 0.495414]","[3.132268, 3.822989, 0.071459, 2.155202, 4.74106, 3.553229]","fixed_00040: score=0.409, d=3350.3, reason=ERR_DIST | fixed_00130: score=0.392, d=2459.2, reason=ERR_DIST | fixed_00153: score=0.227, d=2950.8, reason=ERR_DIST;ERR_AREA"
moving,moving_00087,87,Structure 1,matched_review,False,,31.002499999999998,4958.422799999999,722.9181441720434,107.6691415087122,0.7836398061974211,1.0692714520979585,136.91733192851345,7.593302793652416e-07,0.0011111111080026415,0.0014285714488842145,"[0.32, 0.8, 1.2, 1.6, 1.92, 0.644074]","[0.0, 0.0, 0.0, 0.0, 0.591309, 0.408691]","[0.0, -0.0, 1.098612, -0.0, -0.0, 4.343805]","fixed_00151: score=0.690, d=148.6, reason=OK | fixed_00405: score=0.590, d=222.2, reason=ERR_NOT_MUTUAL | fixed_00148: score=0.558, d=476.8, reason=OK"
moving,moving_00088,88,Structure 1,matched_review,False,,31.002499999999998,5031.966515,722.9181441720434,107.6691415087122,0.7836398061974211,1.0692714520979585,136.91733192851558,7.593302793652416e-07,0.0011111111080026415,0.0014285714488842145,"[0.530617, 0.972798, 1.768723, 1.414978, 0.353745, 1.027202]","[0.0, 0.0, 0.0, 0.5, 0.061385, 0.438615]","[-0.0, 1.098612, -0.0, -0.0, 0.0, 4.343805]","fixed_00151: score=0.706, d=75.1, reason=OK | fixed_00405: score=0.670, d=148.6, reason=OK | fixed_00407: score=0.661, d=222.2, reason=ERR_NOT_MUTUAL"
moving,moving_00089,89,Structure 1,no_counterpart,False,,10541.337740416491,5257.003443848607,168439.92560002158,1615.4881217556276,0.8110495108585356,1.1583774270816949,0.0,0.0001769239529996999,0.014444444432293141,0.017142857114663453,"[1.533555, 0.346665, 1.416946, 1.705264, 0.201378, 0.583054]","[0.012833, 0.112708, 0.188442, 0.493626, 0.005812, 0.186579]","[0.977067, -2.083743, 1.667788, 0.215388, 2.585858, -2.155202]","fixed_00158: score=0.366, d=3250.1, reason=ERR_DIST | fixed_00139: score=0.364, d=2513.3, reason=ERR_DIST | fixed_00153: score=0.344, d=3305.0, reason=ERR_DIST"
moving,moving_00090,90,Structure 1,no_counterpart,False,,35033.37332949999,5260.428703488683,6506.263199250686,345.2638070395692,0.6858661699695404,1.0692714714836393,136.91733244666443,6.833972411038384e-06,0.0033333333240079194,0.004285714268953481,"[0.747244, 1.186489, 0.990709, 1.212535, 1.009291, 0.861341]","[0.08237, 0.12477, 0.671465, 0.039544, 0.041635, 0.040216]","[-0.587787, -2.197225, 4.039145, -0.587787, -0.587787, -2.197225]","fixed_00406: score=0.311, d=358.7, reason=ERR_AREA | fixed_00409: score=0.299, d=430.6, reason=ERR_AREA | fixed_00412: score=0.297, d=724.3, reason=ERR_AREA"
moving,moving_00091,91,Structure 1,matched_anchor,False,,35339.552603,5215.825802333334,722.9181245125044,107.66914014260718,0.7836398047722032,1.0692714811764676,-136.91733192865817,7.593302587154856e-07,0.0011111111080026397,0.001428571410034651,"[1.139535, 1.700949, 0.320196, 1.18799, 0.860465, 0.392644]","[0.007003, 0.092285, 0.148837, 0.301092, 0.014243, 0.436541]","[0.0, 0.0, 1.609438, 2.197225, 1.609438, 1.609438]","fixed_00406: score=0.738, d=56.0, reason=OK | fixed_00409: score=0.524, d=299.0, reason=OK | fixed_00150: score=0.498, d=442.0, reason=OK"
moving,moving_00092,92,Structure 1,no_counterpart,False,,35300.23350500001,5289.369517233335,3614.590661881544,254.7565701426055,0.6998713246830016,2.8056485934646744,90.0,3.796651334876881e-06,0.0011111111080026397,0.004285714268953446,"[0.931964, 1.496198, 1.068036, 1.211592, 0.73409, 0.331819]","[0.020962, 0.300724, 0.27438, 0.016825, 0.019743, 0.367367]","[-1.609438, -1.609438, 0.587787, 0.0, 0.0, -1.609438]","fixed_00406: score=0.400, d=136.8, reason=ERR_AREA | fixed_00421: score=0.389, d=833.4, reason=ERR_DIST | fixed_00149: score=0.378, d=720.5, reason=OK"
moving,moving_00093,93,Structure 1,no_counterpart,False,,10841.155803890895,5495.3130520922505,20964.625886096026,576.0839150395691,0.7938262978583491,1.3365893332965233,0.0,2.2020577791845513e-05,0.0055555555400131984,0.005714285717837696,"[1.355622, 1.340929, 2.103953, 0.395463, 0.398395, 0.659071]","[0.160001, 0.186257, 0.170314, 0.093441, 0.110623, 0.279363]","[3.060809, 3.75153, 2.299131, 2.083743, 4.669601, -0.071459]","fixed_00040: score=0.447, d=2714.8, reason=ERR_DIST | fixed_00136: score=0.247, d=3999.2, reason=ERR_DIST;ERR_AREA | fixed_00139: score=0.230, d=2878.1, reason=ERR_DIST;ERR_AREA"
moving,moving_00094,94,Structure 1,no_counterpart,False,,8963.229045112239,6286.016213533798,208923.34103917863,1942.0540847886336,0.6961040896939568,1.7854127441039358,70.38272137651724,0.00021944644797771855,0.012222222216287862,0.02999999999922299,"[0.937729, 1.31836, 1.016573, 1.220164, 0.909272, 0.983427]","[0.201424, 0.663843, 0.00053, 0.000143, 0.028536, 0.105523]","[1.4524, -1.155567, 2.37047, -2.37059, -0.215388, -2.299131]","fixed_00153: score=0.432, d=4711.8, reason=ERR_DIST | fixed_00158: score=0.419, d=1372.2, reason=ERR_DIST | fixed_00139: score=0.373, d=2026.0, reason=ERR_DIST"
moving,moving_00095,95,Structure 1,no_counterpart,False,,29551.9877320453,6699.279056324045,130848.18235172614,2022.2282230102908,0.4020843998410054,1.3747776065175796,-136.91733192881347,0.00013743877873388226,0.020000000000565163,0.019999999973582285,"[0.848114, 0.763628, 1.151886, 1.508772, 0.621195, 1.534445]","[0.022866, 0.410188, 0.064912, 0.063848, 0.168168, 0.270018]","[-0.525668, -0.155072, -1.979621, -0.665898, 5.016108, 0.243921]","fixed_00422: score=0.313, d=1219.0, reason=ERR_DIST | fixed_00431: score=0.285, d=2985.3, reason=ERR_DIST;ERR_AREA | fixed_00411: score=0.272, d=2356.4, reason=ERR_DIST"
moving,moving_00096,96,Structure 1,matched_review,False,,109.64069599999999,6631.542315277778,2168.7544128565733,181.2128561426061,0.8299314625815875,1.8704324041207614,90.0,2.27799081744595e-06,0.001111111108002641,0.00285714285891883,"[1.024085, 1.107681, 0.975915, 0.751514, 0.395897, 1.065846]","[0.018586, 0.008837, 0.004735, 0.440258, 0.024785, 0.502799]","[2.456736, -1.098612, 0.510826, -1.098612, -1.098612, -1.098612]","fixed_00161: score=0.702, d=80.0, reason=OK | fixed_00163: score=0.636, d=138.0, reason=OK | fixed_00164: score=0.434, d=219.5, reason=OK"
moving,moving_00097,97,Structure 1,no_counterpart,False,,30830.074835875555,7020.849529087359,112052.3110274846,1470.2791544146926,0.6513749943280354,1.454780754649557,61.869447646926815,0.00011769619191598539,0.010000000000282581,0.020000000012431848,"[0.921764, 1.38661, 0.598998, 1.078236, 1.255548, 0.112264]","[0.088394, 0.365855, 0.017461, 0.21265, 0.108655, 0.206984]","[3.11795, -0.752966, 0.155072, 5.17118, 0.839897, -0.370596]","fixed_00422: score=0.313, d=555.7, reason=OK | fixed_00424: score=0.267, d=906.7, reason=ERR_DIST | fixed_00411: score=0.258, d=1458.7, reason=ERR_DIST"
moving,moving_00098,98,Structure 1,no_counterpart,False,,1318.1032475045438,7769.857877989078,596407.4621811075,3306.1457982135307,0.6856601815239427,1.6735447759138704,121.95350968942299,0.0006264474733749648,0.021111111136826635,0.04857142860162022,"[1.011725, 1.007558, 1.006665, 0.455018, 0.993335, 0.928946]","[0.009044, 0.009089, 0.012594, 0.015256, 0.01166, 0.942357]","[-6.715383, -6.715383, -6.715383, -6.715383, -6.715383, -3.160035]","fixed_00423: score=0.293, d=703.6, reason=ERR_AREA | fixed_00041: score=0.258, d=1743.5, reason=ERR_DIST;ERR_AREA | fixed_00162: score=0.193, d=1598.2, reason=ERR_DIST;ERR_AREA"
moving,moving_00099,99,Structure 1,no_counterpart,False,,27663.54720611031,7320.524351189333,18072.95346031613,526.4766640090196,0.8193712896550914,1.1690202419634592,133.08266734451914,1.898325683289381e-05,0.004444444460269383,0.0071428571278723115,"[1.435397, 0.62909, 1.268324, 0.641176, 0.850036, 1.149964]","[0.01441, 0.10409, 0.113245, 0.220606, 0.088515, 0.459134]","[4.267177, -0.653926, 3.152736, 1.313724, 6.99573, 1.979621]","fixed_00398: score=0.285, d=3544.2, reason=ERR_DIST;ERR_AREA | fixed_00422: score=0.253, d=3200.7, reason=ERR_DIST;ERR_AREA | fixed_00401: score=0.244, d=3968.2, reason=ERR_DIST;ERR_AREA"
moving,moving_00100,100,Structure 1,no_counterpart,False,,170.5852981129045,7463.024054304159,25302.134727647746,605.1148600090177,0.8683431678224933,1.0692714749840224,136.91733192851754,2.657655944337375e-05,0.005555555568272022,0.007142857127872276,"[1.564948, 1.32822, 1.097762, 0.415903, 0.496018, 0.902238]","[0.009146, 0.013046, 0.082225, 0.141743, 0.116196, 0.637643]","[-3.555348, -3.555348, -3.555348, -3.555348, -1.94591, -3.555348]","fixed_00162: score=0.386, d=2492.9, reason=ERR_DIST | fixed_00041: score=0.372, d=2931.3, reason=ERR_DIST | fixed_00426: score=0.358, d=205.0, reason=ERR_AREA"
moving,moving_00101,101,Structure 1,no_counterpart,False,,738.7462659999999,7716.312110666667,722.9181245124865,107.66914014260593,0.7836398047722022,1.069271481176494,136.91733192833178,7.593302587154669e-07,0.0011111111080026397,0.0014285714100346156,"[0.830025, 1.04317, 1.021849, 1.011019, 0.988981, 0.887426]","[0.444881, 0.015842, 0.016348, 0.050983, 0.024022, 0.447925]","[6.715383, 0.0, 0.0, 0.0, 0.0, 3.555348]","fixed_00426: score=0.476, d=815.2, reason=ERR_DIST | fixed_00427: score=0.465, d=709.1, reason=OK | fixed_00425: score=0.452, d=968.4, reason=ERR_DIST"
moving,moving_00102,102,Structure 1,no_counterpart,False,,22528.75984934373,8108.603074728773,38314.66112014003,757.2967702313322,0.8395424173948476,1.0692714666372252,43.08266807148258,4.024450425913876e-05,0.006666666648015839,0.00857142857675649,"[1.733962, 0.961775, 1.038225, 1.808569, 0.7103, 0.167476]","[0.128104, 0.117831, 0.020899, 0.043644, 0.357236, 0.332285]","[2.105054, 2.523462, -0.25672, 3.641056, 2.613117, 2.977645]","fixed_00034: score=0.371, d=3887.3, reason=ERR_DIST | fixed_00037: score=0.352, d=3486.6, reason=ERR_DIST | fixed_00035: score=0.334, d=3292.3, reason=ERR_DIST"
moving,moving_00103,103,Structure 1,no_counterpart,False,,43.453547798016395,8904.655971274999,3614.590671711417,237.59466658001796,0.8046288725779965,1.0692714666372005,136.91733192851737,3.7966513452018683e-06,0.002222222216005283,0.002857142858918901,"[1.414549, 1.146501, 0.610692, 0.678517, 0.892809, 1.107191]","[0.000956, 0.004428, 0.482006, 0.002047, 0.001254, 0.509309]","[-0.510826, -1.609438, -1.609438, -1.609438, -1.609438, -1.609438]","fixed_00437: score=0.565, d=16.3, reason=ERR_AREA | fixed_00432: score=0.490, d=579.0, reason=OK | fixed_00436: score=0.482, d=156.4, reason=ERR_AREA"
moving,moving_00104,104,Structure 1,no_counterpart,False,,32242.814548363964,9724.869883132342,52773.02391602762,914.5731643259668,0.7928388740515291,1.4256952933820868,0.0,5.5431109754480405e-05,0.008888888892279942,0.00857142857675649,"[0.288071, 0.824253, 1.013271, 1.1719, 0.986729, 1.163911]","[0.133554, 0.025305, 0.005081, 0.004215, 0.521852, 0.309992]","[-0.626898, 1.070833, 5.507834, 0.686274, 3.903494, 3.870916]","fixed_00179: score=0.409, d=2605.1, reason=ERR_DIST | fixed_00424: score=0.270, d=3150.4, reason=ERR_DIST;ERR_AREA | fixed_00175: score=0.256, d=2027.7, reason=ERR_DIST"
moving,moving_00105,105,Structure 1,no_counterpart,False,,8021.849401613134,9760.74744759884,49881.35148169134,864.9659135177313,0.8378187768929708,1.0692714684451503,43.08266768281638,5.239378878654135e-05,0.0077777777842773285,0.010000000025640705,"[1.090661, 1.520328, 0.808191, 0.973985, 0.435581, 1.026015]","[0.097083, 0.024814, 0.182642, 0.207441, 0.223376, 0.264644]","[1.890577, 1.127186, 2.451754, -0.226773, 1.70343, 0.276753]","fixed_00194: score=0.370, d=4290.3, reason=ERR_DIST | fixed_00040: score=0.361, d=2424.7, reason=ERR_DIST | fixed_00006: score=0.287, d=582.4, reason=ERR_AREA"
moving,moving_00106,106,Structure 1,no_counterpart,False,,29089.041520197025,10159.583365536706,461944.68870494486,2825.7178431691336,0.7270131295495936,1.020668221887632,43.09477877733929,0.00048521204282035257,0.023333333324573085,0.0314285714092576,"[0.445732, 1.150722, 0.849278, 4.997725, 0.521512, 5.008353]","[0.048286, 0.066021, 0.110774, 0.271113, 0.031146, 0.472661]","[1.719576, -1.993996, -0.651762, -3.241029, -3.751854, -2.169445]","fixed_00431: score=0.370, d=2887.3, reason=ERR_DIST | fixed_00482: score=0.330, d=3558.0, reason=ERR_DIST | fixed_00213: score=0.235, d=5936.0, reason=ERR_DIST;ERR_AREA"
moving,moving_00107,107,Structure 1,no_counterpart,False,,32157.124846929244,11167.52553082326,2616240.734367942,12283.816932602991,0.21788177083367435,1.1690202484112642,-98.68497108964972,0.0027480162501517685,0.057777777785690314,0.09285714285658787,"[0.112952, 2.261835, 0.329892, 1.737484, 1.55214, 0.44786]","[0.076048, 0.084251, 0.526487, 0.04592, 0.077271, 0.190023]","[1.604341, -5.796058, -3.217219, -3.903494, -4.530391, -2.832661]","fixed_00461: score=0.299, d=986.7, reason=ERR_DIST | fixed_00431: score=0.209, d=2397.9, reason=ERR_DIST;ERR_AREA | fixed_00482: score=0.186, d=3358.9, reason=ERR_DIST;ERR_AREA"
moving,moving_00108,108,Structure 1,no_counterpart,False,,32597.21353977543,9953.816780132564,28193.807180369644,649.62762872262,0.8395268971910759,1.069271469545079,0.0,2.961388043062447e-05,0.0055555555400131984,0.007142857127872276,"[0.752927, 1.188348, 1.005215, 0.994785, 0.325103, 1.464727]","[0.01601, 0.001052, 0.011404, 0.285924, 0.156925, 0.528686]","[1.697731, 1.313172, 6.134732, 4.530391, 0.626898, 4.497813]","fixed_00175: score=0.357, d=2103.9, reason=ERR_DIST | fixed_00179: score=0.323, d=2396.4, reason=ERR_DIST | fixed_00434: score=0.224, d=1553.3, reason=ERR_DIST;ERR_AREA"
moving,moving_00109,109,Structure 1,matched_review,False,,31.002499999999998,9959.395417,722.9181441720434,107.6691415087122,0.7836398061974211,1.0692714520979585,136.91733192851333,7.593302793652416e-07,0.0011111111080026415,0.0014285714488842145,"[0.195122, 0.780488, 1.463415, 0.390244, 1.219512, 1.512195]","[0.0, 0.0, 0.5, 0.0, 0.0, 0.5]","[-0.0, -0.0, 0.0, 0.0, 1.098612, 1.098612]","fixed_00448: score=0.643, d=187.3, reason=OK | fixed_00453: score=0.639, d=481.6, reason=ERR_NOT_MUTUAL | fixed_00457: score=0.611, d=775.9, reason=ERR_NOT_MUTUAL"
moving,moving_00110,110,Structure 1,no_counterpart,False,,28357.588040565006,10163.507403558433,62893.87786117025,1012.0533421043114,0.7716341328477065,1.2024208250351303,-150.70192215984866,6.606173358863753e-05,0.007777777784277302,0.012857142845710007,"[0.526051, 3.214498, 3.284021, 0.361365, 1.179168, 0.820832]","[0.623809, 0.06004, 0.169186, 0.101899, 0.01617, 0.028897]","[3.713572, -1.900959, -1.247032, 1.342234, -1.757858, 1.993996]","fixed_00175: score=0.230, d=2899.4, reason=ERR_DIST;ERR_AREA | fixed_00213: score=0.225, d=5870.4, reason=ERR_DIST;ERR_AREA | fixed_00476: score=0.219, d=5325.4, reason=ERR_DIST;ERR_AREA"
moving,moving_00111,111,Structure 1,no_counterpart,False,,7736.409486382438,13590.406972126415,9966872.33979025,19092.460686672326,0.3435935081157891,1.2051755139876588,-78.7995642943132,0.010468886441961438,0.10777777778710321,0.17857142858530348,"[1.198238, 0.801762, 0.505921, 0.541852, 2.276534, 2.022023]","[0.147803, 0.177796, 0.276038, 0.065262, 0.045985, 0.287115]","[-7.133586, -5.817909, -4.626207, -9.531481, -4.170189, -9.531481]","fixed_00488: score=0.248, d=2509.3, reason=ERR_DIST;ERR_AREA | fixed_00208: score=0.224, d=3056.0, reason=ERR_DIST;ERR_AREA | fixed_00468: score=0.222, d=1894.4, reason=ERR_DIST;ERR_AREA"
moving,moving_00112,112,Structure 1,no_counterpart,False,,542.7362832327243,12520.928063126697,1051845.887696631,5121.544617371848,0.5039182142959302,1.336023141251623,-90.0,0.0011048255437946033,0.031111111108850405,0.05714285713952722,"[1.33296, 0.880582, 0.736948, 0.779227, 1.141861, 1.119418]","[0.055609, 0.170299, 0.018604, 0.06793, 0.16523, 0.522327]","[-5.085537, -7.282761, -7.282761, -7.282761, -7.282761, 1.878704]","fixed_00451: score=0.433, d=1149.8, reason=ERR_DIST | fixed_00178: score=0.402, d=2837.1, reason=ERR_DIST | fixed_00184: score=0.274, d=515.8, reason=ERR_AREA"
moving,moving_00113,113,Structure 1,matched_anchor,False,,31.0025,12239.250580333333,722.9181245124877,107.66914014260601,0.7836398047722022,1.0692714811764958,-136.91733192853218,7.59330258715468e-07,0.0011111111080026415,0.0014285714100346156,"[0.966106, 0.121635, 1.155529, 0.66899, 1.033894, 1.605108]","[0.169917, 0.0, 0.5, 0.0, 0.165368, 0.164716]","[7.282761, 0.0, 0.0, 0.0, 0.0, 9.161465]","fixed_00475: score=0.732, d=38.3, reason=OK | fixed_00181: score=0.681, d=77.8, reason=OK | fixed_00182: score=0.592, d=151.4, reason=OK"
moving,moving_00114,114,Structure 1,matched_anchor,False,,31.0025,12312.794295333333,722.9181245124877,107.66914014260601,0.7836398047722022,1.0692714811764958,-136.91733192853042,7.59330258715468e-07,0.0011111111080026415,0.0014285714100346156,"[0.938279, 1.061721, 0.811904, 0.124908, 1.18663, 1.715026]","[0.18852, 0.5, 0.0, 0.0, 0.15537, 0.15611]","[7.282761, 0.0, 0.0, 0.0, 0.0, 9.161465]","fixed_00181: score=0.778, d=4.5, reason=OK | fixed_00182: score=0.684, d=77.8, reason=OK | fixed_00475: score=0.678, d=79.1, reason=OK"
moving,moving_00115,115,Structure 1,no_counterpart,False,,4772.594479442702,12624.081029163553,201694.16005619208,1779.5390766999092,0.8003650753017778,1.233774774671066,0.0,0.00021185314566590563,0.016666666676557272,0.018571428563547668,"[1.582611, 1.574897, 0.424641, 1.158199, 0.623767, 0.841801]","[0.037895, 0.147804, 0.229912, 0.059794, 0.277257, 0.247338]","[-5.631212, -0.725937, -0.13815, 0.665898, 0.963202, 0.7404]","fixed_00171: score=0.278, d=1682.9, reason=ERR_DIST | fixed_00178: score=0.214, d=1891.1, reason=ERR_DIST;ERR_AREA"
moving,moving_00116,116,Structure 1,no_counterpart,False,,33275.299952,12680.51287010606,7952.099448275576,333.39476614260536,0.8990298493514902,1.4028242967323372,90.0,8.35263292846923e-06,0.0022222222160052795,0.004285714268953446,"[0.86051, 0.980964, 0.937734, 1.019036, 1.107512, 1.098346]","[0.013379, 0.003824, 0.026542, 0.298816, 0.013775, 0.643665]","[2.578838, 5.796058, 7.400398, 2.963397, -2.397895, -2.397895]","fixed_00175: score=0.348, d=2635.0, reason=ERR_DIST | fixed_00482: score=0.288, d=3532.4, reason=ERR_DIST;ERR_AREA | fixed_00213: score=0.260, d=6060.7, reason=ERR_DIST;ERR_AREA"
moving,moving_00117,117,Structure 1,no_counterpart,False,,4936.8825079088665,13373.150402178504,175669.10702017174,1598.3262184626665,0.8641207035668701,1.3608909616927656,180.0,0.0001845172557706956,0.015555555540295807,0.015714285704628767,"[1.125175, 0.975558, 0.690436, 0.350376, 1.024442, 1.211706]","[0.475809, 0.083637, 0.128471, 0.044657, 0.226813, 0.040613]","[-0.587787, 0.804048, 1.101352, 0.13815, 0.87855, -5.493061]","fixed_00194: score=0.386, d=4171.8, reason=ERR_DIST | fixed_00208: score=0.368, d=2562.4, reason=ERR_DIST | fixed_00053: score=0.318, d=4099.9, reason=ERR_DIST"
moving,moving_00118,118,Structure 1,no_counterpart,False,,13231.248864597495,15939.297312087792,811837.0665497896,4013.8895626071608,0.6332101997596676,1.0599116912264495,39.293949069741025,0.0008527278939005351,0.03333333335311449,0.048571428562770726,"[2.14197, 1.853491, 0.23426, 0.536454, 1.463546, 0.268502]","[0.195558, 0.105999, 0.386932, 0.214531, 0.00289, 0.094089]","[-0.907867, 0.376862, -3.091933, -3.131939, -1.091514, -1.203676]","fixed_00488: score=0.396, d=3843.8, reason=ERR_DIST | fixed_00483: score=0.348, d=4345.6, reason=ERR_DIST | fixed_00477: score=0.346, d=5040.3, reason=ERR_DIST"
moving,moving_00119,119,Structure 1,no_counterpart,False,,34153.128604593134,15829.985319699765,23856.298635540214,600.0203796920707,0.8326853498610064,1.4028242941710853,43.082668071483155,2.5057899090763914e-05,0.004444444460269383,0.00857142857675649,"[0.990751, 0.994928, 1.005072, 1.130038, 1.213769, 0.607423]","[0.009499, 0.011708, 0.05244, 0.8217, 0.063395, 0.041258]","[-3.496508, -3.496508, -2.397895, -3.496508, -3.496508, 4.163135]","fixed_00231: score=0.375, d=4722.4, reason=ERR_DIST | fixed_00490: score=0.332, d=1085.2, reason=ERR_DIST | fixed_00503: score=0.280, d=3453.9, reason=ERR_DIST;ERR_AREA"
moving,moving_00120,120,Structure 1,no_counterpart,False,,2919.340357739316,16049.67134607077,52773.02380698544,892.3167769856893,0.832882479321639,1.4256952888496357,0.0,5.543110963994596e-05,0.00888888886402113,0.00857142857675649,"[0.411565, 0.960366, 1.039634, 1.435998, 1.361935, 0.735273]","[0.023463, 0.059033, 0.271879, 0.112987, 0.225065, 0.307573]","[1.258617, 4.294953, -0.179586, 1.143263, 3.754167, 2.131163]","fixed_00228: score=0.376, d=2730.8, reason=ERR_DIST | fixed_00196: score=0.251, d=1972.2, reason=ERR_DIST;ERR_AREA | fixed_00205: score=0.238, d=1257.6, reason=ERR_DIST;ERR_AREA"
moving,moving_00121,121,Structure 1,no_counterpart,False,,3573.9923732219536,16192.356416911682,185789.96116155118,1683.7389774069457,0.8235359773532649,1.3365893378289857,-136.91733231718345,0.00019514787981097365,0.016666666676557258,0.01714285715351298,"[1.286463, 0.665219, 1.404034, 0.850953, 0.491917, 1.149047]","[0.030224, 0.006609, 0.081332, 0.371275, 0.126862, 0.383698]","[-2.253239, 3.036336, -4.450464, -1.438202, -1.258617, 0.872546]","fixed_00208: score=0.383, d=2115.9, reason=ERR_DIST | fixed_00228: score=0.269, d=2847.9, reason=ERR_DIST;ERR_AREA | fixed_00219: score=0.244, d=2086.7, reason=ERR_DIST"
moving,moving_00122,122,Structure 1,no_counterpart,False,,12826.285083809651,16265.768974256991,36868.82498998692,735.0403867633762,0.8575249341222907,1.0692714711696696,-43.082667319278926,3.872584386656706e-05,0.006666666676274663,0.008571428576756562,"[1.684752, 1.40339, 0.611594, 0.196208, 0.398777, 1.388406]","[0.021647, 0.540243, 0.079521, 0.055863, 0.032198, 0.270529]","[1.466337, 3.468795, -0.040005, 3.091933, 1.888257, 2.00042]","fixed_00485: score=0.237, d=2645.9, reason=ERR_DIST;ERR_AREA | fixed_00478: score=0.203, d=2404.6, reason=ERR_DIST;ERR_AREA | fixed_00488: score=0.176, d=3503.5, reason=ERR_DIST;ERR_AREA"
moving,moving_00123,123,Structure 1,no_counterpart,False,,5656.776382622437,16681.453560258422,35422.98879675646,723.1713464529896,0.8511628213939241,1.1222594367639862,90.0,3.720718340774091e-05,0.005555555568272023,0.00857142857675649,"[0.430821, 1.100096, 0.281205, 0.899904, 1.978701, 1.506841]","[0.079048, 0.053221, 0.008434, 0.02637, 0.000609, 0.832317]","[-2.793208, 0.219054, -0.595983, 4.693592, 0.398639, 1.657256]","fixed_00237: score=0.221, d=4577.8, reason=ERR_DIST;ERR_AREA | fixed_00053: score=0.218, d=2138.1, reason=ERR_DIST;ERR_AREA | fixed_00226: score=0.193, d=3007.0, reason=ERR_DIST;ERR_AREA"
moving,moving_00124,124,Structure 1,no_counterpart,False,,4177.2336243749205,17182.051324376534,44098.006307381795,779.5531557939233,0.9118792876088861,1.0692714760161013,0.0,4.6319146529631854e-05,0.006666666676274663,0.008571428537906892,"[1.439779, 0.985978, 0.522009, 1.014022, 1.328705, 0.905825]","[0.046229, 0.141119, 0.126545, 0.017531, 0.044128, 0.624447]","[0.179586, 1.438202, 4.474539, -0.815037, -0.219054, -3.012262]","fixed_00228: score=0.384, d=2489.7, reason=ERR_DIST | fixed_00237: score=0.279, d=4015.2, reason=ERR_DIST;ERR_AREA | fixed_00226: score=0.235, d=1821.2, reason=ERR_DIST;ERR_AREA"
moving,moving_00125,125,Structure 1,no_counterpart,False,,5240.782999500001,17129.907625,2168.754469287997,186.30733950871263,0.7851638988900725,2.1385429313906323,0.0,2.277990876719727e-06,0.002222222244264104,0.0014285714488842145,"[1.027517, 2.470756, 1.845373, 0.972483, 0.436176, 0.590255]","[0.077113, 0.012231, 0.005941, 0.168409, 0.113128, 0.623177]","[3.012262, 3.191847, 4.450464, 7.4868, 2.197225, 2.793208]","fixed_00053: score=0.240, d=2647.3, reason=ERR_DIST;ERR_AREA | fixed_00226: score=0.225, d=2395.4, reason=ERR_DIST;ERR_AREA | fixed_00208: score=0.221, d=1363.9, reason=ERR_DIST;ERR_AREA"
moving,moving_00126,126,Structure 1,no_counterpart,False,,160.22807231729658,17821.77161815481,29639.643602509786,712.7840018346769,0.7331063041547041,1.0692714711696785,-136.91733192852683,3.113254112989008e-05,0.006666666676274664,0.00857142857675649,"[0.243543, 0.746766, 0.936111, 1.063889, 2.167251, 1.798795]","[0.251756, 0.010358, 0.004844, 0.017821, 0.224549, 0.490671]","[-3.713572, -3.713572, -3.713572, -3.713572, -3.713572, 1.72015]","fixed_00228: score=0.429, d=2203.7, reason=ERR_DIST | fixed_00224: score=0.392, d=125.9, reason=ERR_AREA | fixed_00223: score=0.378, d=169.2, reason=OK"
moving,moving_00127,127,Structure 1,matched_anchor,False,,31.0025,17865.344774333338,722.9181245124877,107.66914014260601,0.7836398047722022,1.0692714811764958,-136.9173319285283,7.59330258715468e-07,0.0011111111080026415,0.0014285714100346156,"[2.125, 0.75, 1.0625, 0.9375, 0.231791, 1.943431]","[0.5, 0.0, 0.0, 0.19824, 0.008217, 0.293542]","[0.0, 0.0, 0.0, 0.0, 3.713572, 5.433722]","fixed_00224: score=0.725, d=57.5, reason=OK | fixed_00222: score=0.496, d=508.6, reason=OK | fixed_00058: score=0.487, d=374.3, reason=OK"
moving,moving_00128,128,Structure 1,no_counterpart,False,,34910.375125114806,18175.731728020768,84581.42203060589,1109.3351389947065,0.863692815302542,1.0391291104639675,-43.08266768276129,8.884164180602548e-05,0.010000000000282581,0.01428571429459415,"[1.455882, 1.398277, 1.112331, 0.887669, 0.843459, 0.756103]","[0.001383, 0.009058, 0.011418, 0.003009, 0.007068, 0.968063]","[-4.762174, -3.663562, -4.762174, -4.762174, -4.762174, -4.762174]","fixed_00231: score=0.455, d=4234.8, reason=ERR_DIST | fixed_00061: score=0.361, d=4233.7, reason=ERR_DIST | fixed_00227: score=0.340, d=483.3, reason=ERR_AREA"
moving,moving_00129,129,Structure 1,no_counterpart,False,,8503.883327080655,20131.404316809618,1255708.802177423,5905.795494486358,0.45242020712631476,1.3708608586275606,-24.24152724763665,0.0013189566802902896,0.05555555554142616,0.05571428572949253,"[1.169355, 0.878111, 0.93081, 0.975609, 1.192599, 1.024391]","[0.031342, 0.267723, 0.0566, 0.240626, 0.374059, 0.02965]","[-2.061752, -0.833197, -1.309312, -0.67659, -6.361302, -0.059294]","fixed_00237: score=0.404, d=3927.1, reason=ERR_DIST | fixed_00053: score=0.285, d=3862.9, reason=ERR_DIST"
moving,moving_00130,130,Structure 1,no_counterpart,False,,16596.1079112958,20174.451320613327,386761.2026648992,3853.1987659193837,0.32734818780466163,1.6477618752239467,117.08478018760597,0.0004062416947682579,0.023333333324573085,0.052857142870573706,"[1.07577, 1.333721, 0.92423, 1.319598, 0.472598, 0.44977]","[0.082611, 0.141674, 0.444259, 0.030956, 0.020971, 0.279529]","[-1.407069, 0.317604, -1.376992, -0.166375, -6.282267, -4.336357]","fixed_00499: score=0.335, d=4090.9, reason=ERR_DIST | fixed_00513: score=0.238, d=2994.1, reason=ERR_DIST;ERR_AREA"
moving,moving_00131,131,Structure 1,no_counterpart,False,,15770.14622091726,21121.787836613337,97593.94836949249,1293.9623982876722,0.7324693227157191,1.4256952970468546,154.93882853210715,0.00010250958656548479,0.013333333352549326,0.012857142845710079,"[1.263358, 1.01022, 0.98978, 0.626379, 1.135205, 0.897758]","[0.084983, 0.057405, 0.097304, 0.087158, 0.521146, 0.152004]","[-0.030077, 1.694596, 4.981626, 1.338892, -0.330564, 1.376992]",
moving,moving_00132,132,Structure 1,no_counterpart,False,,17529.752009434673,21300.7064364864,94702.27556934833,1200.040755096565,0.826377126155575,1.4028242999114664,43.08266807148286,9.947226521331275e-05,0.008888888864021118,0.017142857114663526,"[1.03169, 0.600109, 0.931592, 1.17069, 0.96831, 1.116312]","[0.140897, 0.006627, 0.139354, 0.123711, 0.058004, 0.531406]","[0.3233, 1.724673, 5.011703, 0.030077, 1.407069, -2.929287]","fixed_00513: score=0.251, d=3217.5, reason=ERR_DIST;ERR_AREA"
moving,moving_00133,133,Structure 1,no_counterpart,False,,16908.50246637364,21961.05012672926,531344.8297754709,3781.190995871406,0.4670131322997175,1.233774774671069,27.747022948482016,0.0005581077488306425,0.03333333335311449,0.0371428571270952,"[1.016058, 1.408244, 0.422656, 0.983942, 1.18837, 0.761817]","[0.033542, 0.224485, 0.106236, 0.10615, 0.269036, 0.260551]","[-1.401373, -1.058607, 3.28703, -0.355704, -1.694596, -1.724673]","fixed_00513: score=0.241, d=4100.3, reason=ERR_DIST"
moving,moving_00134,134,Structure 1,no_counterpart,False,,15738.091470924111,21998.120745884105,372302.84034740506,2656.5724106874345,0.6629227105670297,1.1430420215103643,85.2979121976872,0.00039105508977540555,0.020000000000565163,0.03142857144810713,"[0.785955, 1.73867, 0.899223, 0.824333, 1.807319, 1.100777]","[0.152648, 0.213827, 0.333648, 0.185101, 0.054041, 0.060735]","[3.642734, -0.801749, -1.669456, -1.338892, -1.36897, 0.355704]",
moving,moving_00135,135,Structure 1,no_counterpart,False,,24240.66455479455,22378.389470724615,161210.74435043996,1577.749913480096,0.8138184232259105,1.0692714676107133,136.91733231723927,0.00016933065040786402,0.014444444432293141,0.018571428602397338,"[0.373115, 1.465204, 1.279357, 0.325396, 0.720643, 1.402336]","[0.002376, 0.015234, 0.355363, 0.245254, 0.025919, 0.355854]","[-2.699122, -0.941264, -1.202479, 0.358019, -5.407172, -2.699122]","fixed_00519: score=0.359, d=4167.4, reason=ERR_DIST | fixed_00266: score=0.285, d=1655.5, reason=ERR_DIST;ERR_AREA | fixed_00300: score=0.280, d=3221.1, reason=ERR_DIST;ERR_AREA"
moving,moving_00136,136,Structure 1,no_counterpart,False,,22139.463574287296,22898.818156967307,1215225.3865010766,6230.879757510343,0.39333985808546335,1.0615967663001395,-72.42069564812931,0.001276434185063135,0.041111111109132965,0.05999999999844612,"[0.430004, 1.24264, 0.75736, 1.445158, 1.474041, 0.519765]","[0.000339, 0.017929, 0.144711, 0.288457, 0.121575, 0.426989]","[-5.029249, -2.423198, -2.717614, -0.857663, -0.986198, -4.29165]","fixed_00273: score=0.242, d=2185.4, reason=ERR_DIST;ERR_AREA | fixed_00274: score=0.235, d=2287.1, reason=ERR_DIST;ERR_AREA | fixed_00278: score=0.230, d=2267.5, reason=ERR_DIST;ERR_AREA"
moving,moving_00137,137,Structure 1,no_counterpart,False,,25361.894578684616,22292.06355036055,10843.772034793523,423.90200408872664,0.7583318615729188,1.4256952823877365,43.082668071475695,1.1389954056255078e-05,0.004444444432010559,0.004285714307803045,"[1.234258, 0.889352, 1.110648, 0.555217, 1.172981, 0.706525]","[0.131228, 0.315621, 0.02665, 0.008288, 0.383514, 0.134698]","[2.833213, -2.70805, 2.699122, -2.70805, 3.057141, 4.763313]","fixed_00216: score=0.316, d=5793.1, reason=ERR_DIST | fixed_00266: score=0.291, d=1931.0, reason=ERR_DIST;ERR_AREA | fixed_00258: score=0.290, d=1746.7, reason=ERR_DIST;ERR_AREA"
moving,moving_00138,138,Structure 1,no_counterpart,False,,14893.621585345407,22447.48467094071,70123.05916400126,1112.7495410012793,0.7116654310594102,1.680283740435929,-20.510143529145537,7.36550362364049e-05,0.012222222216287913,0.009999999986791248,"[1.139222, 1.008028, 0.962465, 0.579312, 1.255275, 0.991972]","[0.154529, 0.562601, 0.079193, 0.040127, 0.021866, 0.141683]","[0.867707, -0.284252, 0.330564, 1.669456, 2.02516, 5.31219]",
moving,moving_00139,139,Structure 1,no_counterpart,False,,26570.519966302767,22609.851710732168,184344.12461353475,2044.4846085255679,0.5542063194500131,1.7497169525137137,8.187494570664553,0.00019362921897949156,0.020000000000565163,0.01571428570462891,"[1.033992, 0.710412, 1.809817, 1.396405, 0.966008, 0.72864]","[0.368936, 0.10263, 0.016949, 0.008212, 0.096202, 0.407071]","[1.964779, -5.541264, -0.134092, -5.541264, -2.833213, 1.9301]","fixed_00062: score=0.379, d=4523.6, reason=ERR_DIST | fixed_00376: score=0.258, d=3490.9, reason=ERR_DIST;ERR_AREA | fixed_00375: score=0.257, d=3232.2, reason=ERR_DIST;ERR_AREA"
moving,moving_00140,140,Structure 1,no_counterpart,False,,17732.39891982633,22846.15381735159,130848.18255842866,1452.9188679935223,0.7789235445748479,1.2636844646055836,-46.91733244666476,0.00013743877895099605,0.014444444432293141,0.015714285704628767,"[0.489069, 0.436299, 1.048644, 0.951356, 1.226292, 1.253192]","[0.234464, 0.329565, 0.061506, 0.098552, 0.224347, 0.051567]","[-5.198497, 0.342767, 4.688404, 1.401373, -0.3233, -5.198497]","fixed_00536: score=0.226, d=2074.3, reason=ERR_DIST;ERR_AREA"
moving,moving_00141,141,Structure 1,no_counterpart,False,,18353.702219,22866.317391,722.9181441720422,107.6691415087121,0.7836398061974212,1.0692714520979567,-136.9173319285149,7.593302793652403e-07,0.0011111111080026397,0.0014285714488842145,"[1.216082, 1.165649, 0.645747, 0.507041, 1.390967, 0.834351]","[0.009622, 0.339259, 0.122773, 0.0839, 0.333545, 0.110901]","[7.289611, 6.052089, 5.541264, 5.198497, 6.59987, 0.0]","fixed_00367: score=0.448, d=2916.3, reason=ERR_DIST | fixed_00366: score=0.417, d=2904.6, reason=ERR_DIST | fixed_00536: score=0.247, d=1461.3, reason=ERR_DIST;ERR_AREA"
moving,moving_00142,142,Structure 1,no_counterpart,False,,17768.515824992704,23399.533358437508,184344.12472293497,1706.1937429539535,0.7957606776507394,1.0910855667579857,-90.0,0.00019362921909440208,0.013333333324290502,0.020000000012431813,"[1.021428, 0.978572, 1.022776, 1.025725, 0.3394, 0.484527]","[0.20374, 0.154946, 0.048016, 0.075387, 0.142763, 0.375149]","[-0.550831, -0.098846, 4.345637, 1.058607, -0.342767, -5.541264]","fixed_00366: score=0.252, d=2541.0, reason=ERR_DIST;ERR_AREA | fixed_00536: score=0.245, d=2016.9, reason=ERR_DIST;ERR_AREA | fixed_00367: score=0.239, d=2572.4, reason=ERR_DIST;ERR_AREA"
moving,moving_00143,143,Structure 1,no_counterpart,False,,23574.141056367353,23346.00697662839,62893.877773975386,993.2113602786485,0.8011888186685442,1.6039072044882912,0.0,6.606173349705081e-05,0.010000000000282581,0.00857142857675649,"[0.861039, 1.298219, 1.188156, 0.176749, 1.138961, 0.848967]","[0.130255, 0.306153, 0.186415, 0.090362, 0.000812, 0.286003]","[0.129212, 0.0, -1.330414, -0.261215, 0.941264, -1.757858]","fixed_00275: score=0.316, d=1295.4, reason=ERR_DIST;ERR_AREA | fixed_00278: score=0.315, d=1331.4, reason=ERR_DIST;ERR_AREA | fixed_00252: score=0.313, d=841.1, reason=ERR_DIST;ERR_AREA"
moving,moving_00144,144,Structure 1,no_counterpart,False,,16216.68370534616,23784.711776687887,166994.08934936448,1832.5064826208575,0.624913525479626,1.360314470266951,96.7754335510145,0.00017540529248055465,0.012222222216287862,0.022857142832501186,"[0.746232, 1.020405, 1.133167, 0.937983, 1.092235, 0.979595]","[0.083489, 0.236882, 0.07377, 0.129646, 0.049519, 0.426694]","[-0.614104, -1.151958, 0.801749, 4.444483, -0.243921, 0.098846]","fixed_00365: score=0.264, d=2181.3, reason=ERR_DIST;ERR_AREA"
moving,moving_00145,145,Structure 1,no_counterpart,False,,28873.056107286877,23744.706624153612,74460.56814444237,1085.398675755631,0.7942507523479462,1.336589336695855,46.91733192851779,7.821101803381815e-05,0.011111111108285221,0.011428571435675463,"[1.29058, 1.437723, 0.276166, 1.183701, 0.587379, 0.816299]","[0.018215, 0.009732, 0.522064, 0.030143, 0.301884, 0.117962]","[2.719633, -0.430036, -4.634729, 0.906535, 2.871313, 1.767188]","fixed_00064: score=0.397, d=3994.1, reason=ERR_DIST | fixed_00061: score=0.382, d=4373.1, reason=ERR_DIST | fixed_00303: score=0.297, d=2368.6, reason=ERR_DIST;ERR_AREA"
moving,moving_00146,146,Structure 1,no_counterpart,False,,15288.14941586125,24572.997355068757,90364.76706729844,1129.9114458826507,0.8894472187291579,1.3365893366958714,0.0,9.491628391838645e-05,0.011111111108285221,0.01142857143567532,"[1.070871, 1.073406, 0.929129, 0.648807, 0.79621, 1.122955]","[0.010758, 0.015476, 0.19936, 0.120522, 0.291674, 0.36221]","[-4.828314, -4.828314, 0.175633, 0.42396, -0.537854, 0.614104]","fixed_00364: score=0.244, d=1187.4, reason=ERR_DIST;ERR_AREA | fixed_00309: score=0.235, d=1245.8, reason=ERR_DIST;ERR_AREA | fixed_00365: score=0.234, d=2221.1, reason=ERR_DIST;ERR_AREA"
moving,moving_00147,147,Structure 1,no_counterpart,False,,13524.304206982899,24882.362334814396,7952.099477765087,345.26380808872796,0.8382808705791182,1.0692714617908023,136.9173319276279,8.352632959444077e-06,0.0033333333240079194,0.004285714307803045,"[1.007002, 1.052908, 0.992998, 1.078914, 0.283826, 0.386438]","[0.033855, 0.025951, 0.117557, 0.137888, 0.380608, 0.30414]","[1.679642, -2.397895, -2.397895, -2.397895, 5.606136, 2.915311]","fixed_00359: score=0.251, d=874.8, reason=ERR_DIST;ERR_AREA | fixed_00357: score=0.233, d=966.8, reason=ERR_DIST;ERR_AREA | fixed_00356: score=0.230, d=1225.3, reason=ERR_DIST;ERR_AREA"
moving,moving_00148,148,Structure 1,no_counterpart,False,,25169.859318079005,25231.93912498682,64339.71411493002,972.6350525638608,0.8546516923964925,1.0692714736713824,133.08266755333483,6.758039411104175e-05,0.008888888892279942,0.011428571396825722,"[0.103119, 1.167458, 1.13632, 0.890895, 0.786794, 1.109105]","[0.365454, 0.006352, 0.077716, 0.091529, 0.153173, 0.305776]","[-0.556811, -4.488636, -1.544197, -0.022728, 0.106483, -4.488636]","fixed_00253: score=0.281, d=1890.8, reason=ERR_DIST;ERR_AREA | fixed_00285: score=0.274, d=2005.6, reason=ERR_DIST;ERR_AREA | fixed_00368: score=0.272, d=2502.4, reason=ERR_DIST;ERR_AREA"
moving,moving_00149,149,Structure 1,no_counterpart,False,,9737.52141479501,25478.318921304002,169885.76204591917,1897.3971798916702,0.5929940628089505,1.6039072044882912,15.672253195746253,0.0001784426137239196,0.020000000000565163,0.01714285715351298,"[1.022228, 1.057345, 0.514678, 0.348145, 1.484965, 0.977772]","[0.027017, 0.266463, 0.035939, 0.080675, 0.159335, 0.430571]","[-1.746013, -5.459586, -5.459586, -1.489294, -5.459586, 0.342533]","fixed_00335: score=0.238, d=5585.0, reason=ERR_DIST;ERR_AREA | fixed_00065: score=0.234, d=2027.1, reason=ERR_DIST;ERR_AREA | fixed_00353: score=0.223, d=2106.6, reason=ERR_DIST;ERR_AREA"
moving,moving_00150,150,Structure 1,no_counterpart,False,,15121.641567943998,25566.930626272224,107714.80230034671,1547.0388915333117,0.5655653437693058,1.496980058731059,158.15035970592413,0.00011314021038463382,0.015555555568554605,0.01428571429459415,"[1.331729, 1.17195, 1.065902, 0.934098, 0.324325, 0.259969]","[0.00383, 0.00319, 0.005004, 0.086387, 0.047985, 0.853604]","[-5.003946, -5.003946, -5.003946, -3.905334, -5.003946, -5.003946]","fixed_00364: score=0.348, d=179.6, reason=ERR_AREA | fixed_00305: score=0.215, d=563.5, reason=ERR_AREA | fixed_00365: score=0.203, d=2061.5, reason=ERR_DIST;ERR_AREA"
moving,moving_00151,151,Structure 1,no_counterpart,False,,14057.5353962718,25600.99057157596,42652.16992965528,841.0294480090173,0.7577546143952764,1.7108343567110702,0.0,4.480048587701691e-05,0.008888888892279942,0.007142857127872276,"[0.211571, 0.354037, 1.046288, 1.089126, 0.953712, 1.129793]","[0.051585, 0.044123, 0.133775, 0.03634, 0.049392, 0.684785]","[-4.077537, -4.077537, -4.077537, 3.926494, -1.679642, 1.235669]","fixed_00360: score=0.363, d=178.4, reason=ERR_AREA | fixed_00361: score=0.334, d=192.7, reason=ERR_AREA | fixed_00363: score=0.309, d=355.9, reason=ERR_AREA"
moving,moving_00152,152,Structure 1,no_counterpart,False,,17115.150629,25660.97855944444,2168.7543735374597,186.30733614260578,0.7851638925969648,2.138542962352988,0.0,2.277990776146401e-06,0.0022222222160052795,0.0014285714100346156,"[0.875589, 0.946667, 1.053333, 1.124468, 1.21341, 0.749076]","[0.000912, 0.001137, 0.000638, 0.000693, 0.381019, 0.615601]","[-1.098612, -1.098612, -1.098612, -1.098612, 0.0, 3.89182]","fixed_00365: score=0.494, d=102.6, reason=OK | fixed_00309: score=0.316, d=1237.4, reason=ERR_DIST | fixed_00366: score=0.271, d=1635.5, reason=ERR_DIST"
moving,moving_00153,153,Structure 1,matched_review,False,,13753.36774,25734.522274333336,722.9181245124865,107.66914014260593,0.7836398047722022,1.069271481176494,-136.91733193204837,7.593302587154669e-07,0.0011111111080026397,0.0014285714100346156,"[0.202828, 0.862019, 1.194203, 1.137981, 1.467195, 0.428399]","[0.5, 0.164329, 0.043877, 0.036565, 0.18939, 0.065838]","[0.0, 0.0, 8.004032, 2.397895, 5.313206, 4.077537]","fixed_00359: score=0.695, d=78.4, reason=OK | fixed_00360: score=0.549, d=197.7, reason=OK | fixed_00361: score=0.464, d=433.5, reason=OK"
moving,moving_00154,154,Structure 1,matched_review,False,,15208.17437,25734.522274333336,722.9181245124865,107.66914014260593,0.7836398047722022,1.069271481176494,-136.91733193242302,7.593302587154669e-07,0.0011111111080026397,0.0014285714100346156,"[0.126984, 1.079365, 1.396825, 0.920635, 0.30457, 1.206349]","[0.0, 0.0, 0.0, 0.674142, 0.325858, 0.0]","[0.0, 0.0, 0.0, 1.098612, 5.003946, 0.0]","fixed_00364: score=0.638, d=117.3, reason=OK | fixed_00363: score=0.471, d=824.8, reason=ERR_DIST | fixed_00309: score=0.469, d=672.7, reason=OK"
moving,moving_00155,155,Structure 1,matched_review,False,,15286.812567000003,25734.522274333336,722.9181245124865,107.66914014260593,0.7836398047722022,1.069271481176494,-136.91733193244355,7.593302587154669e-07,0.0011111111080026397,0.0014285714100346156,"[1.090909, 1.454545, 0.909091, 0.145455, 0.435236, 1.236364]","[0.0, 0.0, 0.5, 0.126158, 0.373842, 0.0]","[0.0, 0.0, 1.098612, 0.0, 5.003946, 0.0]","fixed_00364: score=0.634, d=195.8, reason=OK | fixed_00305: score=0.531, d=407.0, reason=OK | fixed_00359: score=0.510, d=1611.3, reason=ERR_DIST"
moving,moving_00156,156,Structure 2,matched_review,False,,188.27889200000004,30.993898000000005,722.9181441720423,107.66914150871213,0.7836398061974209,1.0692714520979612,136.91733192852027,7.593302793652404e-07,0.0011111111080026421,0.001428571448884212,"[0.617216, 1.256217, 2.03654, 1.772307, 0.743783, 0.44627]","[0.178345, 0.002961, 0.007303, 0.695508, 0.0, 0.115883]","[4.510859, 1.609438, -0.0, -0.0, -0.0, -0.0]","fixed_00118: score=0.562, d=503.4, reason=OK | fixed_00009: score=0.536, d=333.9, reason=OK | fixed_00010: score=0.516, d=400.2, reason=OK"
moving,moving_00157,157,Structure 2,no_counterpart,False,,306.23618700000003,30.993897999999994,722.9181441720418,107.6691415087121,0.7836398061974209,1.0692714520979605,136.91733192851973,7.593302793652399e-07,0.0011111111080026412,0.001428571448884212,"[0.314802, 0.434871, 2.3369, 2.081902, 1.527797, 0.472203]","[0.244407, 0.083733, 0.010619, 0.003498, 0.157743, 0.5]","[0.0, 4.510859, -0.0, -0.0, 1.609438, 0.0]","fixed_00010: score=0.541, d=459.8, reason=OK | fixed_00118: score=0.469, d=552.0, reason=OK | fixed_00009: score=0.459, d=403.5, reason=OK"
moving,moving_00158,158,Structure 2,no_counterpart,False,,384.8743830000001,30.993897999999994,722.9181441720418,107.6691415087121,0.7836398061974209,1.0692714520979605,136.91733192851876,7.593302793652399e-07,0.0011111111080026412,0.001428571448884212,"[1.945924, 0.42099, 1.806024, 1.372282, 0.627718, 0.251087]","[0.346039, 0.011538, 0.009139, 0.133283, 0.0, 0.5]","[1.098612, 4.510859, -0.0, 1.609438, 0.0, 0.0]","fixed_00010: score=0.492, d=511.0, reason=OK | fixed_00001: score=0.487, d=1060.5, reason=ERR_DIST | fixed_00118: score=0.474, d=595.3, reason=OK"
moving,moving_00159,159,Structure 2,matched_review,False,,310.0528756204282,139.55842948440744,65785.55048036129,1480.2697340660118,0.3772755475333213,1.7375661366848276,162.68572087375412,6.909905475074216e-05,0.014444444432293152,0.011428571435675352,"[2.130431, 1.877041, 1.294792, 0.705208, 0.469579, 0.569946]","[0.015286, 0.01472, 0.240084, 0.128524, 0.101632, 0.499754]","[-4.51086, -4.51086, -2.901422, -4.510859, -4.510859, -4.510859]","fixed_00005: score=0.555, d=214.8, reason=OK | fixed_00116: score=0.262, d=411.1, reason=ERR_AREA | fixed_00118: score=0.227, d=463.6, reason=ERR_AREA"
moving,moving_00160,160,Structure 2,no_counterpart,False,,2036.2765034999995,30.993898,3614.5907576320624,264.9455355087119,0.6470767361189327,3.2078143834885893,0.0,3.7966514354501875e-06,0.003333333352266737,0.001428571448884212,"[1.625, 1.333333, 0.375, 0.583333, 0.833333, 1.166667]","[0.0, 0.5, 0.0, 0.0, 0.5, 0.0]","[-0.510826, -1.609438, -0.510826, -1.609438, -1.609438, -1.609438]","fixed_00068: score=0.552, d=1.1, reason=ERR_AREA | fixed_00067: score=0.497, d=79.6, reason=ERR_AREA | fixed_00069: score=0.372, d=274.3, reason=ERR_AREA"
moving,moving_00161,161,Structure 2,envelope_only,True,area_fraction;bbox_span,18053.505711742197,11015.444125482365,559537914.2841897,360445.98511958186,0.05412015089519712,1.376744382326324,180.0,0.5877208701898965,1.0,0.9985714285899654,"[0.990836, 0.905622, 1.009164, 1.087748, 0.806819, 1.085953]","[0.092802, 0.087447, 0.59904, 0.081632, 0.000686, 0.138393]","[-9.551993, -7.606083, -7.585516, -6.819989, -5.947978, -9.845754]",
moving,moving_00162,162,Structure 2,matched_anchor,False,,2586.743877,30.993897999999998,722.9181441720408,107.66914150871202,0.783639806197421,1.069271452097959,-136.91733192919182,7.593302793652388e-07,0.0011111111080026397,0.001428571448884212,"[1.1, 0.9, 1.3, 0.55, 0.2, 1.119509]","[0.0, 0.0, 0.0, 0.0, 0.041649, 0.958351]","[0.0, 0.0, 0.0, 1.098612, 0.0, 3.7612]","fixed_00070: score=0.780, d=38.4, reason=OK | fixed_00071: score=0.623, d=156.4, reason=OK | fixed_00069: score=0.556, d=276.2, reason=OK"
moving,moving_00163,163,Structure 2,matched_anchor,False,,2665.382073,30.993898000000005,722.9181441720491,107.66914150871268,0.7836398061974202,1.0692714520979711,136.91733192783238,7.593302793652476e-07,0.0011111111080026525,0.001428571448884212,"[0.4375, 1.159702, 0.25, 0.875, 1.125, 1.375]","[0.050529, 0.449471, 0.5, 0.0, 0.0, 0.0]","[1.098612, 3.7612, -0.0, -0.0, -0.0, 0.0]","fixed_00070: score=0.823, d=40.2, reason=OK | fixed_00071: score=0.693, d=77.8, reason=OK | fixed_00072: score=0.636, d=156.4, reason=OK"
moving,moving_00164,164,Structure 2,matched_review,False,,2802.9989169999994,30.993898000000005,2168.7544325161225,186.3073375087119,0.7851639024347827,2.138542904195918,0.0,2.2779908380957165e-06,0.0022222222160052795,0.001428571448884212,"[1.10036, 0.636364, 1.0, 0.636364, 1.0, 1.363636]","[0.420578, 0.0, 0.5, 0.0, 0.0, 0.079422]","[2.662588, -1.098612, -1.098612, -1.098612, -1.098612, -1.098612]","fixed_00072: score=0.656, d=18.8, reason=OK | fixed_00071: score=0.583, d=59.9, reason=ERR_NOT_MUTUAL | fixed_00115: score=0.529, d=433.2, reason=OK"
moving,moving_00165,165,Structure 2,matched_anchor,False,,3294.487643,30.993897999999998,722.9181441720408,107.66914150871202,0.783639806197421,1.069271452097959,-136.9173319293747,7.593302793652388e-07,0.0011111111080026397,0.001428571448884212,"[1.356139, 1.050703, 0.678069, 0.406842, 0.949297, 1.220525]","[0.439024, 0.060976, 0.0, 0.0, 0.0, 0.5]","[0.0, 3.7612, 0.0, 0.0, 0.0, 0.0]","fixed_00076: score=0.833, d=0.9, reason=OK | fixed_00385: score=0.711, d=77.9, reason=OK | fixed_00075: score=0.661, d=118.8, reason=ERR_NOT_MUTUAL"
moving,moving_00166,166,Structure 2,matched_review,False,,3687.6786239999997,30.993897999999998,722.9181441720408,107.66914150871202,0.783639806197421,1.069271452097959,-136.9173319294769,7.593302793652388e-07,0.0011111111080026397,0.001428571448884212,"[0.25, 0.75, 1.5, 0.5, 1.25, 1.625]","[0.0, 0.0, 0.0, 0.5, 0.0, 0.5]","[0.0, 0.0, 0.0, 0.0, 0.0, 0.0]","fixed_00389: score=0.728, d=156.6, reason=ERR_NOT_MUTUAL | fixed_00386: score=0.671, d=197.4, reason=OK | fixed_00385: score=0.634, d=315.3, reason=OK"
moving,moving_00167,167,Structure 2,matched_anchor,False,,3766.31682,30.993897999999998,722.9181441720408,107.66914150871202,0.783639806197421,1.069271452097959,-136.91733192949758,7.593302793652388e-07,0.0011111111080026397,0.001428571448884212,"[1.428571, 0.571429, 1.714286, 0.285714, 0.285714, 1.714286]","[0.0, 0.0, 0.0, 0.5, 0.0, 0.5]","[0.0, 0.0, 0.0, 0.0, 0.0, 0.0]","fixed_00389: score=0.797, d=77.9, reason=OK | fixed_00386: score=0.640, d=276.0, reason=OK | fixed_00385: score=0.588, d=394.0, reason=ERR_NOT_MUTUAL"
moving,moving_00168,168,Structure 2,matched_anchor,False,,3844.955017,30.993898000000005,722.9181441720491,107.66914150871268,0.7836398061974202,1.0692714520979711,136.91733192752758,7.593302793652476e-07,0.0011111111080026525,0.001428571448884212,"[0.333333, 0.666667, 2.333333, 0.333333, 1.333333, 1.666667]","[0.0, 0.0, 0.5, 0.0, 0.0, 0.5]","[-0.0, -0.0, -0.0, -0.0, 0.0, -0.0]","fixed_00389: score=0.837, d=0.8, reason=OK | fixed_00077: score=0.656, d=235.2, reason=ERR_NOT_MUTUAL | fixed_00078: score=0.639, d=313.9, reason=ERR_NOT_MUTUAL"
moving,moving_00169,169,Structure 2,matched_anchor,False,,3923.593213,30.993897999999998,722.9181441720408,107.66914150871202,0.783639806197421,1.069271452097959,-136.91733192953825,7.593302793652388e-07,0.0011111111080026397,0.001428571448884212,"[1.0, 1.333333, 2.166667, 0.333333, 1.0, 0.666667]","[0.0, 0.0, 0.5, 0.0, 0.0, 0.5]","[0.0, 0.0, 0.0, 0.0, 0.0, 0.0]","fixed_00389: score=0.763, d=79.3, reason=OK | fixed_00077: score=0.711, d=156.6, reason=OK | fixed_00078: score=0.682, d=235.3, reason=OK"
moving,moving_00170,170,Structure 2,matched_anchor,False,,4159.507801333333,30.993897999999998,722.9181625579761,107.6691429694504,0.783639804864533,1.0692714792926776,136.91733192744704,7.593302986772419e-07,0.001111111136261464,0.001428571448884212,"[0.266667, 0.933333, 1.333333, 0.8, 1.066667, 1.333333]","[0.0, 0.0, 0.5, 0.0, 0.0, 0.5]","[-0.0, -0.0, -0.0, -0.0, -0.0, -0.0]","fixed_00078: score=0.941, d=0.8, reason=OK | fixed_00077: score=0.793, d=79.3, reason=OK | fixed_00389: score=0.578, d=315.3, reason=ERR_NOT_MUTUAL"
moving,moving_00171,171,Structure 2,matched_anchor,False,,4238.145997999999,30.993897999999998,722.9181441720408,107.66914150871202,0.783639806197421,1.069271452097959,-136.91733192961874,7.593302793652388e-07,0.0011111111080026397,0.001428571448884212,"[0.625, 1.0, 1.3125, 0.25, 1.0, 1.25]","[0.0, 0.0, 0.5, 0.0, 0.0, 0.5]","[0.0, 0.0, 1.098612, 0.0, 0.0, 0.0]","fixed_00078: score=0.812, d=79.3, reason=OK | fixed_00077: score=0.719, d=157.9, reason=OK | fixed_00080: score=0.559, d=274.6, reason=ERR_NOT_MUTUAL"
moving,moving_00172,172,Structure 2,matched_review,False,,7265.716551999999,49.3798265,2168.754393197025,181.21285550871204,0.8299314608646452,1.870432404120769,-136.91733192851785,2.277990796796184e-06,0.0011111111080026397,0.0028571428589188384,"[1.623237, 1.311527, 0.875432, 0.626641, 0.256298, 1.124568]","[0.001361, 0.003533, 0.004225, 0.448604, 0.028293, 0.513984]","[-1.098612, 0.0, -1.098612, -1.098612, -1.098612, -1.098612]","fixed_00087: score=0.630, d=295.4, reason=OK | fixed_00086: score=0.573, d=18.8, reason=OK | fixed_00090: score=0.347, d=1022.5, reason=ERR_DIST"
moving,moving_00173,173,Structure 2,matched_review,False,,11551.498246,30.993897999999998,722.9181441720408,107.66914150871202,0.783639806197421,1.069271452097959,-136.91733193150975,7.593302793652388e-07,0.0011111111080026397,0.001428571448884212,"[0.785714, 1.071429, 1.25, 0.928571, 1.071429, 0.785714]","[0.0, 0.0, 0.0, 0.5, 0.0, 0.5]","[0.0, 0.0, 1.098612, 0.0, 0.0, 0.0]","fixed_00096: score=0.697, d=79.2, reason=OK | fixed_00094: score=0.497, d=982.6, reason=ERR_DIST | fixed_00095: score=0.483, d=471.4, reason=OK"
moving,moving_00174,174,Structure 2,no_counterpart,False,,11984.008325,30.993897999999998,722.9181441720408,107.66914150871202,0.783639806197421,1.069271452097959,-136.91733193162187,7.593302793652388e-07,0.0011111111080026397,0.001428571448884212,"[0.457143, 1.257143, 1.6, 0.742857, 0.228571, 1.257143]","[0.0, 0.0, 0.0, 0.0, 0.5, 0.5]","[0.0, 0.0, 0.0, 1.098612, 0.0, 0.0]","fixed_00096: score=0.477, d=353.4, reason=OK | fixed_00095: score=0.464, d=903.9, reason=ERR_DIST | fixed_00094: score=0.451, d=1415.1, reason=ERR_DIST"
moving,moving_00175,175,Structure 2,no_counterpart,False,,12062.646522000001,30.993898000000005,722.9181441720742,107.66914150871466,0.7836398061974188,1.0692714520980084,136.91733192540238,7.59330279365274e-07,0.0011111111080026911,0.001428571448884212,"[0.666667, 0.296296, 1.925926, 0.296296, 1.333333, 1.777778]","[0.5, 0.0, 0.5, 0.0, 0.0, 0.0]","[1.098612, -0.0, -0.0, -0.0, -0.0, -0.0]","fixed_00094: score=0.469, d=1493.8, reason=ERR_DIST | fixed_00096: score=0.465, d=432.0, reason=OK | fixed_00095: score=0.440, d=982.6, reason=ERR_DIST"
moving,moving_00176,176,Structure 2,no_counterpart,False,,12141.284718,30.993897999999998,722.9181441720408,107.66914150871202,0.783639806197421,1.069271452097959,-136.91733193166425,7.593302793652388e-07,0.0011111111080026397,0.001428571448884212,"[1.272727, 1.818182, 0.454545, 0.363636, 0.727273, 2.727273]","[0.0, 0.0, 0.5, 0.0, 0.0, 0.5]","[0.0, 0.0, 1.098612, 0.0, 0.0, 0.0]","fixed_00096: score=0.478, d=510.6, reason=OK | fixed_00095: score=0.456, d=1061.2, reason=ERR_DIST | fixed_00094: score=0.432, d=1572.4, reason=ERR_DIST"
moving,moving_00177,177,Structure 2,no_counterpart,False,,12239.582463,30.993898000000005,2168.7544325161225,186.3073375087119,0.7851639024347827,2.138542904195918,0.0,2.2779908380957165e-06,0.0022222222160052795,0.001428571448884212,"[0.454545, 0.818182, 1.181818, 0.818182, 1.363636, 3.0]","[0.0, 0.0, 0.5, 0.0, 0.0, 0.5]","[-1.098612, -1.098612, -1.098612, -1.098612, -1.098612, -1.098612]","fixed_00095: score=0.293, d=1159.5, reason=ERR_DIST | fixed_00096: score=0.278, d=608.9, reason=OK"
moving,moving_00178,178,Structure 2,no_counterpart,False,,12416.518405,30.993897999999998,722.9181441720408,107.66914150871202,0.783639806197421,1.069271452097959,-136.9173319317337,7.593302793652388e-07,0.0011111111080026397,0.001428571448884212,"[0.375, 1.5, 0.875, 0.5625, 1.125, 1.375]","[0.0, 0.5, 0.0, 0.0, 0.0, 0.5]","[0.0, 0.0, 0.0, 1.098612, 0.0, 0.0]","fixed_00096: score=0.470, d=785.9, reason=OK | fixed_00095: score=0.468, d=1336.4, reason=ERR_DIST"
moving,moving_00179,179,Structure 2,no_counterpart,False,,12534.475699,30.993897999999998,722.9181441720408,107.66914150871202,0.783639806197421,1.069271452097959,-136.91733193176745,7.593302793652388e-07,0.0011111111080026397,0.001428571448884212,"[0.947368, 1.157895, 0.789474, 0.315789, 1.052632, 1.263158]","[0.0, 0.5, 0.0, 0.0, 0.0, 0.5]","[0.0, 0.0, 1.098612, 0.0, 0.0, 0.0]","fixed_00096: score=0.505, d=903.8, reason=ERR_DIST"
moving,moving_00180,180,Structure 2,no_counterpart,False,,12888.347582000002,30.993897999999998,722.9181441720408,107.66914150871202,0.783639806197421,1.069271452097959,-136.9173319318576,7.593302793652388e-07,0.0011111111080026397,0.001428571448884212,"[0.140351, 0.631579, 0.842105, 1.157895, 1.333333, 1.473684]","[0.5, 0.0, 0.0, 0.0, 0.0, 0.5]","[0.0, 0.0, 0.0, 1.098612, 0.0, 0.0]","fixed_00096: score=0.414, d=1257.7, reason=ERR_DIST"
moving,moving_00181,181,Structure 2,no_counterpart,False,,12966.985778,30.993897999999998,722.9181441720408,107.66914150871202,0.783639806197421,1.069271452097959,-136.91733193187693,7.593302793652388e-07,0.0011111111080026397,0.001428571448884212,"[0.123077, 0.676923, 0.861538, 1.138462, 1.292308, 1.415385]","[0.0, 0.0, 0.0, 0.0, 0.0, 1.0]","[0.0, 0.0, 0.0, 1.098612, 0.0, 0.0]","fixed_00096: score=0.477, d=1336.3, reason=ERR_DIST"
moving,moving_00182,182,Structure 2,no_counterpart,False,,13910.644133,30.993897999999998,722.9181441720408,107.66914150871202,0.783639806197421,1.069271452097959,-136.91733193212298,7.593302793652388e-07,0.0011111111080026397,0.001428571448884212,"[0.521739, 0.956522, 1.391304, 0.826087, 1.043478, 1.130435]","[0.0, 0.0, 0.0, 0.5, 0.0, 0.5]","[0.0, 0.0, 0.0, 1.609438, 0.0, 0.0]",
moving,moving_00183,183,Structure 2,no_counterpart,False,,17842.553944,30.993897999999998,722.9181441720408,107.66914150871202,0.783639806197421,1.069271452097959,-136.91733193313294,7.593302793652388e-07,0.0011111111080026397,0.001428571448884212,"[0.981351, 1.472026, 1.018649, 0.817792, 0.490675, 1.553806]","[0.0, 0.17985, 0.32015, 0.0, 0.0, 0.5]","[0.0, 0.0, 4.465908, 0.0, 0.0, 1.098612]","fixed_00031: score=0.272, d=3568.4, reason=ERR_DIST;ERR_AREA"
moving,moving_00184,184,Structure 2,no_counterpart,False,,18078.468532333325,30.993897999999998,722.9181625579761,107.6691429694504,0.783639804864533,1.0692714792926776,136.91733192384953,7.593302986772419e-07,0.001111111136261464,0.001428571448884212,"[0.38585, 1.800635, 0.842449, 0.771701, 1.157551, 1.414784]","[0.0, 0.335244, 0.164756, 0.0, 0.0, 0.5]","[-0.0, -0.0, 4.465908, -0.0, 0.0, -0.0]","fixed_00031: score=0.272, d=3523.2, reason=ERR_DIST;ERR_AREA | fixed_00125: score=0.222, d=3349.0, reason=ERR_DIST;ERR_AREA"
moving,moving_00185,185,Structure 2,no_counterpart,False,,18196.425827,30.993897999999998,722.9181441720408,107.66914150871202,0.783639806197421,1.069271452097959,-136.91733193322696,7.593302793652388e-07,0.0011111111080026397,0.001428571448884212,"[1.1, 1.4, 0.848298, 0.3, 0.9, 1.2]","[0.0, 0.384426, 0.115574, 0.0, 0.0, 0.5]","[0.0, 0.0, 4.465908, 0.0, 0.0, 0.0]","fixed_00031: score=0.281, d=3506.3, reason=ERR_DIST;ERR_AREA | fixed_00125: score=0.221, d=3247.0, reason=ERR_DIST;ERR_AREA | fixed_00394: score=0.207, d=2981.6, reason=ERR_DIST;ERR_AREA"
moving,moving_00186,186,Structure 2,no_counterpart,False,,18628.935905999995,30.993897999999998,722.9181441720408,107.66914150871202,0.783639806197421,1.069271452097959,-136.91733193334167,7.593302793652388e-07,0.0011111111080026397,0.001428571448884212,"[0.24, 0.48, 1.458778, 0.88, 1.12, 1.6]","[0.0, 0.450019, 0.049981, 0.0, 0.0, 0.5]","[0.0, 0.0, 4.465908, 0.0, 0.0, 0.0]","fixed_00031: score=0.251, d=3478.2, reason=ERR_DIST;ERR_AREA | fixed_00394: score=0.224, d=2713.7, reason=ERR_DIST;ERR_AREA | fixed_00125: score=0.209, d=2883.3, reason=ERR_DIST;ERR_AREA"
moving,moving_00187,187,Structure 2,no_counterpart,False,,18746.893199999995,30.993897999999998,722.9181441720408,107.66914150871202,0.783639806197421,1.069271452097959,-136.91733193337038,7.593302793652388e-07,0.0011111111080026397,0.001428571448884212,"[0.193548, 1.361829, 0.903226, 0.193548, 1.096774, 1.483871]","[0.457008, 0.042992, 0.0, 0.0, 0.0, 0.5]","[0.0, 4.465908, 0.0, 0.0, 0.0, 0.0]","fixed_00031: score=0.257, d=3479.8, reason=ERR_DIST;ERR_AREA | fixed_00033: score=0.231, d=4494.3, reason=ERR_DIST;ERR_AREA | fixed_00125: score=0.226, d=2787.6, reason=ERR_DIST;ERR_AREA"
moving,moving_00188,188,Structure 2,no_counterpart,False,,18864.850494999995,30.993897999999998,722.9181441720408,107.66914150871202,0.783639806197421,1.069271452097959,-136.91733193339692,7.593302793652388e-07,0.0011111111080026397,0.001428571448884212,"[1.081081, 1.297995, 0.324324, 0.162162, 0.918919, 1.081081]","[0.462315, 0.037685, 0.0, 0.0, 0.0, 0.5]","[0.0, 4.465908, 0.0, 0.0, 0.0, 0.0]","fixed_00031: score=0.258, d=3485.5, reason=ERR_DIST;ERR_AREA | fixed_00033: score=0.238, d=4471.9, reason=ERR_DIST;ERR_AREA | fixed_00125: score=0.209, d=2693.6, reason=ERR_DIST;ERR_AREA"
moving,moving_00189,189,Structure 2,no_counterpart,False,,19651.232457,30.993897999999998,722.9181441720408,107.66914150871202,0.783639806197421,1.069271452097959,-136.91733193360335,7.593302793652388e-07,0.0011111111080026397,0.001428571448884212,"[0.511628, 0.302326, 0.930233, 1.069767, 1.209302, 1.72093]","[0.0, 0.5, 0.0, 0.0, 0.0, 0.5]","[0.0, 1.94591, 0.0, 0.0, 0.0, 0.0]","fixed_00033: score=0.237, d=4400.6, reason=ERR_DIST;ERR_AREA | fixed_00125: score=0.224, d=2128.7, reason=ERR_DIST;ERR_AREA | fixed_00394: score=0.216, d=2290.5, reason=ERR_DIST;ERR_AREA"
moving,moving_00190,190,Structure 2,no_counterpart,False,,19906.806594499998,30.993898,5060.4270459761565,343.5837315087124,0.5386812362240302,4.277085835586554,0.0,5.315311994180678e-06,0.004444444460269383,0.001428571448884212,"[0.232143, 0.946429, 1.053571, 1.160714, 1.553571, 0.160714]","[0.0, 0.0, 0.0, 0.0, 0.5, 0.5]","[-1.94591, -1.94591, -1.94591, -1.94591, -1.94591, -1.94591]","fixed_00125: score=0.245, d=1977.9, reason=ERR_DIST | fixed_00393: score=0.208, d=2180.3, reason=ERR_DIST;ERR_AREA | fixed_00394: score=0.192, d=2245.8, reason=ERR_DIST;ERR_AREA"
moving,moving_00191,191,Structure 2,no_counterpart,False,,20083.742536,30.993897999999998,722.9181441720408,107.66914150871202,0.783639806197421,1.069271452097959,-136.9173319337152,7.593302793652388e-07,0.0011111111080026397,0.001428571448884212,"[0.138462, 0.338462, 0.953846, 1.046154, 1.138462, 1.476923]","[0.0, 0.0, 0.0, 0.0, 0.0, 1.0]","[1.94591, 0.0, 0.0, 0.0, 0.0, 0.0]","fixed_00033: score=0.199, d=4421.0, reason=ERR_DIST;ERR_AREA | fixed_00394: score=0.196, d=2231.5, reason=ERR_DIST;ERR_AREA | fixed_00125: score=0.190, d=1886.8, reason=ERR_DIST;ERR_AREA"
moving,moving_00192,192,Structure 2,matched_review,False,,24133.609641000003,30.993897999999998,722.9181441720408,107.66914150871202,0.783639806197421,1.069271452097959,-136.91733193476537,7.593302793652388e-07,0.0011111111080026397,0.001428571448884212,"[0.38216, 0.499748, 1.675851, 1.500252, 0.353833, 1.650178]","[0.0, 0.002611, 0.003223, 0.006544, 0.001517, 0.986104]","[0.0, 0.0, -0.0, 0.0, -0.0, 5.01728]","fixed_00097: score=0.561, d=513.7, reason=ERR_NOT_MUTUAL | fixed_00100: score=0.465, d=1457.5, reason=ERR_DIST | fixed_00099: score=0.457, d=1260.9, reason=ERR_DIST"
moving,moving_00193,193,Structure 2,matched_review,False,,24802.034309,30.993897999999998,722.9181441720408,107.66914150871202,0.783639806197421,1.069271452097959,-136.91733193493812,7.593302793652388e-07,0.0011111111080026397,0.001428571448884212,"[1.567476, 1.334005, 1.53677, 0.199278, 0.665995, 0.156705]","[0.005026, 0.011165, 0.450659, 0.029429, 0.0, 0.50372]","[-0.0, 0.0, 5.01728, -0.0, 0.0, 0.0]","fixed_00097: score=0.641, d=154.7, reason=OK | fixed_00100: score=0.529, d=789.1, reason=OK | fixed_00098: score=0.526, d=277.8, reason=OK"
moving,moving_00194,194,Structure 2,matched_review,False,,26453.43643,30.993897999999998,722.9181441720408,107.66914150871202,0.783639806197421,1.069271452097959,-136.91733193536436,7.593302793652388e-07,0.0011111111080026397,0.001428571448884212,"[0.920099, 2.760298, 2.534098, 0.760137, 0.290207, 1.079901]","[0.0, 0.281468, 0.057906, 0.091012, 0.03306, 0.536554]","[0.0, 0.0, 2.197225, 5.01728, -0.0, 0.0]","fixed_00102: score=0.625, d=154.5, reason=OK | fixed_00103: score=0.559, d=278.1, reason=ERR_NOT_MUTUAL | fixed_00101: score=0.483, d=429.7, reason=OK"
moving,moving_00195,195,Structure 2,matched_anchor,False,,26728.670117,30.993897999999998,722.9181441720408,107.66914150871202,0.783639806197421,1.069271452097959,-136.91733193543487,7.593302793652388e-07,0.0011111111080026397,0.001428571448884212,"[1.110883, 1.507627, 0.889117, 1.19945, 0.717984, 0.555442]","[0.0, 0.428048, 0.052208, 0.003265, 0.016479, 0.5]","[0.0, 0.0, 5.01728, 0.0, -0.0, 0.0]","fixed_00103: score=0.877, d=2.9, reason=OK | fixed_00102: score=0.566, d=429.7, reason=ERR_NOT_MUTUAL | fixed_00099: score=0.513, d=1334.2, reason=ERR_DIST"
moving,moving_00196,196,Structure 2,matched_anchor,False,,27279.13749,30.993897999999998,722.9181441720408,107.66914150871202,0.783639806197421,1.069271452097959,-136.9173319355783,7.593302793652388e-07,0.0011111111080026397,0.001428571448884212,"[0.37037, 0.740741, 0.962963, 1.705112, 1.037037, 1.555556]","[0.0, 0.0, 0.493532, 0.006468, 0.0, 0.5]","[0.0, 0.0, 0.0, -0.0, 0.0, 0.0]","fixed_00104: score=0.827, d=81.6, reason=OK | fixed_00100: score=0.610, d=1688.0, reason=ERR_DIST | fixed_00101: score=0.578, d=1255.4, reason=ERR_DIST"
moving,moving_00197,197,Structure 2,matched_review,False,,27475.732980999997,30.993897999999998,722.9181441720408,107.66914150871202,0.783639806197421,1.069271452097959,-136.91733193562834,7.593302793652388e-07,0.0011111111080026397,0.001428571448884212,"[0.37037, 0.592593, 2.075231, 0.37037, 1.407407, 1.925926]","[0.0, 0.494686, 0.005314, 0.0, 0.0, 0.5]","[0.0, 0.0, -0.0, 0.0, 0.0, 0.0]","fixed_00104: score=0.697, d=115.0, reason=OK | fixed_00099: score=0.605, d=2081.2, reason=ERR_DIST | fixed_00103: score=0.594, d=744.2, reason=OK"
moving,moving_00198,198,Structure 2,matched_review,False,,27672.328470999997,30.993897999999998,722.9181441720408,107.66914150871202,0.783639806197421,1.069271452097959,-136.91733193567998,7.593302793652388e-07,0.0011111111080026397,0.001428571448884212,"[0.176471, 1.470588, 1.588235, 0.294118, 1.411765, 0.588235]","[0.0, 0.0, 0.5, 0.0, 0.0, 0.5]","[0.0, 0.0, 0.0, 0.0, 0.0, 0.0]","fixed_00104: score=0.655, d=311.6, reason=OK | fixed_00101: score=0.575, d=1648.6, reason=ERR_DIST | fixed_00105: score=0.533, d=356.9, reason=OK"
moving,moving_00199,199,Structure 2,matched_review,False,,27790.285766,30.993897999999998,722.9181441720408,107.66914150871202,0.783639806197421,1.069271452097959,-136.917331935712,7.593302793652388e-07,0.0011111111080026397,0.001428571448884212,"[1.257143, 1.371429, 0.457143, 0.171429, 0.742857, 1.542857]","[0.0, 0.5, 0.0, 0.0, 0.0, 0.5]","[0.0, 0.0, 0.0, 0.0, 0.0, 0.0]","fixed_00105: score=0.641, d=239.0, reason=OK | fixed_00103: score=0.594, d=1058.7, reason=ERR_DIST | fixed_00102: score=0.584, d=1491.3, reason=ERR_DIST"
moving,moving_00200,200,Structure 2,no_counterpart,False,,28655.305924,30.993897999999998,722.9181441720408,107.66914150871202,0.783639806197421,1.069271452097959,-136.91733193593134,7.593302793652388e-07,0.0011111111080026397,0.001428571448884212,"[0.085106, 0.595745, 1.191489, 0.93617, 1.06383, 1.276596]","[0.0, 0.0, 0.5, 0.0, 0.0, 0.5]","[0.0, 0.0, 0.0, 0.0, 0.0, 0.0]","fixed_00104: score=0.577, d=1294.6, reason=ERR_DIST | fixed_00106: score=0.525, d=508.1, reason=OK | fixed_00105: score=0.517, d=626.0, reason=OK"
moving,moving_00201,201,Structure 2,matched_review,False,,28733.944119999996,30.993897999999998,722.9181441720408,107.66914150871202,0.783639806197421,1.069271452097959,-136.91733193594933,7.593302793652388e-07,0.0011111111080026397,0.001428571448884212,"[0.48, 1.04, 0.08, 0.96, 1.08, 1.28]","[0.0, 0.5, 0.0, 0.0, 0.0, 0.5]","[0.0, 0.0, 0.0, 0.0, 0.0, 0.0]","fixed_00105: score=0.557, d=704.7, reason=OK | fixed_00106: score=0.503, d=586.7, reason=OK | fixed_00104: score=0.497, d=1373.2, reason=ERR_DIST"
moving,moving_00202,202,Structure 2,no_counterpart,False,,29205.773298,30.993897999999998,722.9181441720408,107.66914150871202,0.783639806197421,1.069271452097959,-136.91733193607539,7.593302793652388e-07,0.0011111111080026397,0.001428571448884212,"[0.8, 1.2, 1.432564, 0.685714, 0.8, 2.057143]","[0.0, 0.011885, 0.488115, 0.0, 0.0, 0.5]","[0.0, 0.0, 0.0, 0.0, 0.0, 0.0]","fixed_00105: score=0.473, d=1176.5, reason=ERR_DIST | fixed_00106: score=0.464, d=1058.5, reason=ERR_DIST | fixed_00108: score=0.436, d=2362.8, reason=ERR_DIST"
moving,moving_00203,203,Structure 2,no_counterpart,False,,29756.240670999992,30.993897999999998,722.9181441720408,107.66914150871202,0.783639806197421,1.069271452097959,-136.91733193621877,7.593302793652388e-07,0.0011111111080026397,0.001428571448884212,"[0.35, 0.557895, 1.419349, 0.7, 1.3, 1.4]","[0.026806, 0.055605, 0.417589, 0.0, 0.0, 0.5]","[0.0, 0.0, 5.153292, 0.0, 0.0, 0.0]","fixed_00109: score=0.474, d=2323.5, reason=ERR_DIST | fixed_00108: score=0.467, d=1812.3, reason=ERR_DIST | fixed_00105: score=0.455, d=1727.0, reason=ERR_DIST"
moving,moving_00204,204,Structure 2,no_counterpart,False,,31053.770908999995,30.993897999999998,722.9181441720408,107.66914150871202,0.783639806197421,1.069271452097959,-136.91733193655347,7.593302793652388e-07,0.0011111111080026397,0.001428571448884212,"[0.96, 1.2, 0.653464, 0.883175, 1.04, 1.32]","[0.0, 0.335207, 0.151294, 0.013499, 0.0, 0.5]","[0.0, 0.0, 5.153292, 0.0, 0.0, 0.0]","fixed_00111: score=0.502, d=1576.6, reason=ERR_DIST | fixed_00108: score=0.485, d=514.8, reason=OK | fixed_00110: score=0.467, d=1419.3, reason=ERR_DIST"
moving,moving_00205,205,Structure 2,matched_anchor,False,,31997.429263333335,30.993897999999998,722.9181625579761,107.6691429694504,0.783639804864533,1.0692714792926776,136.91733191218134,7.593302986772419e-07,0.001111111136261464,0.001428571448884212,"[0.202514, 0.506284, 1.248835, 1.189945, 1.553889, 0.810055]","[0.0, 0.0, 0.434758, 0.058774, 0.006468, 0.5]","[-0.0, -0.0, 0.0, 5.153292, -0.0, -0.0]","fixed_00109: score=0.747, d=82.3, reason=OK | fixed_00110: score=0.557, d=475.6, reason=OK | fixed_00108: score=0.477, d=428.9, reason=OK"
moving,moving_00206,206,Structure 2,matched_review,False,,32233.343852,30.993897999999998,722.9181441720408,107.66914150871202,0.783639806197421,1.069271452097959,-136.91733193686142,7.593302793652388e-07,0.0011111111080026397,0.001428571448884212,"[0.295082, 1.016393, 1.508197, 1.33863, 0.983607, 0.196721]","[0.0, 0.0, 0.444085, 0.055915, 0.0, 0.5]","[0.0, 0.0, 0.0, 5.153292, 0.0, 0.0]","fixed_00109: score=0.666, d=153.6, reason=OK | fixed_00110: score=0.646, d=239.7, reason=OK | fixed_00111: score=0.474, d=397.0, reason=OK"
moving,moving_00207,207,Structure 2,matched_review,False,,32587.215734999998,30.993897999999998,722.9181441720408,107.66914150871202,0.783639806197421,1.069271452097959,-136.91733193694765,7.593302793652388e-07,0.0011111111080026397,0.001428571448884212,"[1.254237, 0.745763, 1.389831, 0.508475, 0.305085, 1.322034]","[0.0, 0.0, 0.5, 0.0, 0.0, 0.5]","[0.0, 0.0, 0.0, 0.0, 0.0, 0.0]","fixed_00111: score=0.706, d=43.1, reason=OK | fixed_00110: score=0.673, d=114.2, reason=OK | fixed_00109: score=0.500, d=507.4, reason=OK"
moving,moving_00208,208,Structure 2,no_counterpart,False,,33452.235893666664,30.993897999999998,722.9181625579761,107.66914296945039,0.7836398048645331,1.0692714792926776,136.91733191143067,7.593302986772419e-07,0.001111111136261464,0.001428571448884212,"[0.681818, 0.863636, 1.318182, 1.136364, 1.0, 1.0]","[0.0, 0.0, 0.0, 0.0, 0.5, 0.5]","[-0.0, -0.0, -0.0, -0.0, 1.609438, -0.0]","fixed_00112: score=0.485, d=672.5, reason=OK | fixed_00108: score=0.444, d=1883.7, reason=ERR_DIST | fixed_00109: score=0.434, d=1372.5, reason=ERR_DIST"
moving,moving_00209,209,Structure 2,matched_review,False,,34042.022365,30.993897999999998,722.9181441720408,107.66914150871202,0.783639806197421,1.069271452097959,-43.082668071258944,7.593302793652388e-07,0.0011111111080026397,0.001428571448884212,"[0.333333, 0.833333, 1.166667, 1.5, 0.583333, 1.25]","[0.0, 0.0, 0.0, 0.0, 0.5, 0.5]","[0.0, 0.0, 0.0, 0.0, 1.609438, 0.0]","fixed_00112: score=0.681, d=82.7, reason=OK | fixed_00108: score=0.442, d=2473.5, reason=ERR_DIST | fixed_00109: score=0.426, d=1962.2, reason=ERR_DIST"
moving,moving_00210,210,Structure 2,matched_review,False,,26374.798233999998,67.76575533333333,722.918124512492,107.66914014260631,0.7836398047722025,1.069271481176486,-136.9173319353415,7.593302587154726e-07,0.0011111111080026397,0.0014285714100346265,"[2.388338, 0.542852, 0.803186, 0.292027, 1.196814, 3.044659]","[0.026582, 0.183032, 0.454995, 0.053135, 0.010011, 0.272245]","[2.197225, 5.01728, 0.0, 0.0, 0.0, 0.0]","fixed_00102: score=0.682, d=84.5, reason=OK | fixed_00101: score=0.520, d=353.1, reason=OK | fixed_00100: score=0.502, d=784.6, reason=OK"
moving,moving_00211,211,Structure 2,matched_review,False,,26138.883645000005,104.537613,722.9181441720408,107.669141508712,0.7836398061974211,1.069271452097959,-136.91733193527864,7.593302793652388e-07,0.0011111111080026397,0.001428571448884212,"[0.495093, 1.504064, 0.70425, 0.520527, 1.29575, 2.491031]","[0.123693, 0.752036, 0.011945, 0.004865, 0.009493, 0.097967]","[5.01728, 2.197225, 0.0, -0.0, 0.0, 0.0]","fixed_00102: score=0.622, d=176.4, reason=OK | fixed_00101: score=0.605, d=136.9, reason=OK | fixed_00103: score=0.513, d=597.3, reason=OK"
moving,moving_00212,212,Structure 2,matched_anchor,False,,35378.871701000004,2016.6742019999995,722.9181441720423,107.66914150871212,0.7836398061974211,1.0692714520979567,136.91733192836926,7.593302793652404e-07,0.0011111111080026397,0.0014285714488842145,"[0.444444, 1.333333, 0.666667, 0.222222, 2.0, 2.222222]","[0.0, 0.0, 0.0, 0.5, 0.0, 0.5]","[-0.0, -0.0, -0.0, -0.0, 0.0, 0.0]","fixed_00128: score=0.797, d=36.7, reason=OK | fixed_00126: score=0.627, d=330.8, reason=OK | fixed_00129: score=0.590, d=257.8, reason=ERR_NOT_MUTUAL"
moving,moving_00213,213,Structure 2,matched_review,False,,35378.871701,2090.2179166666665,722.9181245124955,107.66914014260655,0.7836398047722027,1.0692714811764807,-136.9173319465197,7.593302587154763e-07,0.0011111111080026397,0.0014285714100346334,"[0.285714, 2.714286, 1.428571, 0.571429, 2.857143, 0.285714]","[0.0, 0.0, 0.0, 0.5, 0.0, 0.5]","[-0.0, 0.0, 0.0, 0.0, 0.0, 0.0]","fixed_00128: score=0.693, d=110.1, reason=OK | fixed_00126: score=0.631, d=404.3, reason=OK | fixed_00129: score=0.615, d=184.3, reason=ERR_NOT_MUTUAL"
moving,moving_00214,214,Structure 2,no_counterpart,False,,5529.12305222322,2527.197914260765,285552.66360531066,2439.3014229402584,0.603066412537376,1.0910855652806986,-46.91733192851739,0.0002999354568382606,0.020000000000565163,0.029999999999223006,"[0.795561, 1.007934, 1.003143, 0.995381, 0.996857, 1.003876]","[0.6731, 0.004896, 0.012405, 0.022522, 0.009899, 0.277178]","[0.132582, -5.978886, -5.978886, -5.978886, -5.978886, -5.978886]","fixed_00139: score=0.409, d=3250.7, reason=ERR_DIST | fixed_00136: score=0.390, d=2224.8, reason=ERR_DIST | fixed_00019: score=0.315, d=486.5, reason=ERR_AREA"
moving,moving_00215,215,Structure 2,matched_anchor,False,,35378.871701000004,2163.7616316666667,722.9181245124865,107.66914014260593,0.7836398047722022,1.069271481176494,-136.91733194651698,7.593302587154669e-07,0.0011111111080026397,0.0014285714100346156,"[2.833333, 1.333333, 0.333333, 0.333333, 0.666667, 3.666667]","[0.0, 0.0, 0.5, 0.0, 0.0, 0.5]","[0.0, 0.0, 0.0, 0.0, 0.0, 0.0]","fixed_00129: score=0.751, d=110.8, reason=OK | fixed_00128: score=0.695, d=183.6, reason=OK | fixed_00126: score=0.523, d=477.9, reason=OK"
moving,moving_00216,216,Structure 2,matched_anchor,False,,35378.871701,2237.3053466666665,722.9181245124955,107.66914014260655,0.7836398047722027,1.0692714811764807,-136.91733194651695,7.593302587154763e-07,0.0011111111080026397,0.0014285714100346334,"[2.5, 1.0, 0.666667, 4.0, 1.0, 0.333333]","[0.0, 0.5, 0.0, 0.0, 0.0, 0.5]","[0.0, 0.0, 0.0, 0.0, 0.0, -0.0]","fixed_00129: score=0.776, d=37.4, reason=OK | fixed_00128: score=0.609, d=257.1, reason=ERR_NOT_MUTUAL | fixed_00126: score=0.581, d=551.4, reason=ERR_NOT_MUTUAL"
moving,moving_00217,217,Structure 2,matched_review,False,,35378.871701,2457.936491333333,722.9181245124955,107.66914014260655,0.7836398047722027,1.0692714811764807,136.91733191053706,7.593302587154763e-07,0.0011111111080026397,0.0014285714100346334,"[0.947368, 2.631579, 1.052632, 0.631579, 1.263158, 0.842105]","[0.0, 0.5, 0.0, 0.0, 0.0, 0.5]","[0.0, -0.0, 0.0, 0.0, 0.0, -0.0]","fixed_00129: score=0.650, d=183.5, reason=OK | fixed_00132: score=0.629, d=184.5, reason=OK | fixed_00133: score=0.592, d=993.7, reason=ERR_DIST"
moving,moving_00218,218,Structure 2,no_counterpart,False,,7430.025628806383,3144.847291191322,326036.0795985925,2851.3343861793396,0.5039404544003644,1.0242844074533652,121.42544212128249,0.0003424579523983143,0.023333333352831907,0.032857142858141834,"[0.916232, 0.941093, 0.68277, 1.058907, 1.064102, 1.065668]","[0.328291, 0.209466, 0.191559, 0.004062, 0.014055, 0.252567]","[0.737599, 5.363455, -0.132582, -5.012855, -6.111467, -6.111467]","fixed_00136: score=0.460, d=1028.5, reason=ERR_DIST | fixed_00139: score=0.447, d=1475.9, reason=ERR_DIST"
moving,moving_00219,219,Structure 2,matched_review,False,,35378.871701000004,2788.883209,722.9181441720423,107.66914150871212,0.7836398061974211,1.0692714520979567,136.9173319283762,7.593302793652404e-07,0.0011111111080026397,0.0014285714488842145,"[0.969697, 1.090909, 0.545455, 0.909091, 1.151515, 1.030303]","[0.0, 0.5, 0.0, 0.0, 0.0, 0.5]","[-0.0, -0.0, -0.0, -0.0, -0.0, -0.0]","fixed_00132: score=0.665, d=146.6, reason=OK | fixed_00133: score=0.620, d=662.8, reason=OK | fixed_00142: score=0.597, d=1361.7, reason=ERR_DIST"
moving,moving_00220,220,Structure 2,matched_anchor,False,,35378.871701000004,3377.232928333334,722.9181245124865,107.66914014260593,0.7836398047722022,1.069271481176494,136.9173319105398,7.593302587154669e-07,0.0011111111080026397,0.0014285714100346156,"[1.038462, 1.192308, 0.076923, 0.961538, 1.192308, 0.615385]","[0.0, 0.0, 0.5, 0.0, 0.0, 0.5]","[0.0, 0.0, 0.0, 0.0, 0.0, 0.0]","fixed_00133: score=0.744, d=74.5, reason=OK | fixed_00128: score=0.573, d=1397.0, reason=ERR_DIST | fixed_00129: score=0.570, d=1102.8, reason=ERR_DIST"
moving,moving_00221,221,Structure 2,no_counterpart,False,,35366.42065320199,5117.154651275001,3614.590671711388,237.59466658001475,0.8046288725780119,1.0692714666372252,-136.91733192851706,3.7966513452018374e-06,0.0022222222160052795,0.00285714285891883,"[1.436947, 0.373871, 0.674508, 1.325492, 1.925215, 0.448197]","[0.047355, 0.016086, 0.126944, 0.318422, 0.012429, 0.478765]","[-1.609438, -1.609438, -0.0, 0.587787, -1.609438, 0.0]","fixed_00406: score=0.522, d=65.6, reason=ERR_AREA | fixed_00149: score=0.419, d=543.8, reason=OK | fixed_00421: score=0.375, d=1001.6, reason=ERR_DIST"
moving,moving_00222,222,Structure 2,matched_review,False,,35090.51882391249,5611.692958064986,369411.16780967853,2822.50182187552,0.5827085933584225,1.6833891554569274,90.0,0.00038801776869886866,0.016666666676557244,0.03857142853712995,"[0.830954, 0.986922, 1.013078, 1.331341, 1.094663, 0.870394]","[0.068826, 0.630655, 0.115038, 0.002433, 0.104235, 0.078813]","[-6.23637, -6.23637, -4.039145, -6.23637, -4.626932, -6.23637]","fixed_00402: score=0.606, d=71.6, reason=OK | fixed_00411: score=0.428, d=3332.8, reason=ERR_DIST | fixed_00400: score=0.415, d=1675.9, reason=ERR_DIST"
moving,moving_00223,223,Structure 2,no_counterpart,False,,4953.828992463939,5817.639663576582,446040.489892763,4001.623754743204,0.3500351382736781,1.3464899987243857,-145.34595903469489,0.00046850677705203295,0.03777777775686625,0.038571428575979554,"[1.532216, 1.031886, 0.727038, 1.098255, 0.968114, 0.498303]","[0.209706, 0.02139, 0.20253, 0.02047, 0.305018, 0.240886]","[1.189443, -0.220311, -4.478959, -2.220176, -1.260083, 5.050053]","fixed_00141: score=0.448, d=2118.5, reason=ERR_DIST | fixed_00136: score=0.438, d=2730.2, reason=ERR_DIST | fixed_00139: score=0.410, d=3507.1, reason=ERR_DIST"
moving,moving_00224,224,Structure 2,matched_anchor,False,,35378.871701000004,5510.000662,722.9181441720423,107.66914150871212,0.7836398061974211,1.0692714520979567,136.91733192837287,7.593302793652404e-07,0.0011111111080026397,0.0014285714488842145,"[0.497787, 0.995573, 1.034778, 0.792691, 1.004427, 1.330173]","[0.0, 0.196039, 0.249469, 0.033345, 0.016105, 0.505043]","[0.0, -0.0, 6.23637, 1.609438, -0.0, 1.609438]","fixed_00409: score=0.808, d=4.5, reason=OK | fixed_00414: score=0.587, d=222.4, reason=OK | fixed_00406: score=0.554, d=329.4, reason=OK"
moving,moving_00225,225,Structure 2,matched_review,False,,35378.871701000004,5657.088092,722.9181441720423,107.66914150871212,0.7836398061974211,1.0692714520979567,136.91733192837023,7.593302793652404e-07,0.0011111111080026397,0.0014285714488842145,"[0.440423, 0.874047, 1.575088, 1.125953, 1.326503, 0.440423]","[0.274852, 0.111102, 0.080515, 0.019387, 0.014144, 0.5]","[-0.0, 6.23637, 2.197225, 1.609438, -0.0, 0.0]","fixed_00414: score=0.702, d=75.4, reason=OK | fixed_00409: score=0.636, d=145.5, reason=OK | fixed_00418: score=0.535, d=296.0, reason=OK"
moving,moving_00226,226,Structure 2,matched_review,False,,35378.871701,5804.175522,722.9181441720243,107.66914150871088,0.7836398061974196,1.0692714520979834,136.91733192598096,7.593302793652216e-07,0.0011111111080026397,0.0014285714488841792,"[1.07694, 0.92306, 1.38655, 1.569952, 0.783229, 0.391615]","[0.343678, 0.132197, 0.013504, 0.01062, 0.0, 0.5]","[0.0, 6.23637, 1.609438, -0.0, 0.0, 0.0]","fixed_00414: score=0.706, d=71.9, reason=OK | fixed_00418: score=0.636, d=149.0, reason=OK | fixed_00420: score=0.599, d=222.5, reason=OK"
moving,moving_00227,227,Structure 2,no_counterpart,False,,26958.59523718613,6465.146364878308,67231.38672429185,1039.4042093026371,0.7820112316405128,1.0692714700365618,0.0,7.061771526282208e-05,0.008888888892279942,0.011428571435675357,"[1.625007, 0.691727, 0.864722, 1.622142, 0.957653, 1.042347]","[0.125967, 0.139471, 0.059163, 0.109947, 0.525131, 0.040322]","[0.665898, -1.313724, -1.96765, 2.953453, 1.839012, 5.682006]","fixed_00152: score=0.273, d=2146.4, reason=ERR_DIST | fixed_00398: score=0.273, d=2968.2, reason=ERR_DIST;ERR_AREA | fixed_00039: score=0.254, d=2233.0, reason=ERR_DIST;ERR_AREA"
moving,moving_00228,228,Structure 2,no_counterpart,False,,3618.402118076376,6576.3845287738095,5060.426940395893,288.88199596826536,0.7620019293875799,1.402824296732329,43.08266807148249,5.31531188328252e-06,0.0022222222160052925,0.004285714268953446,"[1.0878, 0.292219, 1.007481, 0.992519, 0.65113, 1.093307]","[0.10653, 0.378153, 0.026399, 0.16509, 0.011388, 0.312439]","[-0.336472, 4.258648, 2.258782, 3.218876, 4.478959, 9.529012]","fixed_00041: score=0.336, d=1769.5, reason=ERR_DIST | fixed_00162: score=0.245, d=1070.8, reason=ERR_DIST;ERR_AREA | fixed_00141: score=0.233, d=1936.0, reason=ERR_DIST;ERR_AREA"
moving,moving_00229,229,Structure 2,no_counterpart,False,,3219.8409311026144,7138.777279144339,357844.4775822,3451.553147345933,0.37746357881311293,2.119823382452896,97.16995400880953,0.0003758684843122919,0.016666666676557244,0.048571428562770656,"[1.140477, 0.974147, 0.942925, 1.198789, 0.324377, 1.025853]","[0.005372, 0.240533, 0.014596, 0.384523, 0.048253, 0.306722]","[0.640258, -4.59512, 0.510826, -6.204558, -4.258648, 0.220311]","fixed_00141: score=0.386, d=2443.3, reason=ERR_DIST | fixed_00038: score=0.280, d=1059.0, reason=ERR_DIST;ERR_AREA | fixed_00041: score=0.196, d=1117.1, reason=ERR_DIST;ERR_AREA"
moving,moving_00230,230,Structure 2,no_counterpart,False,,31007.99049459209,6849.510077802636,77352.24055275053,1129.911445929967,0.7613668186087585,1.3365893366958714,-133.08266755322407,8.124833897441809e-05,0.011111111108285221,0.01142857143567532,"[0.885171, 1.401441, 0.11062, 0.655526, 1.114829, 1.153444]","[0.081246, 0.192555, 0.138367, 0.026074, 0.217268, 0.344489]","[3.488546, -0.382369, 0.370596, 0.525668, 5.541777, 1.210494]","fixed_00424: score=0.282, d=676.9, reason=ERR_AREA | fixed_00422: score=0.260, d=458.4, reason=OK | fixed_00411: score=0.239, d=1213.3, reason=ERR_DIST;ERR_AREA"
moving,moving_00231,231,Structure 2,matched_anchor,False,,35378.871701000004,7569.224680999999,722.9181441720423,107.66914150871212,0.7836398061974211,1.0692714520979567,136.9173319283676,7.593302793652404e-07,0.0011111111080026397,0.0014285714488842145,"[0.526316, 0.736842, 1.157895, 2.210526, 0.842105, 1.368421]","[0.0, 0.0, 0.0, 0.5, 0.0, 0.5]","[0.0, 0.0, 0.0, 0.0, 0.0, -0.0]","fixed_00165: score=0.848, d=4.9, reason=OK | fixed_00160: score=0.521, d=1101.1, reason=ERR_DIST | fixed_00167: score=0.305, d=1087.6, reason=ERR_DIST"
moving,moving_00232,232,Structure 2,matched_review,False,,35378.871701000004,7753.083967999999,722.9181441720423,107.66914150871212,0.7836398061974211,1.0692714520979567,-136.91733192866144,7.593302793652404e-07,0.0011111111080026397,0.0014285714488842145,"[0.210526, 0.631579, 1.684211, 0.526316, 1.368421, 1.894737]","[0.0, 0.0, 0.5, 0.0, 0.0, 0.5]","[0.0, 0.0, 0.0, 0.0, 0.0, -0.0]","fixed_00165: score=0.622, d=181.5, reason=OK | fixed_00167: score=0.289, d=903.8, reason=ERR_DIST"
moving,moving_00233,233,Structure 2,no_counterpart,False,,26700.945111596982,7826.627683121795,9397.93578194774,367.5201934290042,0.8743391483090521,1.0692714805485457,-136.9173319285166,9.87129353481089e-06,0.0033333333522667435,0.004285714268953481,"[1.967965, 0.971174, 1.028826, 0.959972, 1.738707, 0.753445]","[0.263453, 0.203167, 0.179222, 0.107472, 0.035723, 0.210964]","[3.243193, 4.921103, 3.806662, 1.96765, 7.649656, 0.653926]","fixed_00152: score=0.259, d=2580.8, reason=ERR_DIST;ERR_AREA | fixed_00399: score=0.230, d=2727.3, reason=ERR_DIST;ERR_AREA | fixed_00039: score=0.204, d=2376.5, reason=ERR_DIST;ERR_AREA"
moving,moving_00234,234,Structure 2,matched_review,False,,35378.871701000004,7826.627683,722.9181441720423,107.66914150871212,0.7836398061974211,1.0692714520979567,-136.9173319286588,7.593302793652404e-07,0.0011111111080026397,0.0014285714488842145,"[0.380952, 1.333333, 0.190476, 0.666667, 1.428571, 1.904762]","[0.0, 0.5, 0.0, 0.0, 0.0, 0.5]","[0.0, 0.0, 0.0, 0.0, 0.0, -0.0]","fixed_00165: score=0.574, d=255.0, reason=ERR_NOT_MUTUAL | fixed_00168: score=0.445, d=1290.1, reason=ERR_DIST | fixed_00167: score=0.292, d=830.2, reason=ERR_DIST"
moving,moving_00235,235,Structure 2,no_counterpart,False,,35378.871701000004,7973.715113000001,722.9181441720423,107.66914150871212,0.7836398061974211,1.0692714520979567,136.91733192837023,7.593302793652404e-07,0.0011111111080026397,0.0014285714488842145,"[0.952381, 2.095238, 0.571429, 0.380952, 1.047619, 1.809524]","[0.0, 0.5, 0.0, 0.0, 0.0, 0.5]","[0.0, -0.0, 0.0, 0.0, 0.0, 0.0]","fixed_00165: score=0.538, d=402.1, reason=OK | fixed_00440: score=0.538, d=1437.3, reason=ERR_DIST | fixed_00168: score=0.471, d=1143.0, reason=ERR_DIST"
moving,moving_00236,236,Structure 2,no_counterpart,False,,6208.090359610764,8801.677536560945,1465355.061829891,10310.853442538673,0.17320622846735098,2.6559323616752337,174.65714651161932,0.0015391624590401197,0.08555555557053271,0.04428571429381721,"[0.889527, 1.110473, 0.718888, 0.462367, 1.286389, 1.340798]","[0.031682, 0.09671, 0.139245, 0.142116, 0.022792, 0.567456]","[-1.676776, -3.380206, -3.606979, -2.694331, -0.769497, -6.004874]","fixed_00159: score=0.410, d=3870.4, reason=ERR_DIST | fixed_00171: score=0.308, d=2826.4, reason=ERR_DIST | fixed_00158: score=0.245, d=2445.2, reason=ERR_DIST;ERR_AREA"
moving,moving_00237,237,Structure 2,matched_review,False,,31.0025,8231.118115333333,722.9181245124877,107.66914014260601,0.7836398047722022,1.0692714811764958,-136.91733192853215,7.59330258715468e-07,0.0011111111080026415,0.0014285714100346156,"[0.296296, 0.666667, 1.185185, 1.481481, 0.814815, 1.333333]","[0.0, 0.0, 0.0, 0.5, 0.0, 0.5]","[0.0, 1.94591, 0.0, 0.0, 1.098612, 0.0]","fixed_00433: score=0.634, d=186.6, reason=OK | fixed_00437: score=0.566, d=664.8, reason=ERR_NOT_MUTUAL | fixed_00425: score=0.565, d=1174.5, reason=ERR_DIST"
moving,moving_00238,238,Structure 2,matched_review,False,,31.0025,8304.661830333334,722.9181245124877,107.66914014260601,0.7836398047722022,1.0692714811764958,-136.91733192853107,7.59330258715468e-07,0.0011111111080026415,0.0014285714100346156,"[0.37037, 0.888889, 1.481481, 1.185185, 1.111111, 0.296296]","[0.0, 0.0, 0.0, 0.5, 0.0, 0.5]","[1.94591, 0.0, 0.0, 0.0, 1.098612, 0.0]","fixed_00433: score=0.675, d=113.1, reason=OK | fixed_00428: score=0.585, d=512.3, reason=ERR_NOT_MUTUAL | fixed_00432: score=0.569, d=21.2, reason=OK"
moving,moving_00239,239,Structure 2,no_counterpart,False,,35378.871701000004,8341.433688,722.9181441720423,107.66914150871212,0.7836398061974211,1.0692714520979567,136.9173319283676,7.593302793652404e-07,0.0011111111080026397,0.0014285714488842145,"[0.8, 1.2, 0.933333, 0.666667, 1.066667, 1.4]","[0.0, 0.5, 0.0, 0.0, 0.0, 0.5]","[-0.0, -0.0, 0.0, 0.0, 0.0, 0.0]","fixed_00440: score=0.549, d=1069.5, reason=ERR_DIST | fixed_00165: score=0.538, d=769.8, reason=OK | fixed_00168: score=0.483, d=775.3, reason=OK"
moving,moving_00240,240,Structure 2,no_counterpart,False,,3923.715343479348,9457.82245112903,678820.1296102623,6280.487012682842,0.21626086342951764,1.0449698455135705,46.5927112822158,0.0007130111241654506,0.047777777757148844,0.06285714285736488,"[0.886695, 0.923436, 0.16372, 1.097749, 1.312477, 1.076564]","[0.143163, 0.518296, 0.030958, 0.030099, 0.222285, 0.055199]","[-1.924835, -0.473204, -5.235378, -0.640258, -4.898905, 0.769497]","fixed_00171: score=0.437, d=1598.5, reason=ERR_DIST | fixed_00041: score=0.207, d=1534.2, reason=ERR_DIST;ERR_AREA"
moving,moving_00241,241,Structure 2,matched_review,False,,35378.871701000004,8782.695977666668,722.9181245124865,107.66914014260593,0.7836398047722022,1.069271481176494,-136.91733194651886,7.593302587154669e-07,0.0011111111080026397,0.0014285714100346156,"[0.413793, 0.758621, 1.172414, 1.37931, 0.827586, 1.517241]","[0.0, 0.0, 0.0, 0.5, 0.0, 0.5]","[0.0, 0.0, 0.0, 0.0, 0.0, 0.0]","fixed_00440: score=0.556, d=628.3, reason=ERR_NOT_MUTUAL | fixed_00168: score=0.534, d=334.0, reason=OK | fixed_00165: score=0.510, d=1211.0, reason=ERR_DIST"
moving,moving_00242,242,Structure 2,matched_review,False,,35378.871701000004,9003.327122333334,722.9181245124865,107.66914014260593,0.7836398047722022,1.069271481176494,136.91733191054493,7.593302587154669e-07,0.0011111111080026397,0.0014285714100346156,"[0.4, 0.88, 1.12, 1.32, 0.48, 1.44]","[0.0, 0.0, 0.0, 0.5, 0.0, 0.5]","[0.0, 0.0, 0.0, 1.098612, 0.0, 0.0]","fixed_00168: score=0.673, d=113.4, reason=OK | fixed_00440: score=0.593, d=407.7, reason=ERR_NOT_MUTUAL | fixed_00452: score=0.578, d=1364.1, reason=ERR_DIST"
moving,moving_00243,243,Structure 2,matched_anchor,False,,35378.871701000004,9187.186409999998,722.9181441720423,107.66914150871212,0.7836398061974211,1.0692714520979567,136.91733192837748,7.593302793652404e-07,0.0011111111080026397,0.0014285714488842145,"[0.6, 0.9, 1.4, 1.15, 1.1, 0.5]","[0.0, 0.0, 0.0, 0.5, 0.0, 0.5]","[-0.0, 0.0, -0.0, 1.098612, -0.0, -0.0]","fixed_00168: score=0.737, d=70.6, reason=OK | fixed_00440: score=0.646, d=223.8, reason=OK | fixed_00452: score=0.566, d=1180.2, reason=ERR_DIST"
moving,moving_00244,244,Structure 2,no_counterpart,False,,5876.872253435991,9589.126968756602,99039.78456654321,1425.5680018916723,0.6124119741675084,1.0692714689034475,-136.9173324400211,0.00010402824702832362,0.013333333324290502,0.017142857153513054,"[1.17165, 0.555046, 0.946812, 1.065874, 0.465142, 1.053188]","[0.050226, 0.262644, 0.185106, 0.302685, 0.16004, 0.039299]","[-0.685874, -0.912648, 1.451631, 1.924835, 2.694331, 1.017555]","fixed_00158: score=0.317, d=3275.8, reason=ERR_DIST | fixed_00171: score=0.264, d=2023.4, reason=ERR_DIST;ERR_AREA | fixed_00006: score=0.249, d=2152.7, reason=ERR_DIST;ERR_AREA"
moving,moving_00245,245,Structure 2,matched_anchor,False,,35378.871701000004,9407.817554666664,722.9181245124865,107.66914014260593,0.7836398047722022,1.069271481176494,-136.91733194651317,7.593302587154669e-07,0.0011111111080026397,0.0014285714100346156,"[0.428571, 1.142857, 1.428571, 0.785714, 0.857143, 1.571429]","[0.0, 0.0, 0.0, 0.5, 0.0, 0.5]","[0.0, 0.0, 0.0, 1.098612, 0.0, 0.0]","fixed_00440: score=0.886, d=5.3, reason=OK | fixed_00458: score=0.573, d=1327.5, reason=ERR_DIST | fixed_00452: score=0.572, d=959.6, reason=ERR_DIST"
moving,moving_00246,246,Structure 2,matched_review,False,,35378.871701000004,9518.133126999997,722.9181441720423,107.66914150871212,0.7836398061974211,1.0692714520979567,136.91733192837748,7.593302793652404e-07,0.0011111111080026397,0.0014285714488842145,"[1.166667, 0.833333, 0.416667, 0.5, 1.5, 2.333333]","[0.0, 0.0, 0.5, 0.0, 0.0, 0.5]","[-0.0, -0.0, 1.098612, -0.0, 0.0, -0.0]","fixed_00440: score=0.672, d=107.2, reason=OK | fixed_00443: score=0.559, d=58.5, reason=OK | fixed_00459: score=0.532, d=1290.7, reason=ERR_DIST"
moving,moving_00247,247,Structure 2,matched_anchor,False,,35378.87170099999,9610.062770500002,2168.754393197015,181.21285550871158,0.8299314608646456,1.8704324041207636,-43.08266807148306,2.277990796796174e-06,0.0011111111080026397,0.00285714285891883,"[0.5, 0.9, 2.468205, 2.3, 1.1, 0.5]","[0.0, 0.042747, 0.457253, 0.0, 0.0, 0.5]","[-1.098612, -1.098612, 3.135494, -1.098612, -1.098612, -1.098612]","fixed_00443: score=0.767, d=33.8, reason=OK | fixed_00444: score=0.666, d=150.4, reason=OK | fixed_00170: score=0.541, d=500.1, reason=OK"
moving,moving_00248,248,Structure 2,no_counterpart,False,,28593.81817534573,9944.662748151239,240731.739269444,2429.166707152897,0.5126589893741001,1.052118222383566,-69.09900986421793,0.0002528569801507777,0.017777777784559884,0.025714285691419946,"[1.203413, 0.796587, 0.554797, 0.475166, 4.191524, 4.108224]","[0.044292, 0.082577, 0.233333, 0.252848, 0.061853, 0.325096]","[-3.100092, 0.651762, 2.371338, -1.342234, -3.243193, -2.589267]","fixed_00482: score=0.397, d=3901.2, reason=ERR_DIST | fixed_00175: score=0.195, d=2787.4, reason=ERR_DIST;ERR_AREA | fixed_00476: score=0.183, d=5590.2, reason=ERR_DIST;ERR_AREA"
moving,moving_00249,249,Structure 2,matched_review,False,,35378.871701000004,9701.992414333334,722.9181245124865,107.66914014260593,0.7836398047722022,1.069271481176494,136.91733191053325,7.593302587154669e-07,0.0011111111080026397,0.0014285714100346156,"[0.307692, 1.531199, 0.384615, 0.769231, 1.230769, 2.153846]","[0.053364, 0.446636, 0.0, 0.0, 0.0, 0.5]","[0.0, 4.234107, 1.098612, 0.0, 0.0, 0.0]","fixed_00440: score=0.593, d=291.1, reason=ERR_NOT_MUTUAL | fixed_00452: score=0.535, d=665.4, reason=OK | fixed_00174: score=0.533, d=1437.9, reason=ERR_DIST"
moving,moving_00250,250,Structure 2,matched_review,False,,35378.871701000004,9775.536129333334,722.9181245124865,107.66914014260593,0.7836398047722022,1.069271481176494,136.91733191053453,7.593302587154669e-07,0.0011111111080026397,0.0014285714100346156,"[1.072294, 0.596383, 0.265059, 0.927706, 1.325295, 2.120472]","[0.433676, 0.0, 0.0, 0.0, 0.0, 0.566324]","[4.234107, 1.098612, 0.0, 0.0, 0.0, 0.0]","fixed_00444: score=0.570, d=15.7, reason=OK | fixed_00168: score=0.534, d=658.9, reason=OK | fixed_00455: score=0.524, d=849.4, reason=ERR_DIST"
moving,moving_00251,251,Structure 2,no_counterpart,False,,29402.368787999996,10051.325060499998,10843.772005304225,396.5511357939258,0.8665464463407757,1.246954927602877,43.08266807148258,1.1389954025280456e-05,0.0033333333240079194,0.005714285678988133,"[3.185165, 0.355243, 0.658819, 1.126038, 0.873962, 3.063902]","[0.385783, 0.001754, 0.034168, 0.037899, 0.460913, 0.079482]","[5.485903, 3.751854, 5.47143, 1.757858, 3.100092, 1.582409]","fixed_00175: score=0.388, d=2056.9, reason=ERR_DIST | fixed_00482: score=0.224, d=3609.7, reason=ERR_DIST;ERR_AREA | fixed_00422: score=0.209, d=3825.4, reason=ERR_DIST;ERR_AREA"
moving,moving_00252,252,Structure 2,no_counterpart,False,,5081.815101523335,11135.623422143637,422907.10929354635,3816.9964983064524,0.36476346024601725,1.2079875912379197,-60.63030224277149,0.00044420820812735365,0.026666666648581028,0.04428571429381721,"[1.099336, 0.745358, 1.000456, 0.999544, 0.852565, 1.021907]","[0.022305, 0.091541, 0.279705, 0.171731, 0.081053, 0.353665]","[-0.87855, -0.7404, 0.222802, 0.473204, -1.451631, -2.364279]","fixed_00171: score=0.473, d=690.9, reason=OK | fixed_00178: score=0.257, d=3135.3, reason=ERR_DIST;ERR_AREA"
moving,moving_00253,253,Structure 2,no_counterpart,False,,32432.86212387424,10917.046224638554,153981.5628522879,2078.6100343512308,0.44784996879466293,1.4511541399971768,-156.96973892685955,0.00016173734755493762,0.021111111108567907,0.019999999973582285,"[2.512731, 0.743672, 0.448783, 0.478951, 1.552143, 1.256328]","[0.140969, 0.022334, 0.04026, 0.342207, 0.052056, 0.402174]","[-2.963397, -0.384558, 4.437002, 2.832661, -1.070833, -1.697731]","fixed_00482: score=0.322, d=3730.2, reason=ERR_DIST | fixed_00431: score=0.266, d=2234.9, reason=ERR_DIST | fixed_00179: score=0.257, d=1420.4, reason=ERR_DIST"
moving,moving_00254,254,Structure 2,matched_review,False,,35378.87170099999,10749.990352499997,2168.754393197087,181.21285550871522,0.8299314608646399,1.8704324041208098,136.91733192851694,2.2779907967962496e-06,0.0011111111080026397,0.002857142858918901,"[1.109091, 0.614001, 0.704733, 1.127273, 1.036364, 0.963636]","[0.071115, 0.401861, 0.027025, 0.0, 0.0, 0.5]","[-1.098612, 4.81759, 3.135494, -0.0, -1.098612, -1.098612]","fixed_00172: score=0.699, d=114.1, reason=OK | fixed_00458: score=0.628, d=15.3, reason=OK | fixed_00459: score=0.523, d=59.0, reason=OK"
moving,moving_00255,255,Structure 2,no_counterpart,False,,35378.871701,11945.075720666666,722.9181245125224,107.66914014260843,0.7836398047722045,1.0692714811764412,-136.9173319465136,7.593302587155044e-07,0.0011111111080026397,0.0014285714100346863,"[0.827586, 1.172414, 0.448276, 1.293134, 2.241379, 0.137931]","[0.0, 0.0, 0.43639, 0.06361, 0.0, 0.5]","[-0.0, 0.0, 1.098612, 5.916202, 1.098612, -0.0]","fixed_00180: score=0.526, d=335.2, reason=OK | fixed_00185: score=0.503, d=666.3, reason=OK | fixed_00183: score=0.496, d=445.6, reason=OK"
moving,moving_00256,256,Structure 2,no_counterpart,False,,8327.332200999997,11981.847578,722.9181441720422,107.6691415087121,0.7836398061974212,1.0692714520979567,136.91733192638893,7.593302793652403e-07,0.0011111111080026397,0.0014285714488842145,"[1.397134, 1.136363, 0.461649, 1.101523, 0.898477, 0.31054]","[0.033998, 0.254525, 0.088893, 0.122699, 0.037882, 0.462002]","[9.531481, -0.0, 5.361292, 6.685861, 6.124683, 5.899897]","fixed_00191: score=0.476, d=2018.7, reason=ERR_DIST | fixed_00468: score=0.291, d=469.9, reason=ERR_AREA | fixed_00044: score=0.256, d=3606.7, reason=ERR_DIST;ERR_AREA"
moving,moving_00257,257,Structure 2,no_counterpart,False,,35378.87170099999,12184.092794277776,2168.7544128565705,181.21285614260606,0.829931462581587,1.8704324041207636,90.0,2.2779908174459473e-06,0.0011111111080026397,0.00285714285891883,"[0.578947, 1.105263, 3.105263, 2.617592, 0.684211, 0.894737]","[0.0, 0.0, 0.452606, 0.047394, 0.0, 0.5]","[-1.098612, -1.098612, -1.098612, 4.81759, -1.098612, -1.098612]","fixed_00180: score=0.512, d=96.3, reason=OK | fixed_00172: score=0.442, d=1320.1, reason=ERR_DIST | fixed_00183: score=0.424, d=206.6, reason=OK"
moving,moving_00258,258,Structure 2,matched_anchor,False,,35378.871701000004,12386.338010333335,722.9181245124865,107.66914014260593,0.7836398047722022,1.069271481176494,136.91733191053623,7.593302587154669e-07,0.0011111111080026397,0.0014285714100346156,"[2.0, 1.846154, 0.384615, 0.423077, 0.923077, 1.076923]","[0.0, 0.0, 0.5, 0.0, 0.0, 0.5]","[0.0, 0.0, 0.0, 1.098612, 0.0, 0.0]","fixed_00183: score=0.888, d=6.0, reason=OK | fixed_00180: score=0.761, d=106.1, reason=OK | fixed_00185: score=0.686, d=225.0, reason=OK"
moving,moving_00259,259,Structure 2,matched_anchor,False,,35378.871701,12570.197297666666,722.9181245125224,107.66914014260843,0.7836398047722045,1.0692714811764412,-136.91733194651587,7.593302587155044e-07,0.0011111111080026397,0.0014285714100346863,"[1.055556, 1.166667, 0.583333, 0.944444, 1.055556, 0.277778]","[0.0, 0.5, 0.0, 0.0, 0.0, 0.5]","[-0.0, -0.0, 1.098612, 0.0, -0.0, -0.0]","fixed_00185: score=0.782, d=41.4, reason=OK | fixed_00183: score=0.643, d=179.6, reason=OK | fixed_00180: score=0.585, d=290.0, reason=OK"
moving,moving_00260,260,Structure 2,no_counterpart,False,,21495.140905268298,13787.328832200737,810391.2307620449,7871.9844282251715,0.1643372988007447,1.094730315027262,36.031782001939234,0.0008512092338676183,0.04777777778540763,0.05999999999844605,"[0.337739, 0.268318, 2.250157, 1.011607, 0.988393, 2.558149]","[0.191811, 0.196274, 0.05126, 0.243617, 0.113764, 0.203274]","[-5.076066, -0.107246, -1.048167, -1.068733, -3.014643, -1.457456]","fixed_00465: score=0.393, d=4840.9, reason=ERR_DIST | fixed_00508: score=0.382, d=4605.5, reason=ERR_DIST | fixed_00483: score=0.369, d=4194.6, reason=ERR_DIST"
moving,moving_00261,261,Structure 2,no_counterpart,False,,7580.269336999999,13158.547017333334,722.9181245125222,107.6691401426084,0.7836398047722049,1.0692714811764412,-136.91733193046514,7.593302587155043e-07,0.0011111111080026397,0.0014285714100346863,"[1.119412, 0.364312, 0.894246, 0.537397, 1.205292, 1.105754]","[0.070566, 0.027578, 0.079773, 0.477135, 0.060758, 0.284189]","[2.397895, 9.531481, 3.713572, 4.905275, 5.361292, 0.0]","fixed_00191: score=0.465, d=2111.0, reason=ERR_DIST | fixed_00468: score=0.274, d=1665.5, reason=ERR_DIST;ERR_AREA | fixed_00485: score=0.264, d=3451.5, reason=ERR_DIST;ERR_AREA"
moving,moving_00262,262,Structure 2,matched_anchor,False,,35378.871701000004,13268.862589666669,722.9181245124865,107.66914014260593,0.7836398047722022,1.069271481176494,-136.9173319465194,7.593302587154669e-07,0.0011111111080026397,0.0014285714100346156,"[0.125, 0.25, 0.9375, 1.0625, 1.1875, 1.5]","[0.0, 0.0, 0.0, 0.5, 0.0, 0.5]","[0.0, 0.0, 0.0, 0.0, 0.0, 0.0]","fixed_00189: score=0.803, d=41.6, reason=OK | fixed_00190: score=0.622, d=188.6, reason=OK | fixed_00192: score=0.620, d=299.0, reason=OK"
moving,moving_00263,263,Structure 2,matched_anchor,False,,35378.871701000004,13342.406304666667,722.9181245124865,107.66914014260593,0.7836398047722022,1.069271481176494,-136.9173319465081,7.593302587154669e-07,0.0011111111080026397,0.0014285714100346156,"[0.142857, 0.928571, 1.071429, 1.678571, 1.5, 0.142857]","[0.0, 0.0, 0.0, 0.5, 0.0, 0.5]","[0.0, 0.0, 0.0, 1.098612, 0.0, 0.0]","fixed_00189: score=0.761, d=32.4, reason=OK | fixed_00190: score=0.666, d=115.1, reason=OK | fixed_00192: score=0.655, d=225.4, reason=OK"
moving,moving_00264,264,Structure 2,no_counterpart,False,,20005.351148112106,13743.498125935983,278323.4822837366,2864.9377504082277,0.42611746380148685,1.1227350426885605,-3.823361219854258,0.0002923421541708061,0.023333333324573186,0.028571428589188375,"[0.760392, 1.000511, 0.783658, 0.999489, 1.71135, 1.041565]","[0.015043, 0.026379, 0.368611, 0.236445, 0.227253, 0.126269]","[1.068733, -4.007333, 0.961488, 0.020566, 7.606083, -1.94591]","fixed_00501: score=0.429, d=3184.9, reason=ERR_DIST | fixed_00499: score=0.414, d=3189.6, reason=ERR_DIST | fixed_00496: score=0.407, d=2349.6, reason=ERR_DIST"
moving,moving_00265,265,Structure 2,matched_anchor,False,,35378.871701000004,13415.950019666669,722.9181245124865,107.66914014260593,0.7836398047722022,1.069271481176494,-136.91733194652195,7.593302587154669e-07,0.0011111111080026397,0.0014285714100346156,"[1.083333, 0.916667, 1.791667, 1.916667, 0.166667, 0.333333]","[0.0, 0.0, 0.5, 0.0, 0.0, 0.5]","[0.0, 0.0, 1.098612, 0.0, 0.0, 0.0]","fixed_00190: score=0.769, d=41.7, reason=OK | fixed_00189: score=0.690, d=105.8, reason=OK | fixed_00192: score=0.665, d=151.9, reason=OK"
moving,moving_00266,266,Structure 2,no_counterpart,False,,7362.31532420239,13799.920847524443,97593.94857337026,1220.6170648586663,0.8231403268609604,1.0391291104639726,90.0,0.00010250958677963153,0.010000000000282581,0.014285714294594222,"[1.304373, 0.641457, 2.250842, 0.695627, 2.113712, 0.440309]","[0.090506, 0.651189, 0.01582, 0.025528, 0.091083, 0.125875]","[-2.50738, -1.191703, 0.456017, -4.905275, -4.905275, 4.626207]","fixed_00194: score=0.412, d=1714.6, reason=ERR_DIST | fixed_00485: score=0.255, d=3373.0, reason=ERR_DIST;ERR_AREA | fixed_00208: score=0.240, d=2651.3, reason=ERR_DIST"
moving,moving_00267,267,Structure 2,no_counterpart,False,,27249.706546939593,14175.976813393196,324590.24325162877,2907.716199884539,0.4824377610402826,1.105255507692742,-128.1011444370681,0.00034093929177801165,0.024444444460834547,0.03714285716594493,"[0.831878, 0.397079, 0.991728, 1.057736, 1.008272, 1.052462]","[0.160391, 0.413877, 0.006076, 0.011512, 0.007885, 0.400258]","[0.175244, 0.030704, -1.641115, -0.29888, 2.072457, 0.352882]","fixed_00212: score=0.447, d=3117.9, reason=ERR_DIST | fixed_00497: score=0.394, d=3596.4, reason=ERR_DIST | fixed_00482: score=0.392, d=2679.5, reason=ERR_DIST"
moving,moving_00268,268,Structure 2,matched_anchor,False,,35378.871701000004,13820.440451999999,722.9181441720423,107.66914150871212,0.7836398061974211,1.0692714520979567,136.9173319283768,7.593302793652404e-07,0.0011111111080026397,0.0014285714488842145,"[0.166667, 1.083333, 0.875, 1.210571, 0.916667, 1.083333]","[0.0, 0.0, 0.065693, 0.434307, 0.0, 0.5]","[0.0, 0.0, 1.098612, 5.899897, -0.0, -0.0]","fixed_00195: score=0.747, d=78.5, reason=OK | fixed_00197: score=0.640, d=188.8, reason=OK | fixed_00192: score=0.599, d=252.7, reason=ERR_NOT_MUTUAL"
moving,moving_00269,269,Structure 2,matched_anchor,False,,35378.871701000004,13893.984166999997,722.9181441720423,107.66914150871212,0.7836398061974211,1.0692714520979567,136.9173319283616,7.593302793652404e-07,0.0011111111080026397,0.0014285714488842145,"[0.927482, 1.180431, 0.71669, 1.072518, 0.168633, 1.096115]","[0.0, 0.0, 0.075738, 0.424262, 0.0, 0.5]","[0.0, -0.0, 1.098612, 5.899897, 0.0, -0.0]","fixed_00195: score=0.855, d=6.5, reason=OK | fixed_00197: score=0.696, d=115.3, reason=OK | fixed_00192: score=0.596, d=326.2, reason=ERR_NOT_MUTUAL"
moving,moving_00270,270,Structure 2,matched_anchor,False,,31.002499999999998,13967.527881999998,722.9181441720434,107.6691415087122,0.7836398061974211,1.0692714520979585,136.91733192851402,7.593302793652416e-07,0.0011111111080026415,0.0014285714488842145,"[0.457143, 0.8, 3.085714, 0.857143, 1.142857, 1.828571]","[0.0, 0.0, 0.5, 0.0, 0.0, 0.5]","[-0.0, 0.0, -0.0, 1.098612, 0.0, 2.197225]","fixed_00049: score=0.722, d=41.7, reason=OK | fixed_00048: score=0.687, d=105.5, reason=OK | fixed_00193: score=0.670, d=252.6, reason=OK"
moving,moving_00271,271,Structure 2,matched_anchor,False,,31.0025,14114.615311666665,722.9181245124877,107.66914014260601,0.7836398047722022,1.0692714811764958,136.91733192851444,7.59330258715468e-07,0.0011111111080026415,0.0014285714100346156,"[0.235294, 1.803922, 0.901961, 0.313725, 1.098039, 1.568627]","[0.0, 0.5, 0.0, 0.0, 0.0, 0.5]","[0.0, 0.0, 1.098612, 0.0, 0.0, 2.197225]","fixed_00198: score=0.753, d=31.9, reason=OK | fixed_00049: score=0.699, d=105.4, reason=OK | fixed_00048: score=0.672, d=252.5, reason=OK"
moving,moving_00272,272,Structure 2,no_counterpart,False,,8582.906339,14151.38716910606,7952.099448275607,401.64561779392636,0.6194490637744022,1.4256952953115474,43.08266768301471,8.352632928469262e-06,0.00444444443201061,0.004285714268953446,"[0.608953, 0.947469, 0.757497, 1.052531, 1.629514, 1.854567]","[0.067592, 0.048525, 0.031072, 0.107119, 0.015884, 0.729808]","[1.315677, 2.50738, 7.133586, -2.397895, -2.397895, 3.502002]","fixed_00044: score=0.394, d=4652.4, reason=ERR_DIST | fixed_00053: score=0.296, d=2335.0, reason=ERR_DIST;ERR_AREA | fixed_00478: score=0.283, d=4548.5, reason=ERR_DIST;ERR_AREA"
moving,moving_00273,273,Structure 2,no_counterpart,False,,7775.026739608542,14268.802998577428,29639.643634824173,649.627630769939,0.8825795586442781,1.0692714749840122,0.0,3.113254116383209e-05,0.005555555568272023,0.007142857127872347,"[0.642779, 1.159932, 0.699221, 2.680877, 2.421003, 0.840068]","[0.087236, 0.018587, 0.014127, 0.032637, 0.189315, 0.658097]","[1.191703, -3.713572, 5.817909, 1.64772, -3.713572, -1.315677]","fixed_00194: score=0.252, d=1343.6, reason=ERR_DIST | fixed_00485: score=0.252, d=2842.3, reason=ERR_DIST;ERR_AREA | fixed_00478: score=0.248, d=5362.4, reason=ERR_DIST;ERR_AREA"
moving,moving_00274,274,Structure 2,matched_review,False,,31.002499999999998,14224.930884,722.9181441720434,107.6691415087122,0.7836398061974211,1.0692714520979585,136.91733192851393,7.593302793652416e-07,0.0011111111080026415,0.0014285714488842145,"[1.396825, 1.269841, 0.190476, 0.444444, 1.079365, 0.920635]","[0.0, 0.5, 0.0, 0.0, 0.0, 0.5]","[-0.0, -0.0, -0.0, 0.0, 0.0, 1.098612]","fixed_00198: score=0.675, d=142.1, reason=OK | fixed_00049: score=0.591, d=215.7, reason=OK | fixed_00048: score=0.589, d=362.9, reason=ERR_NOT_MUTUAL"
moving,moving_00275,275,Structure 2,no_counterpart,False,,18320.87794241593,14743.783664416083,284106.82726909115,2644.504986662265,0.5105082368634298,1.1761986176197363,-46.91733231723917,0.0002984167962292433,0.024444444432575724,0.028571428550338774,"[0.652292, 1.14637, 0.600827, 1.016738, 1.137435, 0.983262]","[0.321846, 0.176108, 0.038707, 0.013826, 0.004733, 0.44478]","[-0.041564, 7.585516, -0.020566, 1.048167, -4.027899, 0.940921]","fixed_00499: score=0.458, d=1783.3, reason=ERR_DIST | fixed_00501: score=0.444, d=2136.9, reason=ERR_DIST | fixed_00496: score=0.421, d=2541.6, reason=ERR_DIST"
moving,moving_00276,276,Structure 2,matched_anchor,False,,35378.871701000004,14702.965031333335,722.9181245124865,107.66914014260593,0.7836398047722022,1.069271481176494,136.9173319105427,7.593302587154669e-07,0.0011111111080026397,0.0014285714100346156,"[0.416667, 1.166667, 0.833333, 0.166667, 1.333333, 1.833333]","[0.0, 0.0, 0.5, 0.0, 0.0, 0.5]","[1.098612, 0.0, 0.0, 0.0, 0.0, 0.0]","fixed_00487: score=0.910, d=6.7, reason=OK | fixed_00486: score=0.654, d=142.0, reason=OK | fixed_00491: score=0.646, d=262.7, reason=OK"
moving,moving_00277,277,Structure 2,matched_anchor,False,,35378.871701000004,14794.894675,2168.754393197015,181.21285477649988,0.8299314675715155,1.8704323786878216,90.0,2.277990796796174e-06,0.0011111111080026397,0.0028571428200692313,"[1.125, 0.625, 0.625, 0.875, 2.625, 3.375]","[0.0, 0.5, 0.0, 0.0, 0.0, 0.5]","[-1.098612, -1.098612, -1.098612, -1.098612, -1.098612, -1.098612]","fixed_00489: score=0.833, d=6.7, reason=OK | fixed_00494: score=0.586, d=630.6, reason=OK | fixed_00498: score=0.567, d=1072.0, reason=ERR_DIST"
moving,moving_00278,278,Structure 2,matched_review,False,,35378.871701,14886.824318666668,722.9181245125224,107.66914014260843,0.7836398047722045,1.0692714811764412,-136.91733194651243,7.593302587155044e-07,0.0011111111080026397,0.0014285714100346863,"[0.363636, 2.909091, 2.363636, 1.090909, 0.909091, 0.454545]","[0.5, 0.0, 0.0, 0.0, 0.0, 0.5]","[0.0, 0.0, -0.0, 0.0, -0.0, 1.098612]","fixed_00491: score=0.713, d=78.9, reason=OK | fixed_00492: score=0.661, d=152.5, reason=OK | fixed_00487: score=0.647, d=178.7, reason=OK"
moving,moving_00279,279,Structure 2,no_counterpart,False,,26041.958813007728,15324.512669644198,334711.09703631233,3310.8435120081203,0.3837096017447343,1.0242844086938634,131.70294024744803,0.0003515699154436277,0.023333333324573186,0.03285714285814182,"[0.712838, 0.963233, 1.133434, 1.036767, 1.156154, 0.401474]","[0.123704, 0.27572, 0.011308, 0.001553, 0.327112, 0.260603]","[0.14454, 1.034698, 0.777004, -4.191817, 0.884249, -0.030704]","fixed_00212: score=0.444, d=3631.5, reason=ERR_DIST | fixed_00497: score=0.424, d=1982.9, reason=ERR_DIST | fixed_00519: score=0.378, d=3564.2, reason=ERR_DIST"
moving,moving_00280,280,Structure 2,matched_review,False,,31.002500000000005,14960.368033666668,722.9181245125235,107.66914014260851,0.7836398047722045,1.069271481176443,136.91733192851325,7.593302587155057e-07,0.0011111111080026415,0.0014285714100346863,"[0.210526, 0.421053, 0.842105, 1.157895, 1.578947, 2.105263]","[0.0, 0.0, 0.0, 0.0, 0.5, 0.5]","[-0.0, -0.0, -0.0, 0.0, 0.0, 0.0]","fixed_00204: score=0.642, d=115.6, reason=OK | fixed_00198: score=0.603, d=877.6, reason=ERR_DIST | fixed_00206: score=0.540, d=226.0, reason=OK"
moving,moving_00281,281,Structure 2,matched_anchor,False,,35378.871701,14960.368033666666,722.9181245125224,107.66914014260843,0.7836398047722045,1.0692714811764412,-136.91733194650644,7.593302587155044e-07,0.0011111111080026397,0.0014285714100346863,"[0.266667, 2.4, 2.0, 1.066667, 0.933333, 0.6]","[0.0, 0.0, 0.0, 0.0, 0.0, 1.0]","[0.0, 0.0, -0.0, 0.0, -0.0, 1.098612]","fixed_00491: score=0.821, d=6.8, reason=OK | fixed_00492: score=0.729, d=79.0, reason=OK | fixed_00487: score=0.608, d=252.3, reason=ERR_NOT_MUTUAL"
moving,moving_00282,282,Structure 2,matched_review,False,,31.0025,15033.911748666667,722.9181245124877,107.66914014260601,0.7836398047722022,1.0692714811764958,136.91733192851015,7.59330258715468e-07,0.0011111111080026415,0.0014285714100346156,"[0.266667, 0.8, 1.2, 1.733333, 2.666667, 0.266667]","[0.0, 0.0, 0.0, 0.0, 0.5, 0.5]","[0.0, 0.0, 0.0, 0.0, 0.0, 0.0]","fixed_00204: score=0.704, d=42.1, reason=OK | fixed_00206: score=0.606, d=152.5, reason=ERR_NOT_MUTUAL | fixed_00198: score=0.565, d=951.1, reason=ERR_DIST"
moving,moving_00283,283,Structure 2,matched_review,False,,31.0025,15107.455463666667,722.9181245124877,107.66914014260601,0.7836398047722022,1.0692714811764958,136.91733192851234,7.59330258715468e-07,0.0011111111080026415,0.0014285714100346156,"[0.727273, 1.272727, 3.272727, 2.0, 0.727273, 0.363636]","[0.0, 0.0, 0.0, 0.5, 0.0, 0.5]","[0.0, 0.0, 0.0, 0.0, 0.0, 0.0]","fixed_00204: score=0.702, d=31.5, reason=OK | fixed_00206: score=0.664, d=78.9, reason=OK | fixed_00207: score=0.582, d=189.3, reason=OK"
moving,moving_00284,284,Structure 2,no_counterpart,False,,16478.309869557615,15806.153268357179,272540.1374898808,2229.0576223380986,0.6892832800760735,1.1690202488590271,-37.37133674547522,0.00028626751231351316,0.017777777784559884,0.028571428589188375,"[0.93241, 1.226277, 0.884087, 1.082674, 1.06759, 0.70858]","[0.273926, 0.012753, 0.000649, 0.059044, 0.364239, 0.289389]","[0.183647, -2.00042, -0.112162, 1.091514, -2.040425, 0.041564]","fixed_00501: score=0.475, d=2704.9, reason=ERR_DIST | fixed_00499: score=0.456, d=2089.4, reason=ERR_DIST | fixed_00496: score=0.452, d=4036.2, reason=ERR_DIST"
moving,moving_00285,285,Structure 2,no_counterpart,False,,13827.300090153261,15925.692943034495,243623.41177732454,3042.736206831843,0.33067417611170613,1.132103819846681,61.869447690087554,0.0002558943011959653,0.021111111108567802,0.03285714285814189,"[2.207382, 2.221581, 0.545994, 0.307911, 0.629493, 1.370507]","[0.204615, 0.140419, 0.048491, 0.203091, 0.293369, 0.110015]","[0.295809, 1.580538, -1.888257, 1.203676, -1.928263, 0.112162]","fixed_00485: score=0.297, d=3434.9, reason=ERR_DIST | fixed_00465: score=0.271, d=5288.3, reason=ERR_DIST | fixed_00477: score=0.243, d=4518.2, reason=ERR_DIST;ERR_AREA"
moving,moving_00286,286,Structure 2,no_counterpart,False,,250.05725611245677,16326.537489739978,153981.56288050336,1822.1191383194937,0.58280738728207,1.1510353214045408,43.082667553224056,0.00016173734758457423,0.014444444432293153,0.022857142832501186,"[0.801678, 0.5154, 0.696842, 1.324811, 1.86657, 1.198322]","[0.201845, 0.072382, 0.062815, 0.017807, 0.199071, 0.44608]","[-5.361292, -5.361292, -5.361292, -5.361292, -5.361292, 2.683334]","fixed_00051: score=0.438, d=400.1, reason=OK | fixed_00205: score=0.367, d=1744.9, reason=ERR_DIST | fixed_00524: score=0.335, d=4989.8, reason=ERR_DIST"
moving,moving_00287,287,Structure 2,matched_review,False,,31.0025,16100.295615333333,722.9181245124877,107.66914014260603,0.783639804772202,1.0692714811764958,-136.91733192853778,7.59330258715468e-07,0.0011111111080026415,0.0014285714100346156,"[0.744693, 0.347826, 1.217391, 0.782609, 1.391304, 1.596341]","[0.122431, 0.0, 0.5, 0.0, 0.23305, 0.144518]","[5.361292, 0.0, 0.0, 0.0, 0.0, 8.044626]","fixed_00214: score=0.584, d=263.2, reason=OK | fixed_00207: score=0.553, d=803.6, reason=ERR_DIST | fixed_00052: score=0.531, d=398.9, reason=OK"
moving,moving_00288,288,Structure 2,matched_review,False,,31.0025,16247.383045333332,722.9181245124877,107.66914014260601,0.7836398047722022,1.0692714811764958,-136.91733192853152,7.59330258715468e-07,0.0011111111080026415,0.0014285714100346156,"[0.550793, 0.869565, 0.347826, 1.130435, 1.73913, 1.669529]","[0.194814, 0.5, 0.0, 0.0, 0.19984, 0.105347]","[5.361292, 0.0, 0.0, 0.0, 0.0, 8.044626]","fixed_00214: score=0.666, d=116.1, reason=OK | fixed_00055: score=0.569, d=49.4, reason=OK | fixed_00215: score=0.564, d=226.5, reason=OK"
moving,moving_00289,289,Structure 2,no_counterpart,False,,16523.509570697966,22284.773016709652,14220522.651735008,43471.1477338172,0.09456342839105542,2.2571083258501567,72.96680561691969,0.014936785754946986,0.11555555557138047,0.3585714285806414,"[0.980579, 1.126335, 0.615102, 1.019421, 1.03544, 0.370055]","[0.212922, 0.273582, 0.10282, 0.218258, 0.011952, 0.180467]","[-4.688404, -4.444483, -3.642734, -4.981626, -5.011703, -3.28703]",
moving,moving_00290,290,Structure 2,no_counterpart,False,,5257.530022761287,16678.203943231456,19518.789735646315,553.8275315242934,0.7996752726423817,1.3365893400952114,136.917332446776,2.0501917377954904e-05,0.005555555568272023,0.00571428571783766,"[0.385521, 0.43646, 1.150999, 0.849001, 2.337882, 1.691946]","[0.254603, 0.174646, 0.083014, 0.028237, 0.00292, 0.45658]","[0.595983, -2.197225, 0.815037, 5.289576, 0.994623, 2.253239]","fixed_00053: score=0.236, d=2532.5, reason=ERR_DIST;ERR_AREA | fixed_00208: score=0.214, d=936.9, reason=ERR_DIST;ERR_AREA | fixed_00226: score=0.201, d=2760.3, reason=ERR_DIST;ERR_AREA"
moving,moving_00291,291,Structure 2,matched_review,False,,35378.871701000004,16872.504622333334,722.9181245124865,107.66914014260593,0.7836398047722022,1.069271481176494,-136.9173319286614,7.593302587154669e-07,0.0011111111080026397,0.0014285714100346156,"[0.123077, 0.369231, 1.384615, 0.615385, 1.538462, 1.661538]","[0.0, 0.5, 0.0, 0.0, 0.0, 0.5]","[0.0, 0.0, 1.098612, 0.0, 0.0, 0.0]","fixed_00506: score=0.676, d=116.5, reason=OK | fixed_00504: score=0.655, d=214.7, reason=OK | fixed_00510: score=0.596, d=337.1, reason=OK"
moving,moving_00292,292,Structure 2,matched_anchor,False,,35378.871701000004,16946.048337333334,722.9181245124865,107.66914014260593,0.7836398047722022,1.069271481176494,-136.9173319286614,7.593302587154669e-07,0.0011111111080026397,0.0014285714100346156,"[0.219178, 1.342466, 0.109589, 0.657534, 1.479452, 1.589041]","[0.5, 0.0, 0.0, 0.0, 0.0, 0.5]","[0.0, 1.098612, 0.0, 0.0, 0.0, 0.0]","fixed_00506: score=0.820, d=43.0, reason=OK | fixed_00510: score=0.568, d=263.6, reason=OK | fixed_00504: score=0.560, d=288.3, reason=OK"
moving,moving_00293,293,Structure 2,matched_review,False,,35378.871701000004,17093.13576733333,722.9181245124865,107.66914014260593,0.7836398047722022,1.069271481176494,-136.9173319286614,7.593302587154669e-07,0.0011111111080026397,0.0014285714100346156,"[1.441772, 1.280899, 0.269663, 0.179775, 0.719101, 1.393258]","[0.434998, 0.0, 0.0, 0.0, 0.0, 0.565002]","[4.762174, 1.098612, 0.0, 0.0, 0.0, 0.0]","fixed_00506: score=0.698, d=104.3, reason=OK | fixed_00510: score=0.640, d=116.5, reason=OK | fixed_00511: score=0.575, d=190.1, reason=OK"
moving,moving_00294,294,Structure 2,no_counterpart,False,,27933.95970990029,17599.940169866895,386761.202490871,4412.12077403026,0.24966518286796632,1.0296688232947973,32.6145589875531,0.00040624169458546423,0.028888888864586282,0.03857142853712995,"[1.399904, 0.830995, 1.510291, 0.876216, 1.033856, 0.966144]","[0.0771, 0.050486, 0.193343, 0.079006, 0.281061, 0.319004]","[1.189096, 0.890158, 0.096159, -0.14454, -0.175244, -0.157583]","fixed_00497: score=0.445, d=3986.6, reason=ERR_DIST | fixed_00212: score=0.407, d=2076.4, reason=ERR_DIST | fixed_00519: score=0.379, d=4018.2, reason=ERR_DIST"
moving,moving_00295,295,Structure 2,matched_review,False,,31.002499999999998,17240.223197,722.9181441720434,107.6691415087122,0.7836398061974211,1.0692714520979585,136.91733192851666,7.593302793652416e-07,0.0011111111080026415,0.0014285714488842145,"[0.975928, 0.120479, 0.301198, 1.024072, 1.024072, 1.539213]","[0.0348, 0.0, 0.0, 0.5, 0.03745, 0.427749]","[3.713572, 0.0, -0.0, -0.0, 0.0, 5.361292]","fixed_00221: score=0.710, d=67.4, reason=OK | fixed_00220: score=0.645, d=141.0, reason=OK | fixed_00222: score=0.634, d=116.5, reason=OK"
moving,moving_00296,296,Structure 2,matched_anchor,False,,31.002499999999998,17313.766912,722.9181441720434,107.6691415087122,0.7836398061974211,1.0692714520979585,136.91733192851373,7.593302793652416e-07,0.0011111111080026415,0.0014285714488842145,"[0.974535, 0.205093, 1.025465, 0.136729, 1.298923, 1.880046]","[0.039645, 0.0, 0.5, 0.0, 0.034752, 0.425604]","[3.713572, -0.0, -0.0, 0.0, 0.0, 5.361292]","fixed_00222: score=0.773, d=43.0, reason=OK | fixed_00220: score=0.640, d=214.5, reason=OK | fixed_00221: score=0.604, d=141.0, reason=OK"
moving,moving_00297,297,Structure 2,matched_anchor,False,,31.0025,17424.082484666666,722.9181245124877,107.66914014260601,0.7836398047722022,1.0692714811764958,136.91733192851154,7.59330258715468e-07,0.0011111111080026415,0.0014285714100346156,"[2.580383, 0.973116, 1.026884, 0.427868, 0.256721, 1.88262]","[0.180958, 0.050003, 0.5, 0.0, 0.0, 0.269039]","[5.433722, 3.713572, 0.0, 0.0, 0.0, 0.0]","fixed_00222: score=0.764, d=67.4, reason=OK | fixed_00221: score=0.566, d=251.3, reason=OK | fixed_00220: score=0.552, d=324.8, reason=ERR_NOT_MUTUAL"
moving,moving_00298,298,Structure 2,no_counterpart,False,,17239.71897074059,18499.3413840778,327481.91556482366,2557.1595259390774,0.6293345027903064,1.0206682218876297,136.9173327059611,0.0003439766126187076,0.023333333324573085,0.03142857140925768,"[1.071617, 1.457031, 0.636775, 0.605583, 0.928383, 1.447932]","[0.113001, 0.049345, 0.008536, 0.016921, 0.397766, 0.414431]","[0.055808, -1.240695, -4.169982, -6.115892, 0.166375, -0.183647]","fixed_00496: score=0.466, d=4090.8, reason=ERR_DIST | fixed_00501: score=0.462, d=2473.9, reason=ERR_DIST | fixed_00520: score=0.439, d=4040.5, reason=ERR_DIST"
moving,moving_00299,299,Structure 2,no_counterpart,False,,25708.030721390176,19309.29396469975,941962.3311143193,8130.011260700879,0.1790857811349513,1.6660741516981323,-150.01297816524948,0.0009894073427300079,0.07444444443398873,0.0614285714084806,"[0.894134, 1.033782, 1.056472, 1.101333, 0.890586, 0.966218]","[0.033645, 0.029313, 0.031201, 0.172303, 0.39457, 0.338969]","[0.298939, -4.464374, -7.172425, -1.407233, -0.793998, -0.890158]","fixed_00508: score=0.431, d=2346.5, reason=ERR_DIST | fixed_00230: score=0.400, d=1618.9, reason=ERR_DIST | fixed_00497: score=0.308, d=3508.3, reason=ERR_DIST"
moving,moving_00300,300,Structure 2,no_counterpart,False,,23121.25412445943,19289.733993357437,425798.7821758695,4090.450916284301,0.3197951755411854,2.390136227852528,-12.650488715772731,0.0004472455295658439,0.042222222217135605,0.02428571428138526,"[0.877364, 1.151964, 1.026646, 1.114236, 0.973354, 0.594898]","[0.166407, 0.025166, 0.001885, 0.080735, 0.306868, 0.418939]","[0.793998, -6.378426, -0.613235, -0.971254, 0.06252, 5.902313]","fixed_00512: score=0.447, d=3210.1, reason=ERR_DIST | fixed_00502: score=0.443, d=2978.9, reason=ERR_DIST | fixed_00497: score=0.427, d=3350.3, reason=ERR_DIST"
moving,moving_00301,301,Structure 2,matched_review,False,,31.0025,19115.587928666668,722.9181245124877,107.66914014260601,0.7836398047722022,1.0692714811764958,136.91733192850904,7.59330258715468e-07,0.0011111111080026415,0.0014285714100346156,"[0.737463, 1.155359, 1.130776, 0.835791, 1.204523, 0.869224]","[0.0, 0.5, 0.0, 0.0, 0.015844, 0.484156]","[0.0, 0.0, 0.0, 0.0, 0.0, 3.713572]","fixed_00233: score=0.694, d=227.6, reason=OK | fixed_00232: score=0.594, d=11.6, reason=OK | fixed_00525: score=0.579, d=1809.4, reason=ERR_DIST"
moving,moving_00302,302,Structure 2,no_counterpart,False,,18744.49903130075,19922.777540563635,346277.7867812968,3282.0109486551332,0.4039749595050961,1.5586936642830151,-46.91733348318191,0.00036371919932340796,0.020000000000565163,0.042857142844933,"[0.617962, 1.001945, 1.179845, 0.966081, 0.998055, 1.129816]","[0.27279, 0.116444, 0.038275, 0.005826, 0.095039, 0.471626]","[1.044274, -1.296503, 0.110566, -4.22579, -6.171701, -0.055808]","fixed_00496: score=0.450, d=4265.5, reason=ERR_DIST | fixed_00501: score=0.442, d=3166.0, reason=ERR_DIST | fixed_00520: score=0.433, d=2935.8, reason=ERR_DIST"
moving,moving_00303,303,Structure 2,no_counterpart,False,,19692.573844939485,20543.039374154036,983891.5830285028,7394.916632089138,0.22609478477473505,1.0256277374888834,150.84369250352927,0.0010334484984628424,0.052222222245677116,0.06999999998523723,"[1.059429, 1.082523, 0.778052, 1.100539, 0.940571, 0.464991]","[0.098049, 0.043999, 0.046398, 0.113166, 0.145834, 0.552555]","[-0.646494, 0.073636, -7.215975, -7.215975, -2.340778, -1.044274]","fixed_00513: score=0.409, d=2169.7, reason=ERR_DIST | fixed_00502: score=0.374, d=3857.1, reason=ERR_DIST | fixed_00512: score=0.334, d=2894.1, reason=ERR_DIST"
moving,moving_00304,304,Structure 2,no_counterpart,False,,16938.214687000003,19630.393933,722.9181441720422,107.6691415087121,0.7836398061974212,1.0692714520979567,-136.91733192850992,7.593302793652403e-07,0.0011111111080026397,0.0014285714488842145,"[1.243695, 0.059946, 1.204389, 0.436823, 1.287586, 0.795611]","[0.131399, 0.03889, 0.14351, 0.016406, 0.435717, 0.234079]","[6.171701, 1.94591, 4.875197, 6.282267, 4.905275, 6.115892]","fixed_00499: score=0.248, d=3451.6, reason=ERR_DIST;ERR_AREA | fixed_00507: score=0.242, d=3836.2, reason=ERR_DIST;ERR_AREA | fixed_00501: score=0.235, d=3531.7, reason=ERR_DIST;ERR_AREA"
moving,moving_00305,305,Structure 2,no_counterpart,False,,16986.895475232835,19703.937648226187,5060.426958781786,288.8819974290031,0.7620019244499813,1.402824278893363,43.08266706861409,5.315311902594478e-06,0.002222222244264104,0.004285714268953446,"[1.214229, 1.156196, 0.419307, 1.280856, 0.060463, 0.843804]","[0.178128, 0.162467, 0.002565, 0.294064, 0.125986, 0.236789]","[4.22579, 2.929287, 4.336357, 2.959365, -1.94591, 4.169982]","fixed_00512: score=0.239, d=3881.6, reason=ERR_DIST;ERR_AREA | fixed_00520: score=0.234, d=4474.4, reason=ERR_DIST;ERR_AREA | fixed_00501: score=0.221, d=3563.8, reason=ERR_DIST;ERR_AREA"
moving,moving_00306,306,Structure 2,matched_review,False,,31.002499999999998,20218.743653000005,722.9181441720434,107.6691415087122,0.7836398061974211,1.0692714520979585,136.91733192851547,7.593302793652416e-07,0.0011111111080026415,0.0014285714488842145,"[0.262996, 0.46411, 0.990102, 1.175746, 1.009898, 1.212057]","[0.5, 0.0, 0.0, 0.008572, 0.053832, 0.437596]","[0.0, -0.0, -0.0, -0.0, 3.713572, 5.433722]","fixed_00239: score=0.566, d=522.3, reason=OK | fixed_00236: score=0.540, d=250.2, reason=OK | fixed_00244: score=0.517, d=1662.7, reason=ERR_DIST"
moving,moving_00307,307,Structure 2,matched_review,False,,35378.871701000004,20549.69037,722.9181441720423,107.66914150871212,0.7836398061974211,1.0692714520979567,136.91733192836818,7.593302793652404e-07,0.0011111111080026397,0.0014285714488842145,"[0.166667, 0.416667, 0.666667, 1.333333, 4.974112, 4.78906]","[0.0, 0.0, 0.0, 0.014136, 0.0777, 0.908165]","[0.0, -0.0, 0.0, 0.0, 4.844187, 6.583409]","fixed_00240: score=0.629, d=191.4, reason=OK | fixed_00246: score=0.461, d=2141.0, reason=ERR_DIST | fixed_00227: score=0.457, d=2273.3, reason=ERR_DIST"
moving,moving_00308,308,Structure 2,matched_review,False,,35378.871701000004,20623.234084999996,722.9181441720423,107.66914150871212,0.7836398061974211,1.0692714520979567,136.91733192835295,7.593302793652404e-07,0.0011111111080026397,0.0014285714488842145,"[0.3, 0.6, 1.4, 5.76975, 5.58032, 0.2]","[0.0, 0.0, 0.014625, 0.080322, 0.405053, 0.5]","[-0.0, 0.0, 0.0, 4.844187, 6.583409, 0.0]","fixed_00240: score=0.612, d=117.9, reason=OK | fixed_00241: score=0.524, d=375.3, reason=OK | fixed_00247: score=0.483, d=2177.8, reason=ERR_DIST"
moving,moving_00309,309,Structure 2,matched_anchor,False,,35378.871701000004,20733.549657666666,722.9181245124865,107.66914014260593,0.7836398047722022,1.069271481176494,136.91733192837347,7.593302587154669e-07,0.0011111111080026397,0.0014285714100346156,"[0.375, 1.375, 6.838856, 6.668503, 0.625, 0.375]","[0.0, 0.015426, 0.084551, 0.400024, 0.0, 0.5]","[0.0, 0.0, 4.844187, 6.583409, 0.0, 0.0]","fixed_00240: score=0.737, d=8.6, reason=OK | fixed_00242: score=0.523, d=338.6, reason=OK | fixed_00546: score=0.482, d=4127.5, reason=ERR_DIST"
moving,moving_00310,310,Structure 2,matched_review,False,,31.002499999999998,20843.86523,722.9181441720434,107.6691415087122,0.7836398061974211,1.0692714520979585,136.91733192851328,7.593302793652416e-07,0.0011111111080026415,0.0014285714488842145,"[0.208257, 0.575769, 0.992282, 1.139287, 1.007718, 1.15498]","[0.0, 0.0, 0.0, 0.006801, 0.044628, 0.948571]","[0.0, -0.0, -0.0, -0.0, 3.713572, 5.433722]","fixed_00238: score=0.693, d=176.4, reason=OK | fixed_00239: score=0.683, d=102.8, reason=OK | fixed_00525: score=0.668, d=81.1, reason=OK"
moving,moving_00311,311,Structure 2,no_counterpart,False,,35378.871701000004,20843.86523,722.9181441720423,107.66914150871212,0.7836398061974211,1.0692714520979567,136.91733192836818,7.593302793652404e-07,0.0011111111080026397,0.0014285714488842145,"[1.0, 6.465718, 6.368903, 0.375, 1.0, 0.75]","[0.016319, 0.089165, 0.394516, 0.0, 0.0, 0.5]","[0.0, 4.844187, 6.583409, -0.0, 0.0, 0.0]","fixed_00240: score=0.594, d=102.9, reason=ERR_TOPO | fixed_00241: score=0.532, d=154.7, reason=ERR_TOPO | fixed_00243: score=0.529, d=301.9, reason=OK"
moving,moving_00312,312,Structure 2,matched_review,False,,35378.871701000004,21138.040090000002,722.9181441720423,107.66914150871212,0.7836398061974211,1.0692714520979567,136.91733192837347,7.593302793652404e-07,0.0011111111080026397,0.0014285714488842145,"[2.918361, 2.994366, 0.533333, 0.733333, 1.066667, 0.933333]","[0.103666, 0.377038, 0.0, 0.0, 0.0, 0.519296]","[4.844187, 6.583409, 0.0, -0.0, 0.0, 0.0]","fixed_00243: score=0.722, d=8.7, reason=ERR_TOPO | fixed_00242: score=0.685, d=66.0, reason=OK | fixed_00241: score=0.564, d=139.6, reason=OK"
moving,moving_00313,313,Structure 2,no_counterpart,False,,25956.634664910256,21894.526354627753,1270167.164753951,5716.668901747504,0.48841013414822637,1.0158078967047037,-160.38272137647084,0.001334143285555223,0.042222222245394535,0.05714285717837675,"[0.782188, 0.999663, 0.59361, 1.000337, 1.47943, 1.481217]","[0.135628, 0.133473, 0.047353, 0.002681, 0.0233, 0.657565]","[-1.9301, -7.471363, -4.763313, -7.471363, -2.064191, -1.706172]","fixed_00230: score=0.364, d=2878.4, reason=ERR_DIST | fixed_00508: score=0.357, d=4711.3, reason=ERR_DIST | fixed_00522: score=0.333, d=2725.0, reason=ERR_DIST"
moving,moving_00314,314,Structure 2,no_counterpart,False,,22665.25245033088,22123.14368530351,453269.67123773624,3917.692696030257,0.37111267806573167,1.749716950350863,33.43090157455504,0.00047610007974406516,0.040000000001130326,0.03142857144810713,"[1.071638, 0.568253, 0.724579, 0.928362, 1.075289, 1.129598]","[0.159294, 0.050334, 0.010895, 0.011645, 0.081998, 0.685834]","[-2.236254, -3.305452, 0.986198, -4.043051, -1.731416, 0.128535]","fixed_00520: score=0.423, d=3932.7, reason=ERR_DIST | fixed_00519: score=0.386, d=4113.3, reason=ERR_DIST | fixed_00250: score=0.249, d=1887.2, reason=ERR_DIST;ERR_AREA"
moving,moving_00315,315,Structure 2,no_counterpart,False,,24186.302163209824,22123.17621100166,230610.88537026607,2739.9083247185986,0.38602693036955765,2.303046244518601,19.986083229282148,0.0002422263563649004,0.031111111108850387,0.0185714285635476,"[1.309005, 0.690995, 0.287599, 0.569099, 1.507217, 1.327071]","[0.007431, 0.186458, 0.068097, 0.039174, 0.010026, 0.688814]","[-3.057141, -5.765191, -0.358019, -3.057141, -1.299283, -1.560498]","fixed_00519: score=0.412, d=3909.3, reason=ERR_DIST | fixed_00505: score=0.314, d=5283.4, reason=ERR_DIST | fixed_00508: score=0.242, d=4589.9, reason=ERR_DIST"
moving,moving_00316,316,Structure 2,no_counterpart,False,,30336.62663981029,22748.83648980173,435919.6360404651,3875.4551515113385,0.364729478354017,1.6833891581556908,110.5181113817458,0.00045787615331539696,0.022222222216570442,0.05142857142168949,"[0.893173, 1.106827, 0.693118, 0.826779, 1.162987, 1.28188]","[0.006132, 0.216574, 0.051888, 0.080518, 0.493174, 0.151714]","[0.952445, -2.197225, -6.401917, -1.767188, 1.104125, 1.680485]","fixed_00062: score=0.305, d=2433.6, reason=ERR_DIST | fixed_00543: score=0.278, d=3780.9, reason=ERR_DIST | fixed_00063: score=0.260, d=2605.1, reason=ERR_DIST;ERR_AREA"
moving,moving_00317,317,Structure 2,no_counterpart,False,,27856.93621221616,22976.53020185757,1314988.0889541109,7329.881797097534,0.30756558651664273,1.360890962087766,-142.7701361097806,0.001381221762100164,0.062222222217700775,0.06285714285736495,"[0.942941, 0.648955, 1.057059, 0.681481, 1.114061, 1.268616]","[0.016622, 0.388501, 0.052667, 0.038186, 0.403047, 0.100976]","[-7.506042, -2.871313, -7.506042, -1.964779, -0.034679, -1.104125]","fixed_00230: score=0.330, d=3652.6, reason=ERR_DIST | fixed_00234: score=0.291, d=3744.2, reason=ERR_DIST | fixed_00522: score=0.277, d=3441.2, reason=ERR_DIST"
moving,moving_00318,318,Structure 2,matched_review,False,,19811.689267910875,23177.907637230255,1059075.0692502228,7860.11538528091,0.21541640106595306,1.6769393915089115,80.99853853192145,0.001112418846705762,0.03222222221685313,0.07428571429304028,"[1.203027, 0.835602, 0.084143, 1.164398, 0.75318, 1.236456]","[0.035907, 0.30922, 0.147955, 0.119167, 0.285717, 0.102033]","[-7.289611, -1.665593, -1.237521, -7.289611, -7.289611, -0.720129]","fixed_00536: score=0.623, d=43.6, reason=OK | fixed_00367: score=0.195, d=2748.4, reason=ERR_DIST;ERR_AREA | fixed_00310: score=0.194, d=2998.7, reason=ERR_DIST;ERR_AREA"
moving,moving_00319,319,Structure 2,no_counterpart,False,,21277.731563013513,22580.278240322295,515440.631183924,3888.8601331398563,0.42829585071413806,1.4876820449653811,120.252403577864,0.0005414024832940709,0.03555555554086094,0.03285714285814189,"[1.042938, 0.920581, 0.828287, 0.957062, 1.118199, 1.370802]","[0.046487, 0.040672, 0.060257, 0.042207, 0.074418, 0.735959]","[0.857663, -4.171586, -1.859951, -1.565535, -6.569481, -0.945464]","fixed_00520: score=0.411, d=4137.8, reason=ERR_DIST | fixed_00536: score=0.349, d=1625.8, reason=ERR_DIST | fixed_00295: score=0.226, d=2940.2, reason=ERR_DIST;ERR_AREA"
moving,moving_00320,320,Structure 2,no_counterpart,False,,24802.034309,22241.195813999995,722.9181441720422,107.6691415087121,0.7836398061974212,1.0692714520979567,-136.91733192852513,7.593302793652403e-07,0.0011111111080026397,0.0014285714488842145,"[0.775153, 1.788038, 1.135531, 0.796836, 0.864469, 1.662255]","[0.098659, 0.309256, 0.039516, 0.068289, 0.423436, 0.060844]","[2.70805, 0.0, 2.70805, 5.407172, 5.765191, 7.471363]","fixed_00254: score=0.503, d=1378.0, reason=ERR_DIST | fixed_00266: score=0.492, d=1801.0, reason=ERR_DIST | fixed_00265: score=0.491, d=1825.2, reason=ERR_DIST"
moving,moving_00321,321,Structure 2,no_counterpart,False,,19258.041476,22388.283244000002,722.9181441720422,107.6691415087121,0.7836398061974212,1.0692714520979567,-136.91733192850992,7.593302793652403e-07,0.0011111111080026397,0.0014285714488842145,"[0.737357, 0.750684, 1.376542, 0.782108, 1.217892, 1.449447]","[0.017398, 0.235, 0.017533, 0.030988, 0.333212, 0.365868]","[7.289611, 6.052089, 5.541264, 0.0, 5.198497, 7.215975]","fixed_00520: score=0.273, d=4433.6, reason=ERR_DIST;ERR_AREA | fixed_00536: score=0.240, d=965.0, reason=ERR_DIST;ERR_AREA | fixed_00513: score=0.219, d=3924.9, reason=ERR_DIST;ERR_AREA"
moving,moving_00322,322,Structure 2,no_counterpart,False,,24074.630993928713,22627.300317622223,10843.772024963746,430.676563302636,0.7346623183079759,1.0692714666372252,43.0826676828138,1.1389954045930194e-05,0.004444444432010559,0.00571428571783766,"[1.128009, 0.939323, 0.665038, 0.385368, 1.060677, 1.713261]","[0.021635, 0.416248, 0.05893, 0.078711, 0.037117, 0.38736]","[1.757858, 1.496642, 3.057141, 2.699122, -2.70805, 0.0]","fixed_00264: score=0.291, d=1438.4, reason=ERR_DIST;ERR_AREA | fixed_00252: score=0.289, d=867.2, reason=ERR_DIST;ERR_AREA | fixed_00257: score=0.288, d=1150.3, reason=ERR_DIST;ERR_AREA"
moving,moving_00323,323,Structure 2,no_counterpart,False,,22462.54797199611,22829.54553367754,16627.11708987208,504.2202776195827,0.8218379745742123,1.1690202493963595,136.91733192851808,1.7464596187928135e-05,0.004444444432010559,0.007142857127872276,"[1.520199, 1.428139, 0.766156, 1.042618, 0.430454, 0.957382]","[0.368693, 0.018465, 0.000481, 0.032513, 0.328091, 0.251758]","[1.069198, 1.868452, -0.737599, 1.574036, 4.29165, 3.305452]","fixed_00278: score=0.279, d=2142.0, reason=ERR_DIST;ERR_AREA | fixed_00253: score=0.269, d=2060.9, reason=ERR_DIST;ERR_AREA | fixed_00299: score=0.266, d=2929.5, reason=ERR_DIST;ERR_AREA"
moving,moving_00324,324,Structure 2,no_counterpart,False,,21925.186964016193,23068.562607333333,7952.099487594686,396.551137793924,0.6354673889348592,1.246954936080509,-136.9173319297035,8.352632969768776e-06,0.0033333333240079194,0.00571428571783766,"[1.441513, 0.935272, 0.384218, 1.468114, 0.494895, 1.064728]","[0.001027, 0.041314, 0.167633, 0.290535, 0.040017, 0.459474]","[-2.397895, 2.606051, 2.311635, 4.171586, 5.029249, 0.737599]","fixed_00295: score=0.256, d=2707.6, reason=ERR_DIST;ERR_AREA | fixed_00285: score=0.239, d=2225.3, reason=ERR_DIST;ERR_AREA | fixed_00306: score=0.230, d=2565.2, reason=ERR_DIST;ERR_AREA"
moving,moving_00325,325,Structure 2,no_counterpart,False,,23580.599241486627,23163.785253436683,48435.51516895236,892.3167784464264,0.7644263852798215,1.4256952933820868,180.0,5.087512820218725e-05,0.008888888892279942,0.00857142857675649,"[1.000444, 0.177649, 1.136944, 1.1731, 0.999556, 0.710555]","[0.103064, 0.290595, 0.287662, 0.02734, 0.007212, 0.284127]","[0.390427, 0.261215, -1.069198, 1.560498, 1.202479, -1.496642]","fixed_00368: score=0.318, d=2719.8, reason=ERR_DIST;ERR_AREA | fixed_00285: score=0.314, d=1777.0, reason=ERR_DIST;ERR_AREA | fixed_00253: score=0.310, d=896.2, reason=ERR_DIST;ERR_AREA"
moving,moving_00326,326,Structure 2,no_counterpart,False,,25785.011762000002,23086.948536,722.9181441720422,107.6691415087121,0.7836398061974212,1.0692714520979567,-136.91733192852018,7.593302793652403e-07,0.0011111111080026397,0.0014285714488842145,"[1.416031, 1.35852, 1.036792, 0.719968, 0.963208, 0.734809]","[0.026677, 0.044618, 0.059069, 0.100602, 0.140379, 0.628655]","[2.70805, 5.407172, 0.0, 2.70805, 7.471363, 5.541264]","fixed_00269: score=0.522, d=1817.5, reason=ERR_DIST | fixed_00268: score=0.515, d=1637.2, reason=ERR_DIST | fixed_00292: score=0.513, d=2503.0, reason=ERR_DIST"
moving,moving_00327,327,Structure 2,no_counterpart,False,,21519.197485084256,23388.033543846166,107714.80232673344,1401.829922367376,0.6888023197933966,1.0287378209216842,90.0,0.0001131402104123496,0.011111111108285221,0.015714285743478367,"[1.194276, 0.436168, 1.262678, 0.493188, 1.232068, 0.805724]","[0.241423, 0.052077, 0.423292, 0.027376, 0.000179, 0.255654]","[-5.003946, -5.003946, 0.620071, -0.294416, 2.423198, -2.606051]","fixed_00306: score=0.267, d=2276.7, reason=ERR_DIST;ERR_AREA | fixed_00285: score=0.265, d=2253.6, reason=ERR_DIST;ERR_AREA | fixed_00369: score=0.252, d=2700.1, reason=ERR_DIST;ERR_AREA"
moving,moving_00328,328,Structure 2,no_counterpart,False,,20760.885066547817,23671.614432408063,200248.32367018808,1870.0463130102924,0.7195716237597718,1.3982780774026937,-11.74041743568756,0.00021033448500459628,0.018888888892562523,0.01857142856354774,"[1.026597, 0.986311, 1.113178, 1.013689, 0.746339, 0.508999]","[0.014363, 0.24406, 0.101372, 0.021278, 0.026025, 0.592902]","[0.428072, 1.665593, 0.945464, -0.914487, -0.620071, -5.624017]","fixed_00295: score=0.281, d=1782.4, reason=ERR_DIST;ERR_AREA | fixed_00536: score=0.269, d=1091.0, reason=ERR_DIST;ERR_AREA | fixed_00367: score=0.244, d=2834.4, reason=ERR_DIST;ERR_AREA"
moving,moving_00329,329,Structure 2,no_counterpart,False,,21302.634577333338,23564.98268333333,722.9181428984213,107.66914160334431,0.7836398034393137,1.0692715083712137,-43.082666600094164,7.593302780274693e-07,0.001111111136261464,0.0014285714100346156,"[1.15214, 0.794251, 1.416936, 0.854614, 0.402289, 1.145386]","[0.376206, 0.276907, 0.131919, 0.013073, 0.001897, 0.199999]","[0.0, 5.624017, 6.569481, 4.70953, 5.003946, 2.397895]","fixed_00310: score=0.469, d=2145.5, reason=ERR_DIST | fixed_00368: score=0.463, d=2599.6, reason=ERR_DIST | fixed_00299: score=0.459, d=2041.5, reason=ERR_DIST"
moving,moving_00330,330,Structure 2,no_counterpart,False,,34867.72342566666,23638.526398,722.9181625579058,107.66914296944553,0.7836398048645279,1.0692714792927813,136.91733190138922,7.593302986771681e-07,0.001111111136261464,0.0014285714488840731,"[0.323115, 1.20141, 0.79859, 1.547958, 1.390588, 0.521142]","[0.024815, 0.081282, 0.100913, 0.003301, 0.021578, 0.768112]","[4.844187, 8.082402, 6.583409, -0.0, -0.0, 4.844187]","fixed_00246: score=0.479, d=1078.9, reason=ERR_DIST | fixed_00251: score=0.476, d=572.3, reason=OK | fixed_00562: score=0.471, d=2747.7, reason=ERR_DIST"
moving,moving_00331,331,Structure 2,no_counterpart,False,,24170.645054467434,24004.171139243583,71568.89544979652,1085.3986751217315,0.7634060622776931,1.3365893366958714,136.9173323217054,7.517369679245817e-05,0.011111111108285221,0.01142857143567532,"[1.315288, 0.812705, 0.738043, 0.853193, 1.146807, 1.352099]","[0.237151, 0.254388, 0.019759, 0.086345, 0.017931, 0.384427]","[-0.106483, -0.129212, -0.129212, -0.390427, -1.88707, 0.812052]","fixed_00261: score=0.509, d=129.9, reason=ERR_AREA | fixed_00269: score=0.492, d=172.5, reason=ERR_AREA | fixed_00267: score=0.458, d=174.3, reason=ERR_AREA"
moving,moving_00332,332,Structure 2,no_counterpart,False,,29441.687886,23932.701258000005,722.9181441720422,107.6691415087121,0.7836398061974212,1.0692714520979567,-136.91733192852018,7.593302793652403e-07,0.0011111111080026397,0.0014285714488842145,"[1.088793, 1.240818, 0.294848, 1.556331, 0.911207, 0.730627]","[0.023436, 0.512044, 0.017897, 0.017688, 0.266618, 0.162318]","[7.354362, 4.204693, 4.634729, 5.541264, 7.506042, 6.401917]","fixed_00562: score=0.513, d=4084.1, reason=ERR_DIST | fixed_00316: score=0.497, d=2480.7, reason=ERR_DIST | fixed_00315: score=0.492, d=3439.2, reason=ERR_DIST"
moving,moving_00333,333,Structure 2,no_counterpart,False,,14577.856910502933,24081.761607207798,52773.02406566202,899.0913379772829,0.8203784019099152,1.222024539558404,136.9173323172392,5.543110991165164e-05,0.008888888892279942,0.009999999986791106,"[0.742069, 1.358998, 0.513931, 1.136998, 1.337697, 0.863002]","[0.09784, 0.05195, 0.15049, 0.010555, 0.007049, 0.682115]","[0.537854, 0.713487, 0.961814, -1.892564, 3.713572, 1.022747]",
moving,moving_00334,334,Structure 2,no_counterpart,False,,21971.059245,24006.244973,722.9181441720422,107.6691415087121,0.7836398061974212,1.0692714520979567,-136.91733192852018,7.593302793652403e-07,0.0011111111080026397,0.0014285714488842145,"[1.375419, 0.87738, 0.838826, 0.971598, 1.028402, 1.227064]","[0.049928, 0.056682, 0.056704, 0.035971, 0.031798, 0.768917]","[5.624017, -0.0, 5.003946, 4.70953, 2.397895, 7.427144]","fixed_00288: score=0.542, d=1854.1, reason=ERR_DIST | fixed_00292: score=0.532, d=2800.0, reason=ERR_DIST | fixed_00272: score=0.527, d=1933.5, reason=ERR_DIST"
moving,moving_00335,335,Structure 2,no_counterpart,False,,13278.63637643465,24939.464466123605,2163693.980565159,9885.81225719527,0.27821528355972375,1.3947019179679334,169.1403594043848,0.0022726754999421277,0.06666666667797015,0.06571428571628364,"[1.171702, 1.164528, 1.06174, 0.93826, 0.636599, 0.289187]","[0.031046, 0.021223, 0.123704, 0.606342, 0.069278, 0.148408]","[-3.926494, -8.004032, -8.004032, -8.004031, -2.690826, -5.606136]","fixed_00065: score=0.270, d=1639.4, reason=ERR_DIST | fixed_00359: score=0.206, d=897.1, reason=ERR_DIST;ERR_AREA | fixed_00349: score=0.199, d=2048.5, reason=ERR_DIST;ERR_AREA"
moving,moving_00336,336,Structure 2,no_counterpart,False,,31887.63899587755,24540.671782126745,48435.515149292914,864.9659132007835,0.8135341742934875,1.0692714684451468,136.9173323172388,5.087512818153759e-05,0.007777777784277302,0.010000000025640705,"[1.012979, 0.95249, 0.186793, 0.987021, 1.088275, 1.251421]","[0.097672, 0.025331, 0.167176, 0.100544, 0.023719, 0.585558]","[-4.204693, 2.197225, 3.14967, 3.87771, 0.639494, -4.204693]","fixed_00064: score=0.354, d=4161.8, reason=ERR_DIST | fixed_00307: score=0.290, d=1244.1, reason=ERR_DIST;ERR_AREA | fixed_00548: score=0.287, d=3537.1, reason=ERR_DIST;ERR_AREA"
moving,moving_00337,337,Structure 2,no_counterpart,False,,14592.552574931382,24679.68977628691,138077.36405658134,1441.0498284626692,0.835553678508164,1.1664779646345864,-151.879540247033,0.0001450320818039231,0.013333333324290552,0.015714285743478367,"[1.079763, 1.113588, 1.136503, 0.920237, 0.625172, 0.735574]","[0.169315, 0.136424, 0.04473, 0.2312, 0.229688, 0.188642]","[-0.248327, -1.174736, -2.854378, 0.060933, -0.961814, -0.42396]","fixed_00364: score=0.258, d=1175.3, reason=ERR_DIST;ERR_AREA | fixed_00359: score=0.256, d=1404.8, reason=ERR_DIST;ERR_AREA | fixed_00356: score=0.242, d=2212.3, reason=ERR_DIST;ERR_AREA"
moving,moving_00338,338,Structure 2,no_counterpart,False,,23464.281086137027,24680.747914154243,62893.87788556497,1013.5350383356458,0.76937966413822,1.0692714712743232,43.082667682816485,6.606173361426098e-05,0.010000000000282581,0.012857142845710079,"[0.948123, 0.860978, 1.286906, 1.19495, 1.051877, 0.76823]","[0.00178, 0.23464, 0.194654, 0.00089, 0.115357, 0.452678]","[-4.465908, -1.521469, -4.465908, -0.261215, -0.0, 0.129212]","fixed_00281: score=0.559, d=49.0, reason=ERR_AREA | fixed_00278: score=0.540, d=82.0, reason=ERR_AREA | fixed_00273: score=0.508, d=88.1, reason=ERR_AREA"
moving,moving_00339,339,Structure 2,no_counterpart,False,,3687.6786240000006,24851.997695,722.9181441719707,107.66914150870713,0.783639806197416,1.0692714520980626,-136.91733192946757,7.593302793651651e-07,0.0011111111080026397,0.0014285714488840731,"[1.277398, 1.184117, 1.109667, 0.890333, 0.750812, 0.887836]","[0.002118, 0.001951, 0.710548, 0.134047, 0.05326, 0.098075]","[-0.0, -0.0, -0.0, 7.145984, 6.783325, 6.150603]","fixed_00328: score=0.495, d=1947.3, reason=ERR_DIST | fixed_00318: score=0.488, d=3650.6, reason=ERR_DIST | fixed_00534: score=0.485, d=4510.9, reason=ERR_DIST"
moving,moving_00340,340,Structure 2,no_counterpart,False,,25337.532157106612,25354.12582068348,36868.82486001166,781.2332355177294,0.7591152873333471,1.496345915685315,43.08266741958767,3.872584373004517e-05,0.005555555568272023,0.01142857143567532,"[1.158356, 1.131945, 0.925535, 0.096464, 0.82965, 1.074465]","[0.006216, 0.073103, 0.045304, 0.036329, 0.144458, 0.694589]","[-3.931826, -0.987387, 0.534082, 0.556811, 0.663294, -3.931826]","fixed_00370: score=0.282, d=968.7, reason=ERR_DIST;ERR_AREA | fixed_00288: score=0.280, d=1856.6, reason=ERR_DIST;ERR_AREA | fixed_00268: score=0.277, d=1523.1, reason=ERR_DIST;ERR_AREA"
moving,moving_00341,341,Structure 2,no_counterpart,False,,11475.281032877243,25553.21810365123,243623.41167966317,2803.51570547287,0.38951384409423667,2.6245754222819992,170.05412913856196,0.00025589430109338487,0.030000000000847796,0.015714285743478367,"[1.369969, 0.77805, 0.308834, 1.011355, 0.988645, 1.471063]","[0.013721, 0.385736, 0.058468, 0.013533, 0.017546, 0.510996]","[-5.820083, -5.820083, -5.820083, -5.820083, -2.106511, -0.360497]","fixed_00350: score=0.360, d=190.7, reason=ERR_AREA | fixed_00349: score=0.305, d=207.1, reason=ERR_AREA | fixed_00351: score=0.274, d=223.3, reason=ERR_AREA"
moving,moving_00342,342,Structure 2,no_counterpart,False,,10308.950812390149,25631.680656617147,29639.643522597904,947.0185114769768,0.4153037986714199,2.673178673391743,-14.960189911568518,3.1132541045953177e-05,0.011111111108285221,0.00571428571783766,"[1.187333, 0.144368, 1.014028, 0.985972, 0.821085, 1.568418]","[0.254878, 0.203469, 0.02415, 0.040057, 0.03393, 0.443516]","[-3.713572, -3.713572, -3.713572, 0.25672, 1.746013, 2.088546]","fixed_00349: score=0.222, d=1091.5, reason=ERR_DIST;ERR_AREA | fixed_00354: score=0.212, d=1640.1, reason=ERR_DIST;ERR_AREA | fixed_00347: score=0.194, d=965.7, reason=ERR_DIST;ERR_AREA"
moving,moving_00343,343,Structure 2,no_counterpart,False,,22918.85645251435,25631.625585371192,13735.44452301369,480.2838137939236,0.7482671543302842,1.7821191191394137,136.9173323270125,1.4427275080792059e-05,0.0055555555400131984,0.004285714268953446,"[0.056775, 0.956375, 1.208572, 0.557193, 1.043625, 1.162069]","[0.352378, 0.128458, 0.038447, 0.021466, 0.117681, 0.341569]","[-2.944439, -2.944439, 1.521469, 1.521469, 1.650681, 1.544197]","fixed_00369: score=0.429, d=138.2, reason=ERR_AREA | fixed_00368: score=0.375, d=228.1, reason=ERR_AREA | fixed_00299: score=0.263, d=1418.0, reason=ERR_DIST;ERR_AREA"
moving,moving_00344,344,Structure 2,matched_review,False,,8209.374906999998,25734.522274333332,722.9181245124698,107.66914014260459,0.7836398047722034,1.0692714811764694,-136.91733193010998,7.593302587154493e-07,0.0011111111080026141,0.0014285714100346156,"[1.044794, 0.537323, 0.23881, 0.955206, 1.176369, 1.057971]","[0.0, 0.0, 0.917975, 0.055587, 0.013825, 0.012612]","[0.0, 0.0, 0.0, 5.802118, 5.459586, 3.970292]","fixed_00343: score=0.588, d=157.6, reason=OK | fixed_00342: score=0.493, d=354.1, reason=OK | fixed_00337: score=0.492, d=3539.3, reason=ERR_DIST"
moving,moving_00345,345,Structure 2,no_counterpart,False,,8523.927692,25734.522274333336,722.9181245124865,107.66914014260593,0.7836398047722022,1.069271481176494,-136.9173319307024,7.593302587154669e-07,0.0011111111080026397,0.0014285714100346156,"[0.382069, 1.031587, 0.305655, 0.968413, 1.205258, 1.04969]","[0.0, 0.5, 0.393116, 0.073771, 0.016832, 0.016281]","[0.0, 0.0, -0.0, 5.802118, 5.459586, 3.970292]","fixed_00336: score=0.533, d=4011.2, reason=ERR_DIST | fixed_00343: score=0.482, d=472.0, reason=OK | fixed_00319: score=0.466, d=7943.7, reason=ERR_DIST"
moving,moving_00346,346,Structure 2,matched_anchor,False,,8917.118673,25734.522274333336,722.9181245124865,107.66914014260593,0.7836398047722022,1.069271481176494,-136.91733193080782,7.593302587154669e-07,0.0011111111080026397,0.0014285714100346156,"[0.956243, 0.562496, 1.012492, 1.045696, 1.229561, 0.987508]","[0.5, 0.0, 0.338798, 0.113026, 0.022631, 0.025545]","[0.0, 0.0, -0.0, 5.802118, 5.459586, 3.970292]","fixed_00344: score=0.720, d=40.5, reason=OK | fixed_00345: score=0.613, d=157.7, reason=OK | fixed_00346: score=0.558, d=236.2, reason=OK"
moving,moving_00347,347,Structure 2,no_counterpart,False,,10293.287107,25734.522274333336,722.9181245124865,107.66914014260593,0.7836398047722022,1.069271481176494,-136.91733193116227,7.593302587154669e-07,0.0011111111080026397,0.0014285714100346156,"[1.225928, 1.003032, 0.996968, 0.867309, 1.654573, 0.147431]","[0.5, 0.025062, 0.043686, 0.020372, 0.184936, 0.225944]","[0.0, 0.0, 3.970292, 5.459586, 5.802118, 3.713572]","fixed_00350: score=0.475, d=1180.1, reason=ERR_DIST | fixed_00348: score=0.459, d=511.6, reason=OK | fixed_00353: score=0.458, d=1534.0, reason=ERR_DIST"
moving,moving_00348,348,Structure 2,matched_review,False,,11158.307265000001,25734.522274333336,722.9181245124865,107.66914014260593,0.7836398047722022,1.069271481176494,-136.91733193138302,7.593302587154669e-07,0.0011111111080026397,0.0014285714100346156,"[0.830189, 1.500713, 0.821109, 1.385568, 0.350459, 1.169811]","[0.011238, 0.00794, 0.009217, 0.388914, 0.082691, 0.5]","[0.0, 3.970292, 3.713572, 5.459586, 5.820083, 0.0]","fixed_00350: score=0.578, d=315.2, reason=OK | fixed_00349: score=0.537, d=236.6, reason=OK | fixed_00353: score=0.512, d=669.0, reason=OK"
moving,moving_00349,349,Structure 2,matched_review,False,,12377.199306333336,25734.522274333332,722.9181428984213,107.66914160334431,0.7836398034393137,1.0692715083712137,136.91733337231983,7.593302780274693e-07,0.001111111136261464,0.0014285714100346156,"[0.584707, 1.136929, 1.006995, 0.760031, 0.993005, 1.180572]","[0.0, 0.5, 0.031573, 0.353394, 0.013345, 0.101689]","[0.0, -0.0, -0.0, 5.820083, 8.004031, 2.397895]","fixed_00355: score=0.637, d=119.0, reason=OK | fixed_00356: score=0.582, d=276.1, reason=OK | fixed_00359: score=0.513, d=1298.4, reason=ERR_DIST"
moving,moving_00350,350,Structure 2,matched_anchor,False,,13084.943072333333,25734.522274333332,722.9181428984213,107.66914160334431,0.7836398034393137,1.0692715083712137,136.91733337174213,7.593302780274693e-07,0.001111111136261464,0.0014285714100346156,"[1.004495, 0.813162, 0.860995, 0.995505, 1.166362, 1.194293]","[0.0, 0.5, 0.288033, 0.037731, 0.152521, 0.021715]","[-0.0, -0.0, 0.0, 8.004031, 2.397895, 4.077537]","fixed_00357: score=0.786, d=9.5, reason=OK | fixed_00358: score=0.660, d=119.1, reason=OK | fixed_00359: score=0.498, d=590.7, reason=OK"
moving,moving_00351,351,Structure 2,matched_review,False,,13910.644133,25734.522274333336,722.9181245124865,107.66914014260593,0.7836398047722022,1.069271481176494,-136.91733193209157,7.593302587154669e-07,0.0011111111080026397,0.0014285714100346156,"[0.178586, 0.937579, 1.153268, 1.062421, 1.309921, 0.225411]","[0.0, 0.143106, 0.03915, 0.040762, 0.159559, 0.617423]","[0.0, 0.0, 8.004032, 2.397895, 5.313206, 4.077537]","fixed_00360: score=0.703, d=41.3, reason=OK | fixed_00359: score=0.555, d=235.3, reason=OK | fixed_00361: score=0.517, d=276.3, reason=OK"
moving,moving_00352,352,Structure 2,no_counterpart,False,,15778.301292999999,25734.522274444447,2168.7543735374597,186.30733614260578,0.7851638925969648,2.138542962352988,0.0,2.277990776146401e-06,0.0022222222160052795,0.0014285714100346156,"[1.705882, 1.470588, 0.294118, 0.529412, 0.882353, 1.117647]","[0.0, 0.5, 0.0, 0.0, 0.0, 0.5]","[-1.098612, -1.098612, -1.098612, -1.098612, -1.098612, -1.098612]","fixed_00362: score=0.541, d=1493.2, reason=ERR_DIST | fixed_00305: score=0.495, d=140.1, reason=OK | fixed_00309: score=0.437, d=118.4, reason=OK"
moving,moving_00353,353,Structure 2,matched_review,False,,15876.599037999998,25734.522274333336,722.9181245124865,107.66914014260593,0.7836398047722022,1.069271481176494,-136.91733193259248,7.593302587154669e-07,0.0011111111080026397,0.0014285714100346156,"[1.166667, 0.833333, 0.416667, 2.5, 2.833333, 0.333333]","[0.0, 0.5, 0.0, 0.0, 0.5, 0.0]","[0.0, 0.0, 1.098612, 0.0, 0.0, 0.0]","fixed_00309: score=0.713, d=64.2, reason=OK | fixed_00305: score=0.568, d=220.0, reason=OK | fixed_00364: score=0.493, d=785.4, reason=OK"
moving,moving_00354,354,Structure 2,matched_review,False,,15955.237234666665,25734.522274333332,722.9181428984213,107.66914160334431,0.7836398034393137,1.0692715083712137,-136.91733339552863,7.593302780274693e-07,0.001111111136261464,0.0014285714100346156,"[1.052632, 0.631579, 0.947368, 0.421053, 3.578947, 4.0]","[0.0, 0.5, 0.0, 0.0, 0.0, 0.5]","[-0.0, -0.0, 1.098612, -0.0, -0.0, -0.0]","fixed_00309: score=0.676, d=100.6, reason=OK | fixed_00305: score=0.607, d=292.1, reason=OK | fixed_00364: score=0.576, d=864.0, reason=ERR_DIST"
moving,moving_00355,355,Structure 2,matched_review,False,,16073.194529,25734.522274333336,722.9181245124865,107.66914014260593,0.7836398047722022,1.069271481176494,-136.91733193264344,7.593302587154669e-07,0.0011111111080026397,0.0014285714100346156,"[0.32, 1.2, 0.8, 3.2, 3.52, 0.48]","[0.5, 0.0, 0.0, 0.0, 0.0, 0.5]","[0.0, 1.098612, 0.0, 0.0, 0.0, 0.0]","fixed_00309: score=0.656, d=205.7, reason=OK | fixed_00305: score=0.510, d=404.8, reason=OK | fixed_00364: score=0.499, d=982.0, reason=ERR_DIST"
moving,moving_00356,356,Structure 2,no_counterpart,False,,16151.832725000002,25734.522274333336,722.9181245124865,107.66914014260593,0.7836398047722022,1.069271481176494,-136.91733193266145,7.593302587154669e-07,0.0011111111080026397,0.0014285714100346156,"[1.151515, 0.242424, 0.848485, 2.666667, 2.909091, 0.606061]","[0.0, 0.0, 0.0, 0.0, 0.0, 1.0]","[1.098612, 0.0, 0.0, 0.0, 0.0, 0.0]","fixed_00309: score=0.549, d=281.5, reason=OK | fixed_00305: score=0.511, d=481.4, reason=OK | fixed_00364: score=0.487, d=1060.6, reason=ERR_DIST"
moving,moving_00357,357,Structure 2,matched_anchor,False,,22875.398502,25734.522274333336,722.9181245124865,107.66914014260593,0.7836398047722022,1.069271481176494,-136.91733193438458,7.593302587154669e-07,0.0011111111080026397,0.0014285714100346156,"[0.948724, 1.210416, 0.054327, 0.587136, 1.051276, 1.142438]","[0.122021, 0.018306, 0.017504, 0.021163, 0.113412, 0.707594]","[0.0, 4.465908, 2.944439, 4.465908, 4.59512, 4.488636]","fixed_00369: score=0.725, d=38.2, reason=OK | fixed_00368: score=0.598, d=155.3, reason=OK | fixed_00288: score=0.485, d=935.0, reason=ERR_DIST"
moving,moving_00358,358,Structure 3,no_counterpart,False,,704.2626887629874,3590.1136424068004,8341752.370550054,27157.66800132525,0.14212883878686694,4.133655600304831,97.21662906674388,0.008761911993756805,0.05555555554142614,0.31571428573570853,"[1.174163, 1.114915, 1.027181, 0.964389, 0.934293, 0.972819]","[0.011436, 0.022936, 0.026547, 0.025004, 0.067866, 0.846212]","[-9.353488, -9.353488, -8.254876, -9.353488, -7.74405, -9.353488]","fixed_00141: score=0.215, d=2690.2, reason=ERR_DIST;ERR_AREA | fixed_00032: score=0.183, d=697.0, reason=ERR_AREA | fixed_00026: score=0.179, d=939.2, reason=ERR_DIST;ERR_AREA"
moving,moving_00359,359,Structure 3,no_counterpart,False,,994.3204037222221,30.993897999999994,2168.754450902056,186.30733896945003,0.785163896779008,2.1385429313906306,0.0,2.2779908574077174e-06,0.0022222222442640975,0.001428571448884212,"[0.944882, 0.997852, 1.065188, 1.009055, 1.002148, 0.887617]","[0.291573, 0.006201, 0.177183, 0.025042, 0.0, 0.5]","[-1.098612, -1.098612, -1.098612, 3.412247, -1.098612, -1.098612]","fixed_00001: score=0.326, d=451.1, reason=OK | fixed_00067: score=0.291, d=962.3, reason=ERR_DIST | fixed_00002: score=0.290, d=569.1, reason=OK"
moving,moving_00360,360,Structure 3,matched_review,False,,1643.0855219999999,30.993897999999998,722.9181441720408,107.66914150871202,0.783639806197421,1.069271452097959,43.08266807147561,7.593302793652388e-07,0.0011111111080026397,0.001428571448884212,"[0.226415, 1.811321, 1.962264, 0.754717, 0.415094, 1.245283]","[0.0, 0.0, 0.0, 0.0, 0.5, 0.5]","[0.0, 0.0, 0.0, 1.609438, 1.098612, 1.098612]","fixed_00066: score=0.705, d=77.6, reason=OK | fixed_00002: score=0.697, d=79.7, reason=OK | fixed_00001: score=0.619, d=197.7, reason=OK"
moving,moving_00361,361,Structure 3,matched_anchor,False,,1761.0428170000002,30.993897999999998,722.9181441720408,107.66914150871202,0.783639806197421,1.069271452097959,43.082668071475624,7.593302793652388e-07,0.0011111111080026397,0.001428571448884212,"[1.584906, 1.735849, 0.528302, 0.188679, 1.471698, 0.226415]","[0.0, 0.0, 0.0, 0.5, 0.0, 0.5]","[0.0, 0.0, 1.609438, 1.098612, 1.098612, 0.0]","fixed_00066: score=0.796, d=40.4, reason=OK | fixed_00068: score=0.599, d=274.2, reason=OK | fixed_00067: score=0.585, d=195.6, reason=OK"
moving,moving_00362,362,Structure 3,matched_review,False,,1859.3405619999999,30.993898,2168.7544325161307,186.30733750871235,0.7851639024347818,2.138542904195924,0.0,2.2779908380957254e-06,0.002222222216005286,0.001428571448884212,"[0.375, 1.708333, 0.458333, 0.208333, 1.833333, 1.541667]","[0.0, 0.5, 0.0, 0.0, 0.5, 0.0]","[0.510826, -1.098612, -1.098612, -1.098612, 0.0, -1.098612]","fixed_00067: score=0.575, d=97.3, reason=OK | fixed_00066: score=0.446, d=138.7, reason=OK | fixed_00068: score=0.406, d=175.9, reason=OK"
moving,moving_00363,363,Structure 3,matched_review,False,,34199.298758,30.993897999999998,722.9181441720408,107.66914150871202,0.783639806197421,1.069271452097959,-43.08266807125621,7.593302793652388e-07,0.0011111111080026397,0.001428571448884212,"[1.25, 0.75, 2.375, 1.75, 0.375, 0.5]","[0.0, 0.0, 0.0, 0.0, 0.5, 0.5]","[0.0, 0.0, 0.0, 0.0, 1.609438, 0.0]","fixed_00112: score=0.682, d=74.6, reason=OK | fixed_00113: score=0.503, d=751.2, reason=OK | fixed_00108: score=0.436, d=2630.7, reason=ERR_DIST"
moving,moving_00364,364,Structure 3,no_counterpart,False,,34317.256052000004,30.993898,3614.5907208602043,264.9455335087118,0.6470767393053133,3.2078143562938766,0.0,3.7966513968261945e-06,0.0033333333240079194,0.001428571448884212,"[0.428571, 1.0, 0.428571, 1.0, 1.571429, 2.285714]","[0.0, 0.5, 0.0, 0.0, 0.0, 0.5]","[-1.609438, -1.609438, -1.609438, -1.609438, -1.609438, -1.609438]","fixed_00112: score=0.363, d=192.6, reason=ERR_AREA | fixed_00011: score=0.249, d=694.7, reason=ERR_AREA | fixed_00113: score=0.240, d=633.3, reason=ERR_AREA"
moving,moving_00365,365,Structure 3,matched_review,False,,34435.213346,30.993897999999998,722.9181441720408,107.66914150871202,0.783639806197421,1.069271452097959,136.91733192829682,7.593302793652388e-07,0.0011111111080026397,0.001428571448884212,"[0.571429, 1.142857, 1.857143, 0.428571, 0.857143, 1.428571]","[0.0, 0.0, 0.5, 0.0, 0.0, 0.5]","[0.0, 0.0, 0.0, 1.609438, 0.0, 0.0]","fixed_00112: score=0.595, d=310.5, reason=OK | fixed_00110: score=0.485, d=1962.2, reason=ERR_DIST | fixed_00113: score=0.476, d=515.3, reason=OK"
moving,moving_00366,366,Structure 3,no_counterpart,False,,34592.489739,30.993897999999998,722.9181441720408,107.66914150871202,0.783639806197421,1.069271452097959,136.9173319282941,7.593302793652388e-07,0.0011111111080026397,0.001428571448884212,"[0.5, 1.125, 1.75, 0.5, 0.875, 1.25]","[0.0, 0.0, 0.5, 0.0, 0.0, 0.5]","[0.0, 0.0, 0.0, 0.0, 1.609438, 0.0]","fixed_00113: score=0.538, d=358.0, reason=OK | fixed_00112: score=0.532, d=467.8, reason=OK | fixed_00121: score=0.502, d=1079.7, reason=ERR_DIST"
moving,moving_00367,367,Structure 3,matched_review,False,,34749.766131,30.993897999999998,722.9181441720408,107.66914150871202,0.783639806197421,1.069271452097959,136.9173319282952,7.593302793652388e-07,0.0011111111080026397,0.001428571448884212,"[0.555556, 1.111111, 0.444444, 0.888889, 1.222222, 1.555556]","[0.0, 0.5, 0.0, 0.0, 0.0, 0.5]","[0.0, 0.0, 0.0, 0.0, 1.609438, 0.0]","fixed_00113: score=0.618, d=200.8, reason=OK | fixed_00112: score=0.518, d=625.1, reason=OK | fixed_00121: score=0.476, d=970.4, reason=ERR_DIST"
moving,moving_00368,368,Structure 3,no_counterpart,False,,34736.08026666174,774.4792184868362,1855730.8553646472,6641.431020543766,0.5286905165099758,1.1690202489187316,-90.0,0.0019492008053617052,0.040000000001130326,0.06428571430624908,"[0.987288, 1.070056, 1.048523, 0.989917, 0.97212, 1.010083]","[0.018297, 0.582547, 0.030835, 0.033293, 0.040939, 0.294088]","[-7.850493, -7.850493, -7.850493, -7.850493, -7.850493, -7.850493]","fixed_00018: score=0.403, d=3237.0, reason=ERR_DIST | fixed_00011: score=0.315, d=483.8, reason=ERR_AREA | fixed_00112: score=0.283, d=962.9, reason=ERR_DIST;ERR_AREA"
moving,moving_00369,369,Structure 3,matched_anchor,False,,34946.361622,30.993897999999998,722.9181441720408,107.66914150871202,0.783639806197421,1.069271452097959,136.91733192829275,7.593302793652388e-07,0.0011111111080026397,0.001428571448884212,"[0.554064, 1.163534, 1.002685, 1.236437, 0.997315, 0.554064]","[0.0, 0.016479, 0.010327, 0.473194, 0.0, 0.5]","[0.0, 1.098612, -0.0, 0.0, 0.0, 0.0]","fixed_00113: score=0.850, d=4.2, reason=OK | fixed_00112: score=0.519, d=821.7, reason=ERR_DIST | fixed_00121: score=0.494, d=855.2, reason=ERR_DIST"
moving,moving_00370,370,Structure 3,matched_review,False,,35142.957112,30.993897999999998,722.9181441720408,107.66914150871202,0.783639806197421,1.069271452097959,136.9173319282913,7.593302793652388e-07,0.0011111111080026397,0.001428571448884212,"[0.933407, 0.697149, 1.066593, 1.290979, 0.848552, 1.697104]","[0.036554, 0.011541, 0.057269, 0.394636, 0.0, 0.5]","[1.098612, -0.0, 0.0, -0.0, 0.0, 0.0]","fixed_00113: score=0.627, d=192.4, reason=OK | fixed_00112: score=0.518, d=1018.3, reason=ERR_DIST | fixed_00121: score=0.492, d=773.5, reason=OK"
moving,moving_00371,371,Structure 3,no_counterpart,False,,35359.21215199999,30.993898000000005,2168.7544325161225,186.3073375087119,0.7851639024347827,2.138542904195918,0.0,2.2779908380957165e-06,0.0022222222160052795,0.001428571448884212,"[0.379527, 0.921858, 0.346507, 1.078142, 2.058271, 3.0384]","[0.024619, 0.178224, 0.088729, 0.0, 0.0, 0.708427]","[-1.098612, -1.098612, -1.098612, -1.098612, -1.098612, -1.098612]","fixed_00113: score=0.308, d=408.7, reason=OK | fixed_00121: score=0.287, d=735.7, reason=OK | fixed_00112: score=0.266, d=1234.5, reason=ERR_DIST"
moving,moving_00372,372,Structure 3,no_counterpart,False,,35300.233505,67.76575533333333,722.918124512492,107.6691401426063,0.7836398047722027,1.069271481176486,136.91733191049394,7.593302587154726e-07,0.0011111111080026397,0.0014285714100346265,"[0.52884, 1.016056, 3.360841, 2.167344, 0.983944, 0.423401]","[0.102245, 0.338756, 0.005863, 0.020075, 0.374716, 0.158344]","[0.0, 0.0, 0.0, 0.0, 0.0, 1.098612]","fixed_00113: score=0.512, d=351.7, reason=OK | fixed_00121: score=0.492, d=703.4, reason=OK | fixed_00112: score=0.474, d=1176.1, reason=ERR_DIST"
moving,moving_00373,373,Structure 3,no_counterpart,False,,35378.871701000004,104.537613,722.9181441720408,107.66914150871202,0.783639806197421,1.069271452097959,-43.082668071220546,7.593302793652388e-07,0.0011111111080026397,0.001428571448884212,"[0.617275, 3.544156, 2.454864, 1.382725, 0.485754, 0.425966]","[0.268521, 0.008285, 0.021289, 0.021519, 0.138813, 0.541573]","[-0.0, 0.0, 0.0, 0.0, -0.0, 1.098612]","fixed_00113: score=0.527, d=434.7, reason=OK | fixed_00124: score=0.493, d=1323.9, reason=ERR_DIST | fixed_00126: score=0.479, d=1581.4, reason=ERR_DIST"
moving,moving_00374,374,Structure 3,no_counterpart,False,,35378.871701,214.85318533333333,722.9181245124921,107.66914014260632,0.7836398047722023,1.0692714811764858,136.9173319104523,7.593302587154727e-07,0.0011111111080026397,0.0014285714100346267,"[2.708323, 1.94199, 1.235929, 0.689204, 0.764071, 0.455844]","[0.018719, 0.041391, 0.066496, 0.061187, 0.016954, 0.795254]","[0.0, 0.0, 0.0, -0.0, 1.098612, 0.0]","fixed_00113: score=0.540, d=466.3, reason=OK | fixed_00126: score=0.494, d=1471.1, reason=ERR_DIST | fixed_00121: score=0.493, d=551.4, reason=OK"
moving,moving_00375,375,Structure 3,matched_anchor,False,,31.0025,472.25618766666673,722.9181245124933,107.66914014260641,0.7836398047722023,1.0692714811764876,136.91733192852269,7.59330258715474e-07,0.0011111111080026415,0.0014285714100346267,"[0.551849, 0.245266, 1.562279, 0.462769, 1.734398, 1.448151]","[0.0, 0.554492, 0.024642, 0.009625, 0.022319, 0.388922]","[1.098612, -0.0, 0.0, 1.609438, 0.0, 4.51086]","fixed_00118: score=0.757, d=36.5, reason=OK | fixed_00119: score=0.738, d=110.1, reason=OK | fixed_00010: score=0.692, d=73.9, reason=OK"
moving,moving_00376,376,Structure 3,matched_anchor,False,,31.002499999999994,545.7999026666666,722.9181245124922,107.66914014260632,0.7836398047722025,1.0692714811764892,136.9173319285252,7.593302587154729e-07,0.0011111111080026415,0.0014285714100346245,"[0.262936, 1.577619, 0.210349, 1.539626, 0.590354, 1.409646]","[0.0, 0.5, 0.04719, 0.004764, 0.043839, 0.404207]","[1.098612, 0.0, 0.0, 0.0, 1.609438, 4.51086]","fixed_00119: score=0.821, d=36.6, reason=OK | fixed_00118: score=0.751, d=37.1, reason=OK | fixed_00010: score=0.621, d=147.4, reason=OK"
moving,moving_00377,377,Structure 3,matched_review,False,,31.0025,637.7295465,2168.7543931970276,181.2128555087121,0.8299314608646458,1.8704324041207663,-43.082668071475624,2.277990796796187e-06,0.0011111111080026415,0.0028571428589188393,"[1.218251, 1.413171, 0.43857, 0.24365, 0.781749, 1.513383]","[0.0, 0.5, 0.0, 0.036021, 0.045244, 0.418735]","[-1.098612, -1.098612, -1.098612, -1.098612, 0.510826, 3.412247]","fixed_00119: score=0.635, d=55.4, reason=OK | fixed_00118: score=0.438, d=129.0, reason=OK | fixed_00012: score=0.417, d=165.3, reason=OK"
moving,moving_00378,378,Structure 3,matched_review,False,,31.002499999999998,1097.3777649999997,722.9181441720434,107.6691415087122,0.7836398061974211,1.0692714520979585,-43.08266807147932,7.593302793652416e-07,0.0011111111080026415,0.0014285714488842145,"[0.186047, 0.372093, 0.837209, 1.209302, 1.162791, 1.395349]","[0.0, 0.0, 0.0, 0.5, 0.0, 0.5]","[0.0, -0.0, 0.0, 0.0, 1.098612, -0.0]","fixed_00013: score=0.660, d=184.0, reason=OK | fixed_00015: score=0.588, d=331.0, reason=ERR_NOT_MUTUAL | fixed_00119: score=0.567, d=515.1, reason=ERR_NOT_MUTUAL"
moving,moving_00379,379,Structure 3,matched_review,False,,31.002499999999998,1170.92148,722.9181441720434,107.6691415087122,0.7836398061974211,1.0692714520979585,-43.08266807147928,7.593302793652416e-07,0.0011111111080026415,0.0014285714488842145,"[0.222222, 0.777778, 1.222222, 1.5, 0.222222, 1.611111]","[0.0, 0.0, 0.0, 0.5, 0.0, 0.5]","[-0.0, 0.0, 0.0, 1.098612, 0.0, 1.098612]","fixed_00015: score=0.615, d=257.5, reason=OK | fixed_00013: score=0.592, d=257.5, reason=OK | fixed_00119: score=0.539, d=588.6, reason=OK"
moving,moving_00380,380,Structure 3,matched_review,False,,35378.871701000004,1170.92148,722.9181441720423,107.66914150871212,0.7836398061974211,1.0692714520979567,136.9173319283706,7.593302793652404e-07,0.0011111111080026397,0.0014285714488842145,"[0.137811, 0.229685, 1.056553, 1.148427, 0.943447, 1.194364]","[0.0, 0.0, 0.0, 0.337956, 0.162044, 0.5]","[0.0, 0.0, 0.0, -0.0, 7.850493, -0.0]","fixed_00124: score=0.556, d=257.5, reason=OK | fixed_00121: score=0.517, d=404.7, reason=OK | fixed_00126: score=0.493, d=515.0, reason=OK"
moving,moving_00381,381,Structure 3,matched_review,False,,31.002499999999994,1244.4651946666665,722.9181245124922,107.66914014260632,0.7836398047722025,1.0692714811764892,-43.08266807147942,7.593302587154729e-07,0.0011111111080026415,0.0014285714100346245,"[1.285714, 0.714286, 1.642857, 0.571429, 0.285714, 2.357143]","[0.0, 0.0, 0.5, 0.0, 0.0, 0.5]","[0.0, 0.0, 1.098612, 0.0, 0.0, 1.098612]","fixed_00015: score=0.601, d=183.9, reason=ERR_NOT_MUTUAL | fixed_00013: score=0.553, d=331.1, reason=OK | fixed_00118: score=0.528, d=735.7, reason=OK"
moving,moving_00382,382,Structure 3,matched_review,False,,35378.871701000004,1281.2370519999997,722.9181441720423,107.66914150871212,0.7836398061974211,1.0692714520979567,136.91733192837623,7.593302793652404e-07,0.0011111111080026397,0.0014285714488842145,"[0.095238, 0.952381, 1.142857, 1.047619, 1.059979, 0.142857]","[0.0, 0.0, 0.0, 0.356253, 0.143747, 0.5]","[0.0, 0.0, -0.0, -0.0, 7.850493, 0.0]","fixed_00124: score=0.611, d=147.2, reason=OK | fixed_00126: score=0.538, d=404.7, reason=OK | fixed_00121: score=0.473, d=515.0, reason=OK"
moving,moving_00383,383,Structure 3,matched_review,False,,35378.871701000004,1354.7807669999997,722.9181441720423,107.66914150871212,0.7836398061974211,1.0692714520979567,136.9173319283719,7.593302793652404e-07,0.0011111111080026397,0.0014285714488842145,"[0.947368, 1.157895, 1.052632, 1.239485, 0.105263, 0.263158]","[0.0, 0.0, 0.366876, 0.133124, 0.0, 0.5]","[0.0, -0.0, -0.0, 7.850493, 0.0, 0.0]","fixed_00124: score=0.672, d=73.7, reason=OK | fixed_00121: score=0.540, d=588.5, reason=OK | fixed_00126: score=0.506, d=331.2, reason=OK"
moving,moving_00384,384,Structure 3,matched_anchor,False,,31.002499999999998,1428.324482,722.9181441720434,107.6691415087122,0.7836398061974211,1.0692714520979585,-43.08266807147935,7.593302793652416e-07,0.0011111111080026415,0.0014285714488842145,"[0.592593, 0.962963, 1.925926, 0.740741, 1.037037, 1.333333]","[0.0, 0.0, 0.5, 0.0, 0.0, 0.5]","[0.0, 1.098612, -0.0, -0.0, 0.0, 0.0]","fixed_00015: score=0.827, d=1.3, reason=OK | fixed_00022: score=0.550, d=882.9, reason=ERR_DIST | fixed_00013: score=0.527, d=514.9, reason=OK"
moving,moving_00385,385,Structure 3,no_counterpart,False,,33254.52885298208,2708.6437449016207,4773428.45129032,9791.637990145706,0.6256473134650448,1.2474833815537714,36.81448783856644,0.005013857777216987,0.08555555554227395,0.09428571430547208,"[0.985313, 0.144429, 1.025485, 1.016484, 1.008556, 0.991444]","[0.105343, 0.843562, 0.005125, 0.005211, 0.016053, 0.024705]","[-8.795279, -4.752228, -8.795279, -8.795279, -8.795279, -8.795279]","fixed_00018: score=0.265, d=1184.9, reason=ERR_DIST;ERR_AREA | fixed_00401: score=0.205, d=3381.7, reason=ERR_DIST;ERR_AREA | fixed_00411: score=0.201, d=3524.8, reason=ERR_DIST;ERR_AREA"
moving,moving_00386,386,Structure 3,matched_review,False,,31.002499999999998,1575.4119120000005,722.9181441720434,107.6691415087122,0.7836398061974211,1.0692714520979585,-43.08266807147912,7.593302793652416e-07,0.0011111111080026415,0.0014285714488842145,"[0.277778, 1.0, 0.444444, 1.0, 1.222222, 1.444444]","[0.0, 0.5, 0.0, 0.0, 0.0, 0.5]","[1.098612, -0.0, 0.0, -0.0, 0.0, 0.0]","fixed_00015: score=0.693, d=147.0, reason=OK | fixed_00021: score=0.580, d=662.3, reason=ERR_NOT_MUTUAL | fixed_00013: score=0.544, d=662.0, reason=OK"
moving,moving_00387,387,Structure 3,matched_anchor,False,,31.0025,1667.3415555000001,2168.7543931970276,181.2128555087121,0.8299314608646458,1.8704324041207663,136.9173319285244,2.277990796796187e-06,0.0011111111080026415,0.0028571428589188393,"[0.722222, 1.611111, 0.722222, 0.277778, 1.277778, 1.5]","[0.0, 0.5, 0.0, 0.0, 0.0, 0.5]","[-1.098612, -1.098612, -1.098612, -1.098612, -1.098612, -1.098612]","fixed_00017: score=0.733, d=184.1, reason=OK | fixed_00024: score=0.573, d=883.0, reason=ERR_DIST | fixed_00016: score=0.530, d=128.6, reason=OK"
moving,moving_00388,388,Structure 3,matched_review,False,,31.0025,1906.3586293333335,722.9181245124967,107.66914014260664,0.7836398047722027,1.0692714811764825,43.08266807147485,7.593302587154776e-07,0.0011111111080026415,0.0014285714100346334,"[0.8, 1.1, 1.3, 0.65, 0.9, 1.3]","[0.0, 0.0, 0.5, 0.0, 0.0, 0.5]","[0.0, -0.0, 0.0, 1.098612, 0.0, 0.0]","fixed_00025: score=0.642, d=809.6, reason=ERR_DIST | fixed_00022: score=0.619, d=404.9, reason=ERR_NOT_MUTUAL | fixed_00020: score=0.614, d=221.0, reason=OK"
moving,moving_00389,389,Structure 3,no_counterpart,False,,2241.253721594544,3012.9330818788676,1537646.87482723,6926.898620141218,0.4027066589549031,1.7195910757448287,-97.16995400880953,0.0016150954854852622,0.03444444443285833,0.08142857142091252,"[1.065291, 0.903978, 0.934709, 1.260011, 1.184136, 0.914266]","[0.025092, 0.30441, 0.065356, 0.030614, 0.228724, 0.345803]","[-2.497682, -3.457775, 1.69102, -7.662468, -1.955358, -1.490767]","fixed_00141: score=0.352, d=1916.1, reason=ERR_DIST | fixed_00388: score=0.259, d=1577.3, reason=ERR_DIST;ERR_AREA | fixed_00127: score=0.240, d=1303.3, reason=ERR_DIST;ERR_AREA"
moving,moving_00390,390,Structure 3,no_counterpart,False,,18396.10383630232,2882.558275482568,732316.0716583623,4056.523871441221,0.5592427432750043,1.227682057927084,-20.510143561053386,0.0007692015641865872,0.0344444444328583,0.03857142857597953,"[0.633422, 0.932985, 1.003287, 0.999562, 1.000438, 1.004636]","[0.528947, 0.00926, 0.006529, 0.024093, 0.006514, 0.424657]","[0.699543, -2.454763, -6.920671, -6.920671, -6.920671, -6.920671]","fixed_00393: score=0.389, d=2827.8, reason=ERR_DIST | fixed_00394: score=0.372, d=1885.4, reason=ERR_DIST | fixed_00031: score=0.252, d=672.3, reason=ERR_AREA"
moving,moving_00391,391,Structure 3,no_counterpart,False,,10104.25244644463,3350.989598530527,681711.8025077084,3400.464197989417,0.7408567866855906,1.722766682724576,73.011766657733,0.0007160484456198256,0.021111111108567802,0.05000000001165489,"[0.879003, 0.90219, 1.087142, 0.937586, 1.286, 1.062414]","[0.035991, 0.000617, 0.016805, 0.298121, 0.383246, 0.26522]","[-3.553229, 1.18783, -3.48177, -1.398028, -0.737599, -2.338207]","fixed_00136: score=0.356, d=3111.6, reason=ERR_DIST | fixed_00153: score=0.343, d=4635.8, reason=ERR_DIST | fixed_00139: score=0.299, d=2209.7, reason=ERR_DIST"
moving,moving_00392,392,Structure 3,no_counterpart,False,,28606.64687788576,6193.581756357342,19734942.192079093,37065.9567708218,0.18050751723852898,1.263684465025662,0.5824140744038516,0.020728957059351426,0.1877777777893639,0.2042857142767234,"[1.248531, 1.189862, 0.537718, 0.737037, 0.837737, 1.162263]","[0.014253, 0.021487, 0.282725, 0.113106, 0.338324, 0.230106]","[-5.541777, -5.17118, -5.016108, -6.99573, -5.682006, -4.772188]","fixed_00401: score=0.263, d=2627.6, reason=ERR_DIST;ERR_AREA | fixed_00396: score=0.252, d=3122.1, reason=ERR_DIST;ERR_AREA | fixed_00398: score=0.251, d=2364.1, reason=ERR_DIST;ERR_AREA"
moving,moving_00393,393,Structure 3,matched_anchor,False,,31.0025,3377.2329283333333,722.9181245124877,107.66914014260601,0.7836398047722022,1.0692714811764958,136.91733192851527,7.59330258715468e-07,0.0011111111080026415,0.0014285714100346156,"[0.581818, 0.8, 1.054545, 0.945455, 1.090909, 1.236364]","[0.0, 0.0, 0.5, 0.0, 0.0, 0.5]","[1.609438, 0.0, 1.098612, 0.0, 0.0, 0.0]","fixed_00030: score=0.823, d=72.8, reason=OK | fixed_00032: score=0.801, d=37.6, reason=OK | fixed_00029: score=0.748, d=146.3, reason=OK"
moving,moving_00394,394,Structure 3,no_counterpart,False,,34373.46995394591,5632.7182473766325,6719524.07351026,13920.368010963843,0.4357595809109144,1.8376177947277375,90.0,0.007057974866274395,0.06333333332570341,0.1600000000217558,"[1.008714, 1.022976, 0.759948, 0.991286, 1.015902, 0.719509]","[0.023026, 0.891367, 0.025281, 0.037138, 0.014665, 0.008522]","[-9.137232, -9.137232, -6.940007, -7.527794, -9.137232, -2.900862]","fixed_00412: score=0.365, d=325.8, reason=ERR_AREA | fixed_00400: score=0.292, d=1308.7, reason=ERR_DIST;ERR_AREA | fixed_00402: score=0.268, d=738.3, reason=ERR_AREA"
moving,moving_00395,395,Structure 3,matched_anchor,False,,35378.871701,3450.776643333333,722.9181245124955,107.66914014260655,0.7836398047722027,1.0692714811764807,136.91733191053643,7.593302587154763e-07,0.0011111111080026397,0.0014285714100346334,"[0.961538, 1.115385, 1.192308, 1.038462, 0.692308, 0.076923]","[0.0, 0.0, 0.5, 0.0, 0.0, 0.5]","[-0.0, 0.0, 0.0, 0.0, 0.0, -0.0]","fixed_00133: score=0.839, d=4.3, reason=OK | fixed_00147: score=0.573, d=957.3, reason=ERR_DIST | fixed_00128: score=0.563, d=1470.6, reason=ERR_DIST"
moving,moving_00396,396,Structure 3,no_counterpart,False,,31.002500000000005,3671.407788233333,3614.590661881568,254.7565701426065,0.699871324683001,2.805648593464681,-90.0,3.7966513348769064e-06,0.0011111111080026415,0.004285714268953464,"[0.333333, 0.722222, 1.111111, 1.333333, 2.0, 0.888889]","[0.0, 0.0, 0.0, 0.0, 0.5, 0.5]","[-1.609438, -0.510826, -1.609438, -1.609438, -1.609438, -1.609438]","fixed_00135: score=0.591, d=35.9, reason=ERR_AREA | fixed_00134: score=0.494, d=109.4, reason=ERR_AREA | fixed_00146: score=0.363, d=718.3, reason=OK"
moving,moving_00397,397,Structure 3,no_counterpart,False,,19018.937071426197,4583.579189197363,1474030.0794819526,6781.347133065717,0.4027951730967554,1.309302677988904,111.84125553309983,0.0015482744223105707,0.03888888889312779,0.06999999998523718,"[0.899242, 1.100758, 0.514593, 0.621384, 1.530521, 1.51288]","[0.185039, 0.123299, 0.378795, 0.017249, 0.219257, 0.076362]","[-0.924416, -0.880878, -1.114431, -0.699543, -3.154307, -1.023069]","fixed_00394: score=0.304, d=2595.2, reason=ERR_DIST | fixed_00393: score=0.291, d=3369.4, reason=ERR_DIST | fixed_00166: score=0.262, d=5284.5, reason=ERR_DIST"
moving,moving_00398,398,Structure 3,matched_review,False,,31.0025,3781.723360666667,722.9181245124967,107.66914014260664,0.7836398047722027,1.0692714811764825,136.91733192851456,7.593302587154776e-07,0.0011111111080026415,0.0014285714100346334,"[0.4375, 0.875, 1.125, 1.875, 0.375, 1.375]","[0.0, 0.0, 0.0, 0.5, 0.0, 0.5]","[1.098612, 0.0, 0.0, 0.0, 1.609438, -0.0]","fixed_00135: score=0.651, d=146.2, reason=OK | fixed_00032: score=0.650, d=366.9, reason=OK | fixed_00140: score=0.625, d=368.8, reason=ERR_NOT_MUTUAL"
moving,moving_00399,399,Structure 3,no_counterpart,False,,29491.19136840804,4051.728550778646,166994.08957672227,1622.4610663673786,0.7971910173602123,1.4028243007944294,-90.0,0.00017540529271936405,0.011111111108285221,0.021428571461316097,"[0.579375, 1.091625, 1.117195, 0.908375, 0.794862, 1.199976]","[0.149476, 0.011644, 0.063769, 0.065987, 0.066502, 0.642623]","[0.440905, -0.769589, -0.398993, -0.243921, 4.772188, -0.909818]","fixed_00422: score=0.349, d=2726.9, reason=ERR_DIST | fixed_00411: score=0.336, d=2938.5, reason=ERR_DIST | fixed_00424: score=0.331, d=3362.7, reason=ERR_DIST"
moving,moving_00400,400,Structure 3,matched_review,False,,31.0025,3910.424861722222,2168.7544128565833,181.21285614260677,0.8299314625815853,1.870432404120772,-90.0,2.2779908174459604e-06,0.0011111111080026415,0.002857142858918848,"[0.583333, 0.916667, 2.25, 1.916667, 1.083333, 0.583333]","[0.0, 0.0, 0.0, 0.5, 0.0, 0.5]","[-1.098612, -1.098612, -1.098612, -1.098612, 0.510826, -1.098612]","fixed_00146: score=0.564, d=479.3, reason=OK | fixed_00138: score=0.466, d=129.8, reason=OK | fixed_00140: score=0.441, d=240.1, reason=OK"
moving,moving_00401,401,Structure 3,no_counterpart,False,,31164.955972206237,4278.758007933349,259527.61086820133,1911.144680445858,0.8929071506377229,1.0024420050755551,136.91733244666472,0.00027259956725701723,0.016666666676557244,0.02285714283250113,"[0.969226, 1.039569, 1.094604, 0.635638, 0.983597, 1.016403]","[0.009636, 0.07421, 0.177906, 0.375984, 0.01793, 0.344335]","[-1.210494, -0.839897, -0.684825, -0.440905, 2.911957, -1.840271]","fixed_00422: score=0.409, d=2231.3, reason=ERR_DIST | fixed_00411: score=0.383, d=1736.3, reason=ERR_DIST | fixed_00424: score=0.376, d=2401.5, reason=ERR_DIST"
moving,moving_00402,402,Structure 3,matched_anchor,False,,31.002499999999998,4039.126363,722.9181441720434,107.6691415087122,0.7836398061974211,1.0692714520979585,136.91733192851444,7.593302793652416e-07,0.0011111111080026415,0.0014285714488842145,"[0.266667, 1.066667, 1.333333, 0.466667, 0.933333, 1.333333]","[0.0, 0.0, 0.5, 0.0, 0.0, 0.5]","[0.0, 0.0, 0.0, 1.098612, -0.0, 1.609438]","fixed_00138: score=0.827, d=1.7, reason=OK | fixed_00143: score=0.725, d=185.0, reason=OK | fixed_00140: score=0.692, d=111.5, reason=OK"
moving,moving_00403,403,Structure 3,no_counterpart,False,,14480.590131101044,5085.2730179610035,1780547.368774937,5831.112601373645,0.6580524950079448,1.246954932175694,119.15630744480696,0.0018702304567322604,0.0433333333251383,0.07428571429304022,"[1.084254, 0.74582, 0.987105, 1.062714, 1.012895, 0.917927]","[0.003768, 0.048192, 0.010922, 0.005119, 0.010324, 0.921674]","[-0.690309, -1.38103, -4.44184, -2.358097, 0.227761, -4.513299]","fixed_00153: score=0.245, d=1463.8, reason=ERR_DIST;ERR_AREA | fixed_00166: score=0.176, d=2880.8, reason=ERR_DIST;ERR_AREA"
moving,moving_00404,404,Structure 3,matched_anchor,False,,31.002499999999998,4112.670078000001,722.9181441720434,107.6691415087122,0.7836398061974211,1.0692714520979585,136.91733192851527,7.593302793652416e-07,0.0011111111080026415,0.0014285714488842145,"[1.142857, 0.857143, 0.785714, 0.285714, 1.285714, 1.714286]","[0.0, 0.5, 0.0, 0.0, 0.0, 0.5]","[0.0, 0.0, 1.098612, 0.0, -0.0, 1.609438]","fixed_00140: score=0.847, d=37.9, reason=OK | fixed_00138: score=0.738, d=72.5, reason=OK | fixed_00143: score=0.693, d=111.5, reason=OK"
moving,moving_00405,405,Structure 3,no_counterpart,False,,10722.684794623196,5128.120622499607,2235985.7942926455,6258.230625437194,0.7174237951289748,1.0915479589767043,-16.291269307284214,0.002348608527154194,0.05444444443342347,0.06857142857520254,"[1.588535, 0.37629, 1.628562, 0.216979, 1.83513, 0.411465]","[0.085888, 0.038617, 0.162718, 0.295038, 0.213838, 0.203901]","[-1.608791, -4.669601, -0.918071, -2.585858, -1.18783, -4.74106]","fixed_00159: score=0.302, d=2464.5, reason=ERR_DIST | fixed_00040: score=0.261, d=2996.4, reason=ERR_DIST;ERR_AREA | fixed_00136: score=0.233, d=3773.5, reason=ERR_DIST;ERR_AREA"
moving,moving_00406,406,Structure 3,no_counterpart,False,,21637.87160563916,4698.932725933211,584840.772155238,2865.136133583743,0.8952760823050305,1.022781407022181,0.0,0.0006142981892001516,0.024444444460834547,0.032857142858141855,"[1.139256, 1.10538, 0.89462, 0.822656, 1.139385, 0.821121]","[0.121354, 0.181698, 0.33994, 0.058869, 0.008506, 0.289632]","[0.252138, 0.043538, 0.924416, -0.098653, -0.362519, -0.28727]","fixed_00397: score=0.424, d=3012.6, reason=ERR_DIST | fixed_00394: score=0.403, d=2843.0, reason=ERR_DIST | fixed_00393: score=0.392, d=2870.0, reason=ERR_DIST"
moving,moving_00407,407,Structure 3,matched_anchor,False,,31.002499999999998,4333.301223,722.9181441720434,107.6691415087122,0.7836398061974211,1.0692714520979585,136.91733192851356,7.593302793652416e-07,0.0011111111080026415,0.0014285714488842145,"[1.414686, 0.205128, 0.820513, 0.615385, 1.179487, 1.538462]","[0.025317, 0.5, 0.0, 0.0, 0.0, 0.474683]","[4.343805, 0.0, 0.0, 0.0, 1.098612, -0.0]","fixed_00144: score=0.815, d=35.6, reason=OK | fixed_00148: score=0.656, d=148.3, reason=OK | fixed_00140: score=0.642, d=182.7, reason=OK"
moving,moving_00408,408,Structure 3,matched_anchor,False,,35378.871701000004,4370.073080333334,722.9181245124865,107.66914014260593,0.7836398047722022,1.069271481176494,136.91733191053785,7.593302587154669e-07,0.0011111111080026397,0.0014285714100346156,"[0.214365, 0.321548, 0.911052, 1.088948, 1.233931, 1.339783]","[0.0, 0.0, 0.002652, 0.004742, 0.492606, 0.5]","[0.0, 0.0, 1.609438, 1.609438, 0.0, 0.0]","fixed_00147: score=0.777, d=38.2, reason=OK | fixed_00145: score=0.712, d=72.5, reason=OK | fixed_00142: score=0.601, d=219.5, reason=OK"
moving,moving_00409,409,Structure 3,matched_review,False,,31.002499999999998,4406.844938,722.9181441720434,107.6691415087122,0.7836398061974211,1.0692714520979585,136.91733192851376,7.593302793652416e-07,0.0011111111080026415,0.0014285714488842145,"[1.083522, 1.374717, 0.733182, 0.183296, 0.916478, 1.237245]","[0.029582, 0.5, 0.0, 0.0, 0.0, 0.470418]","[4.343805, 0.0, 0.0, 0.0, 0.0, 1.098612]","fixed_00144: score=0.707, d=109.1, reason=OK | fixed_00148: score=0.701, d=74.8, reason=OK | fixed_00140: score=0.629, d=256.3, reason=ERR_NOT_MUTUAL"
moving,moving_00410,410,Structure 3,matched_review,False,,35378.871701000004,4517.160509999999,722.9181441720423,107.66914150871212,0.7836398061974211,1.0692714520979567,136.91733192837552,7.593302793652404e-07,0.0011111111080026397,0.0014285714488842145,"[0.136425, 0.886761, 1.113239, 1.298086, 1.439869, 0.27285]","[0.0, 0.003302, 0.005645, 0.007205, 0.483848, 0.5]","[0.0, 1.609438, 1.609438, -0.0, 1.609438, -0.0]","fixed_00147: score=0.653, d=109.2, reason=OK | fixed_00145: score=0.569, d=219.5, reason=OK | fixed_00137: score=0.551, d=624.1, reason=OK"
moving,moving_00411,411,Structure 3,matched_review,False,,35378.871701000004,4590.704225,722.9181441720423,107.66914150871212,0.7836398061974211,1.0692714520979567,-136.91733192866212,7.593302793652404e-07,0.0011111111080026397,0.0014285714488842145,"[0.868855, 1.131145, 1.34543, 1.510226, 0.157974, 0.473921]","[0.003763, 0.006234, 0.007841, 0.482161, 0.0, 0.5]","[1.609438, 1.609438, -0.0, 1.609438, 0.0, -0.0]","fixed_00150: score=0.674, d=185.3, reason=OK | fixed_00149: score=0.622, d=17.6, reason=OK | fixed_00147: score=0.614, d=182.7, reason=OK"
moving,moving_00412,412,Structure 3,no_counterpart,False,,35378.871701000004,4995.194657500001,3614.5906815410995,254.75657150871172,0.699871320983585,2.8056486188976164,90.0,3.7966513555266544e-06,0.0011111111080026397,0.004285714307803045,"[0.345825, 0.632183, 0.858975, 1.228688, 1.141025, 1.348485]","[0.011876, 0.013504, 0.104225, 0.354203, 0.0, 0.516192]","[-0.0, -1.609438, -0.0, 0.587787, -1.609438, -1.609438]","fixed_00149: score=0.439, d=421.6, reason=OK | fixed_00406: score=0.415, d=185.4, reason=ERR_AREA | fixed_00150: score=0.402, d=219.3, reason=ERR_AREA"
moving,moving_00413,413,Structure 3,matched_anchor,False,,31.0025,5142.282087333333,722.9181245124877,107.66914014260601,0.7836398047722022,1.0692714811764958,-136.91733192852985,7.59330258715468e-07,0.0011111111080026415,0.0014285714100346156,"[0.5, 1.0, 1.4, 0.6, 1.0, 1.732211]","[0.0, 0.0, 0.5, 0.0, 0.040587, 0.459413]","[1.098612, 0.0, 0.0, 0.0, 0.0, 4.343805]","fixed_00151: score=0.743, d=35.3, reason=OK | fixed_00405: score=0.711, d=38.3, reason=OK | fixed_00407: score=0.666, d=111.9, reason=OK"
moving,moving_00414,414,Structure 3,matched_review,False,,31.0025,5234.211731,2168.7543931970367,181.21285477650122,0.8299314675715117,1.8704323786878416,90.0,2.2779907967961967e-06,0.0011111111080026415,0.002857142820069267,"[0.5, 0.9, 1.8, 0.5, 1.1, 1.5]","[0.0, 0.0, 0.5, 0.0, 0.0, 0.5]","[-1.098612, -1.098612, -0.0, -1.098612, -1.098612, -1.098612]","fixed_00407: score=0.596, d=20.0, reason=ERR_NOT_MUTUAL | fixed_00405: score=0.498, d=53.6, reason=OK | fixed_00146: score=0.496, d=844.5, reason=ERR_DIST"
moving,moving_00415,415,Structure 3,matched_anchor,False,,31.0025,5326.141374666667,722.9181245124877,107.66914014260601,0.7836398047722022,1.0692714811764958,136.91733192851504,7.59330258715468e-07,0.0011111111080026415,0.0014285714100346156,"[0.347826, 1.130435, 1.652174, 0.434783, 0.869565, 1.391304]","[0.0, 0.0, 0.5, 0.0, 0.0, 0.5]","[0.0, 1.098612, 1.098612, 1.098612, 0.0, 0.0]","fixed_00408: score=0.761, d=148.7, reason=OK | fixed_00407: score=0.730, d=72.0, reason=OK | fixed_00415: score=0.619, d=479.8, reason=OK"
moving,moving_00416,416,Structure 3,matched_anchor,False,,31.0025,5399.6850896666665,722.9181245124877,107.66914014260601,0.7836398047722022,1.0692714811764958,136.9173319285133,7.59330258715468e-07,0.0011111111080026415,0.0014285714100346156,"[0.782609, 1.304348, 0.782609, 0.347826, 1.217391, 1.73913]","[0.0, 0.5, 0.0, 0.0, 0.0, 0.5]","[1.098612, 1.098612, 1.098612, 0.0, 0.0, 0.0]","fixed_00408: score=0.742, d=75.2, reason=OK | fixed_00407: score=0.717, d=145.5, reason=OK | fixed_00410: score=0.645, d=185.5, reason=OK"
moving,moving_00417,417,Structure 3,matched_review,False,,31.002500000000005,5565.158448500001,2168.754393197019,181.21285550871164,0.8299314608646466,1.8704324041207605,136.91733192851703,2.277990796796178e-06,0.0011111111080026415,0.00285714285891883,"[0.5, 0.916667, 0.75, 1.083333, 1.5, 1.916667]","[0.0, 0.5, 0.0, 0.0, 0.0, 0.5]","[0.0, -1.098612, -1.098612, -1.098612, 0.0, -1.098612]","fixed_00410: score=0.616, d=20.1, reason=OK | fixed_00408: score=0.532, d=90.3, reason=OK | fixed_00163: score=0.499, d=1178.8, reason=ERR_DIST"
moving,moving_00418,418,Structure 3,no_counterpart,False,,18420.18910969917,5959.05429841126,483632.23282077414,2988.28710034466,0.6805820045126186,1.0692714708165023,160.67392156621324,0.0005079919509814341,0.025555555568837186,0.03285714285814182,"[1.255575, 0.728893, 1.235517, 0.941974, 0.459306, 1.058026]","[0.014974, 0.415343, 0.214017, 0.066589, 0.12525, 0.163827]","[0.077625, 0.233553, 1.303351, 0.414887, 1.114431, 0.190015]","fixed_00166: score=0.400, d=4008.9, reason=ERR_DIST | fixed_00153: score=0.380, d=4758.0, reason=ERR_DIST | fixed_00033: score=0.330, d=1967.1, reason=ERR_DIST"
moving,moving_00419,419,Structure 3,matched_review,False,,31.002500000000005,5675.474020500002,2168.754393197019,181.21285550871164,0.8299314608646466,1.8704324041207605,136.91733192851737,2.277990796796178e-06,0.0011111111080026415,0.00285714285891883,"[0.294118, 0.352941, 0.882353, 1.117647, 1.411765, 1.705882]","[0.5, 0.0, 0.0, 0.0, 0.0, 0.5]","[-1.098612, 0.0, -1.098612, -1.098612, 0.0, -1.098612]","fixed_00413: score=0.555, d=20.2, reason=ERR_NOT_MUTUAL | fixed_00163: score=0.491, d=1068.5, reason=ERR_DIST | fixed_00161: score=0.471, d=958.2, reason=ERR_DIST"
moving,moving_00420,420,Structure 3,matched_anchor,False,,31.002499999999998,5767.403664333334,722.9181245125056,107.66914014260726,0.7836398047722034,1.0692714811764694,-136.91733192852934,7.59330258715487e-07,0.0011111111080026415,0.001428571410034651,"[1.363636, 0.227273, 0.909091, 0.5, 1.090909, 1.318182]","[0.5, 0.0, 0.0, 0.0, 0.0, 0.5]","[-0.0, 1.098612, -0.0, 1.098612, -0.0, 1.098612]","fixed_00415: score=0.767, d=38.6, reason=OK | fixed_00413: score=0.693, d=71.8, reason=OK | fixed_00416: score=0.663, d=112.1, reason=OK"
moving,moving_00421,421,Structure 3,no_counterpart,False,,11948.25695360793,6200.972972735895,447486.3261157615,2641.0905859708114,0.806163328540793,1.075498628998307,43.08266768281649,0.00047002543754212645,0.022222222216570494,0.032857142858141855,"[0.788731, 0.823018, 1.062102, 1.021079, 0.978921, 1.734725]","[0.168422, 0.00374, 0.020386, 0.041684, 0.277828, 0.487941]","[0.690721, -3.060809, -0.977067, 1.608791, -3.132268, 1.38103]","fixed_00153: score=0.424, d=1730.0, reason=ERR_DIST | fixed_00166: score=0.409, d=3446.9, reason=ERR_DIST | fixed_00139: score=0.355, d=4175.5, reason=ERR_DIST"
moving,moving_00422,422,Structure 3,no_counterpart,False,,10838.578261444818,6793.9513520881255,892803.8983360182,4986.722995301067,0.451165053879199,1.2469549314657284,-123.95021404487761,0.0009377728848102169,0.03666666667712241,0.06285714285736485,"[1.201081, 0.967721, 1.032279, 0.802799, 1.178256, 0.777785]","[0.177498, 0.01935, 0.011371, 0.01987, 0.151707, 0.620204]","[-1.4524, -1.667788, 0.918071, -3.75153, -3.822989, -0.690721]","fixed_00159: score=0.395, d=1193.3, reason=ERR_DIST | fixed_00153: score=0.342, d=2877.8, reason=ERR_DIST | fixed_00166: score=0.327, d=4246.1, reason=ERR_DIST"
moving,moving_00423,423,Structure 3,matched_anchor,False,,35378.871701000004,6208.665953999999,722.9181441720423,107.66914150871212,0.7836398061974211,1.0692714520979567,136.91733192837685,7.593302793652404e-07,0.0011111111080026397,0.0014285714488842145,"[1.0, 0.5, 1.201945, 0.733333, 1.0, 1.266667]","[0.0, 0.428384, 0.071616, 0.0, 0.0, 0.5]","[-0.0, 1.098612, 6.23637, -0.0, 0.0, 0.0]","fixed_00154: score=0.860, d=4.6, reason=OK | fixed_00156: score=0.697, d=52.2, reason=OK | fixed_00420: score=0.605, d=182.1, reason=OK"
moving,moving_00424,424,Structure 3,matched_anchor,False,,31.0025,6318.9815266666665,722.9181245124877,107.66914014260601,0.7836398047722022,1.0692714811764958,136.91733192851558,7.59330258715468e-07,0.0011111111080026415,0.0014285714100346156,"[0.46131, 1.315789, 0.921053, 0.789474, 1.078947, 1.315789]","[0.039228, 0.5, 0.0, 0.0, 0.0, 0.460772]","[1.098612, 0.0, 1.098612, 0.0, 1.098612, 0.0]","fixed_00155: score=0.818, d=71.6, reason=OK | fixed_00157: score=0.690, d=112.3, reason=OK | fixed_00164: score=0.589, d=517.0, reason=OK"
moving,moving_00425,425,Structure 3,matched_review,False,,35378.87170099999,6484.454885277779,2168.7544128565705,181.21285614260606,0.829931462581587,1.8704324041207636,90.0,2.2779908174459473e-06,0.0011111111080026397,0.00285714285891883,"[0.428571, 0.942857, 1.228571, 1.057143, 1.285714, 0.428571]","[0.0, 0.0, 0.5, 0.0, 0.0, 0.5]","[-1.098612, -1.098612, -1.098612, -1.098612, -1.098612, -1.098612]","fixed_00421: score=0.637, d=365.9, reason=OK | fixed_00160: score=0.586, d=16.9, reason=OK | fixed_00156: score=0.356, d=239.7, reason=OK"
moving,moving_00426,426,Structure 3,no_counterpart,False,,25502.524765654834,6949.639834880627,422907.1092469451,2889.0725968228294,0.636704530292815,1.1321038198466744,90.0,0.0004442082080784052,0.021111111108567907,0.032857142858141855,"[1.120423, 0.758848, 0.879577, 1.593599, 1.565148, 0.784157]","[0.073494, 0.142235, 0.081185, 0.125905, 0.499007, 0.078175]","[-3.152736, -3.806662, 1.114441, -0.296266, 0.576325, -1.839012]","fixed_00397: score=0.440, d=3630.8, reason=ERR_DIST | fixed_00152: score=0.299, d=1131.6, reason=ERR_DIST | fixed_00036: score=0.257, d=3388.9, reason=ERR_DIST;ERR_AREA"
moving,moving_00427,427,Structure 3,matched_review,False,,35378.871701,6760.243816333334,722.9181245125044,107.66914014260718,0.7836398047722032,1.0692714811764676,136.91733191054433,7.593302587154856e-07,0.0011111111080026397,0.001428571410034651,"[0.62069, 0.965517, 1.517241, 0.517241, 1.793103, 1.034483]","[0.0, 0.0, 0.5, 0.0, 0.0, 0.5]","[-0.0, 0.0, 0.0, 1.098612, 0.0, 0.0]","fixed_00160: score=0.580, d=292.2, reason=OK | fixed_00165: score=0.526, d=811.4, reason=ERR_DIST | fixed_00156: score=0.518, d=514.1, reason=OK"
moving,moving_00428,428,Structure 3,no_counterpart,False,,35378.871701000004,7091.190533666666,722.9181245124865,107.66914014260593,0.7836398047722022,1.069271481176494,-136.9173319465166,7.593302587154669e-07,0.0011111111080026397,0.0014285714100346156,"[0.338983, 0.881356, 1.355932, 1.220339, 1.118644, 0.610169]","[0.0, 0.0, 0.0, 0.5, 0.0, 0.5]","[0.0, 0.0, 0.0, 0.0, 1.098612, 0.0]","fixed_00154: score=0.571, d=880.6, reason=ERR_DIST | fixed_00165: score=0.540, d=480.5, reason=OK | fixed_00160: score=0.513, d=623.1, reason=OK"
moving,moving_00429,429,Structure 3,no_counterpart,False,,32575.846346106442,8053.012194327895,2532382.2304209773,6301.063318590579,0.8015145929662295,1.0474496035917886,113.76332988204688,0.0026599339385615286,0.053333333353679756,0.07000000002408673,"[0.949375, 0.851377, 1.012876, 0.987124, 1.404467, 1.400469]","[0.033083, 0.303687, 0.019214, 0.382979, 0.008325, 0.252712]","[-4.497813, -3.870916, -3.11795, -3.488546, -8.161375, -8.161375]","fixed_00401: score=0.256, d=3139.6, reason=ERR_DIST | fixed_00424: score=0.241, d=1697.6, reason=ERR_DIST;ERR_AREA | fixed_00411: score=0.234, d=2293.0, reason=ERR_DIST;ERR_AREA"
moving,moving_00430,430,Structure 3,no_counterpart,False,,20161.795211358953,7582.1020837978795,610865.8250413466,3986.3403141566246,0.48306653223416013,1.3811423171705222,-166.1737433617339,0.0006416340789378992,0.03444444446111713,0.03428571426817647,"[1.10324, 1.092339, 0.786149, 0.927558, 0.921176, 1.072442]","[0.014215, 0.049131, 0.045336, 0.081068, 0.409025, 0.401226]","[0.2086, -2.769045, -0.155927, -3.025765, 0.872011, -0.233553]","fixed_00465: score=0.485, d=5188.9, reason=ERR_DIST | fixed_00166: score=0.376, d=5243.7, reason=ERR_DIST | fixed_00033: score=0.260, d=3190.2, reason=ERR_DIST;ERR_AREA"
moving,moving_00431,431,Structure 3,no_counterpart,False,,22590.281532379857,7898.511189242289,752557.7795039563,3649.927907051131,0.7098737889741601,1.6477618752239478,90.0,0.0007904628118079592,0.023333333324573085,0.05285714287057374,"[1.575691, 0.972481, 0.14479, 1.027519, 0.713457, 1.619781]","[0.121216, 0.033772, 0.067629, 0.049787, 0.107866, 0.61973]","[-0.872591, -0.454183, -2.977645, -3.234365, -0.364528, -0.2086]","fixed_00035: score=0.253, d=3165.3, reason=ERR_DIST;ERR_AREA | fixed_00034: score=0.242, d=3720.3, reason=ERR_DIST;ERR_AREA | fixed_00037: score=0.238, d=3383.6, reason=ERR_DIST;ERR_AREA"
moving,moving_00432,432,Structure 3,matched_anchor,False,,31.0025,7238.277963333334,722.9181245124877,107.66914014260601,0.7836398047722022,1.0692714811764958,-136.917331928533,7.59330258715468e-07,0.0011111111080026415,0.0014285714100346156,"[0.651959, 0.731375, 0.45308, 1.268625, 1.449857, 1.507671]","[0.067306, 0.021147, 0.0, 0.0, 0.520514, 0.391033]","[3.555348, 0.0, 1.609438, 0.0, 0.0, 1.098612]","fixed_00426: score=0.723, d=75.9, reason=OK | fixed_00425: score=0.606, d=181.6, reason=OK | fixed_00164: score=0.509, d=402.3, reason=OK"
moving,moving_00433,433,Structure 3,matched_review,False,,35378.871701000004,7275.049820999999,722.9181441720423,107.66914150871212,0.7836398061974211,1.0692714520979567,-136.9173319286628,7.593302793652404e-07,0.0011111111080026397,0.0014285714488842145,"[0.592593, 0.962963, 1.407407, 1.111111, 1.037037, 0.37037]","[0.0, 0.0, 0.0, 0.5, 0.0, 0.5]","[0.0, 0.0, 0.0, 0.0, -0.0, -0.0]","fixed_00165: score=0.583, d=296.6, reason=OK | fixed_00154: score=0.579, d=1064.5, reason=ERR_DIST | fixed_00160: score=0.515, d=807.0, reason=ERR_DIST"
moving,moving_00434,434,Structure 3,no_counterpart,False,,31.0025,7422.1372507666665,3614.59066188155,254.7565701426056,0.6998713246830024,2.8056485934646695,90.0,3.7966513348768878e-06,0.0011111111080026415,0.004285714268953446,"[0.565059, 0.45498, 1.285714, 1.571429, 1.857143, 0.714286]","[0.150156, 0.054492, 0.0, 0.0, 0.5, 0.295351]","[1.94591, -1.609438, -1.609438, -1.609438, -1.609438, -1.609438]","fixed_00426: score=0.415, d=108.0, reason=ERR_AREA | fixed_00430: score=0.391, d=572.6, reason=OK | fixed_00161: score=0.347, d=788.5, reason=OK"
moving,moving_00435,435,Structure 3,matched_review,False,,70.321598,7532.452823333332,722.9181245124878,107.66914014260603,0.7836398047722021,1.0692714811764958,136.91733192850174,7.593302587154682e-07,0.0011111111080026415,0.0014285714100346156,"[1.419912, 1.139535, 0.860465, 0.449659, 1.139535, 0.468251]","[0.004194, 0.006921, 0.417439, 0.033345, 0.174755, 0.363346]","[0.0, 0.0, 0.0, 1.609438, -0.0, 3.555348]","fixed_00426: score=0.646, d=222.0, reason=OK | fixed_00427: score=0.581, d=190.7, reason=OK | fixed_00429: score=0.539, d=372.5, reason=OK"
moving,moving_00436,436,Structure 3,matched_anchor,False,,31.002499999999998,7753.083968000001,722.9181441720434,107.6691415087122,0.7836398061974211,1.0692714520979585,136.91733192851564,7.593302793652416e-07,0.0011111111080026415,0.0014285714488842145,"[0.294236, 0.588472, 1.103385, 1.324062, 0.896615, 1.287858]","[0.0, 0.0, 0.5, 0.028069, 0.043314, 0.428617]","[0.0, 0.0, 1.098612, 1.609438, -0.0, 3.555348]","fixed_00427: score=0.752, d=34.3, reason=OK | fixed_00428: score=0.730, d=39.3, reason=OK | fixed_00429: score=0.690, d=149.7, reason=OK"
moving,moving_00437,437,Structure 3,matched_anchor,False,,31.002499999999998,7826.627683000001,722.9181441720434,107.6691415087122,0.7836398061974211,1.0692714520979585,136.91733192851518,7.593302793652416e-07,0.0011111111080026415,0.0014285714488842145,"[0.294743, 0.810543, 0.294743, 1.621087, 1.189457, 1.56091]","[0.0, 0.5, 0.0, 0.021147, 0.037189, 0.441663]","[0.0, 1.098612, 0.0, 1.609438, -0.0, 3.555348]","fixed_00428: score=0.801, d=34.3, reason=OK | fixed_00429: score=0.680, d=76.1, reason=OK | fixed_00427: score=0.654, d=107.8, reason=OK"
moving,moving_00438,438,Structure 3,matched_anchor,False,,31.002499999999998,7900.171398,722.9181441720434,107.6691415087122,0.7836398061974211,1.0692714520979585,136.91733192851535,7.593302793652416e-07,0.0011111111080026415,0.0014285714488842145,"[0.538462, 1.384615, 1.692308, 0.307692, 0.615385, 1.547231]","[0.0, 0.0, 0.5, 0.0, 0.016954, 0.483046]","[1.098612, -0.0, -0.0, 0.0, 0.0, -0.0]","fixed_00429: score=0.898, d=2.9, reason=OK | fixed_00428: score=0.696, d=107.8, reason=OK | fixed_00433: score=0.615, d=517.6, reason=ERR_NOT_MUTUAL"
moving,moving_00439,439,Structure 3,no_counterpart,False,,25580.580384739806,8669.163125277233,1288963.0359883704,8145.637223167652,0.24411822221569174,1.0692714703884099,133.33404527118765,0.0013538858722787737,0.04888888889341037,0.06285714285736481,"[1.29383, 0.846729, 0.799985, 1.208067, 0.651504, 1.153271]","[0.049621, 0.342505, 0.09615, 0.058448, 0.011173, 0.442102]","[-1.921532, -1.410707, -1.114441, -2.953453, -4.921103, -4.267177]","fixed_00399: score=0.223, d=3100.3, reason=ERR_DIST;ERR_AREA | fixed_00039: score=0.201, d=2326.9, reason=ERR_DIST;ERR_AREA | fixed_00152: score=0.190, d=2746.9, reason=ERR_DIST;ERR_AREA"
moving,moving_00440,440,Structure 3,no_counterpart,False,,21669.635486187326,8460.662494035816,522669.8123108121,3442.900127567593,0.5541003594303795,1.0521182234432727,-136.9173324299306,0.0005489957857570335,0.026666666676839826,0.038571428575979554,"[1.060088, 0.542845, 1.299704, 1.520585, 0.939912, 0.809]","[0.140162, 0.093974, 0.216463, 0.328788, 0.025348, 0.195265]","[-0.089655, -2.869837, 1.027938, 0.155927, 0.364528, -2.613117]","fixed_00046: score=0.411, d=4105.8, reason=ERR_DIST | fixed_00045: score=0.409, d=3377.6, reason=ERR_DIST | fixed_00034: score=0.268, d=3986.7, reason=ERR_DIST;ERR_AREA"
moving,moving_00441,441,Structure 3,matched_anchor,False,,31.002500000000005,8028.872899500001,2168.754393197019,181.21285550871164,0.8299314608646466,1.8704324041207605,-43.08266807148228,2.277990796796178e-06,0.0011111111080026415,0.00285714285891883,"[0.846154, 1.153846, 1.538462, 0.538462, 0.846154, 1.153846]","[0.0, 0.0, 0.5, 0.0, 0.0, 0.5]","[-1.098612, -1.098612, 0.847298, -1.098612, -1.098612, -1.098612]","fixed_00430: score=0.868, d=34.2, reason=OK | fixed_00432: score=0.668, d=296.9, reason=OK | fixed_00429: score=0.520, d=126.1, reason=OK"
moving,moving_00442,442,Structure 3,matched_review,False,,31.002500000000005,8396.591474,5060.426930566152,328.3002855087149,0.5900033825229404,3.740864808241567,90.0,5.315311872957672e-06,0.0011111111080026415,0.0057142857178377315,"[1.1, 1.5, 0.7, 0.5, 0.9, 2.0]","[0.0, 0.0, 0.5, 0.0, 0.0, 0.5]","[-1.94591, -1.94591, -1.94591, -1.94591, -1.94591, -0.847298]","fixed_00432: score=0.620, d=70.8, reason=OK | fixed_00433: score=0.572, d=21.2, reason=ERR_AREA | fixed_00435: score=0.426, d=205.1, reason=ERR_AREA"
moving,moving_00443,443,Structure 3,no_counterpart,False,,867.4860683176271,11747.160391125577,6884349.408435675,24541.905683141707,0.1436336520164547,2.838463200155358,-101.70731275192927,0.007231102167925853,0.06333333332570346,0.2471428571216564,"[0.923421, 1.111176, 1.06795, 0.925516, 0.93205, 1.116542]","[0.092126, 0.009997, 0.068026, 0.041708, 0.070654, 0.717489]","[-1.878704, -9.161465, -9.161465, -9.161465, -9.161465, -9.161465]","fixed_00451: score=0.351, d=310.7, reason=ERR_AREA | fixed_00447: score=0.294, d=938.6, reason=ERR_DIST;ERR_AREA | fixed_00047: score=0.289, d=1479.3, reason=ERR_DIST;ERR_AREA"
moving,moving_00444,444,Structure 3,matched_anchor,False,,31.002499999999998,8525.292974999998,722.9181441720434,107.6691415087122,0.7836398061974211,1.0692714520979585,136.9173319285155,7.593302793652416e-07,0.0011111111080026415,0.0014285714488842145,"[2.064444, 0.4, 0.8, 0.7, 1.2, 1.6]","[0.005222, 0.0, 0.5, 0.0, 0.0, 0.494778]","[1.609438, 0.0, 0.0, 1.94591, -0.0, -0.0]","fixed_00435: score=0.791, d=76.4, reason=OK | fixed_00433: score=0.747, d=107.6, reason=OK | fixed_00436: score=0.683, d=223.5, reason=OK"
moving,moving_00445,445,Structure 3,matched_anchor,False,,31.002499999999998,8598.83669,722.9181441720434,107.6691415087122,0.7836398061974211,1.0692714520979585,136.9173319285138,7.593302793652416e-07,0.0011111111080026415,0.0014285714488842145,"[1.23312, 0.296296, 0.814815, 0.296296, 1.185185, 1.481481]","[0.006476, 0.5, 0.0, 0.0, 0.0, 0.493524]","[1.609438, 0.0, 1.94591, 0.0, -0.0, -0.0]","fixed_00435: score=0.813, d=3.1, reason=OK | fixed_00436: score=0.659, d=150.0, reason=OK | fixed_00437: score=0.636, d=297.1, reason=OK"
moving,moving_00446,446,Structure 3,matched_anchor,False,,31.002499999999998,8672.380405,722.9181441720434,107.6691415087122,0.7836398061974211,1.0692714520979585,136.91733192851467,7.593302793652416e-07,0.0011111111080026415,0.0014285714488842145,"[0.915067, 0.289316, 0.578631, 1.084933, 1.446578, 1.735893]","[0.508523, 0.0, 0.0, 0.0, 0.0, 0.491477]","[1.609438, 0.0, 0.0, 1.94591, -0.0, -0.0]","fixed_00436: score=0.723, d=76.4, reason=OK | fixed_00435: score=0.714, d=70.7, reason=OK | fixed_00437: score=0.603, d=223.6, reason=OK"
moving,moving_00447,447,Structure 3,no_counterpart,False,,20665.73230867224,9563.894772623795,1461017.5524069134,9124.90270097297,0.22050011129066124,1.48654814266644,27.860950829825924,0.00153460647677788,0.06333333335396224,0.058571428549561835,"[1.055819, 0.770167, 1.314092, 1.220627, 0.53389, 0.944181]","[0.157134, 0.018967, 0.007989, 0.027487, 0.060706, 0.727718]","[-0.872011, -1.027938, -0.663411, -3.641056, -3.897776, -1.117594]","fixed_00477: score=0.421, d=4979.7, reason=ERR_DIST | fixed_00465: score=0.308, d=4195.9, reason=ERR_DIST | fixed_00045: score=0.266, d=2517.1, reason=ERR_DIST"
moving,moving_00448,448,Structure 3,no_counterpart,False,,21577.868264300818,9076.87083740244,29639.643570473185,627.3712452546616,0.9463104190788169,1.0692714749840229,0.0,3.1132541096239856e-05,0.005555555568272023,0.007142857127872276,"[0.794921, 0.864878, 1.722229, 0.521098, 1.299431, 1.135122]","[0.372929, 0.207356, 0.144227, 0.089439, 0.010592, 0.175458]","[2.780182, 3.897776, 3.025765, 2.869837, 3.234365, 0.25672]","fixed_00036: score=0.344, d=3718.2, reason=ERR_DIST | fixed_00034: score=0.335, d=4583.5, reason=ERR_DIST | fixed_00035: score=0.306, d=3749.5, reason=ERR_DIST"
moving,moving_00449,449,Structure 3,no_counterpart,False,,22483.526088301525,9364.96341308967,477848.88774957927,3353.9288316538614,0.5338174393361166,1.6883233738767143,-12.410198600837354,0.000501917308832833,0.03333333332485566,0.02714285714030416,"[1.219814, 1.340892, 0.696882, 0.892115, 0.921849, 1.078151]","[0.446707, 0.066365, 0.08435, 0.122361, 0.005838, 0.274379]","[-0.418408, 1.117594, -2.780182, 0.089655, -2.523462, 0.454183]","fixed_00046: score=0.448, d=3135.2, reason=ERR_DIST | fixed_00045: score=0.441, d=2580.1, reason=ERR_DIST | fixed_00481: score=0.369, d=4874.7, reason=ERR_DIST"
moving,moving_00450,450,Structure 3,no_counterpart,False,,32241.45443081219,11208.94121362738,13014695.200685954,14117.261080404658,0.8206216538587794,1.1503159244259678,-70.87392734746305,0.013670222863072118,0.11111111111111115,0.17571428568753497,"[2.17514, 0.287677, 0.11363, 1.794932, 1.57783, 0.42217]","[0.134609, 0.285519, 0.177489, 0.043813, 0.048415, 0.310155]","[-7.400398, -4.82156, -1.604341, -5.507834, -6.134732, -4.437002]","fixed_00461: score=0.276, d=958.6, reason=ERR_DIST | fixed_00175: score=0.223, d=1238.0, reason=ERR_DIST;ERR_AREA | fixed_00179: score=0.215, d=1121.5, reason=ERR_DIST;ERR_AREA"
moving,moving_00451,451,Structure 3,matched_anchor,False,,31.002499999999998,9113.642694999999,722.9181441720434,107.6691415087122,0.7836398061974211,1.0692714520979585,136.9173319285132,7.593302793652416e-07,0.0011111111080026415,0.0014285714488842145,"[0.555556, 0.833333, 1.166667, 1.333333, 1.555556, 0.632601]","[0.0, 0.0, 0.5, 0.0, 0.009471, 0.490529]","[0.0, 1.098612, 1.098612, 0.0, 0.0, 1.609438]","fixed_00439: score=0.739, d=76.6, reason=OK | fixed_00436: score=0.612, d=364.8, reason=ERR_NOT_MUTUAL | fixed_00437: score=0.608, d=217.7, reason=OK"
moving,moving_00452,452,Structure 3,matched_review,False,,31.002499999999998,9297.501982,722.9181441720434,107.6691415087122,0.7836398061974211,1.0692714520979585,136.91733192851356,7.593302793652416e-07,0.0011111111080026415,0.0014285714488842145,"[0.308857, 0.679486, 1.729602, 0.617715, 2.100231, 1.320514]","[0.0, 0.0, 0.5, 0.0, 0.005043, 0.494957]","[1.098612, 1.098612, 0.0, 0.0, 0.0, 1.609438]","fixed_00439: score=0.670, d=107.3, reason=OK | fixed_00441: score=0.655, d=150.3, reason=OK | fixed_00442: score=0.579, d=260.6, reason=OK"
moving,moving_00453,453,Structure 3,no_counterpart,False,,31.002500000000005,9389.431625722222,2168.7544128565746,181.21285614260614,0.8299314625815879,1.8704324041207605,-90.0,2.2779908174459515e-06,0.0011111111080026415,0.00285714285891883,"[0.315789, 1.210526, 1.631579, 0.263158, 0.789474, 1.388177]","[0.0, 0.0, 0.5, 0.0, 0.004087, 0.495913]","[-0.0, -1.098612, -1.098612, -1.098612, -1.098612, 0.510826]","fixed_00441: score=0.528, d=58.3, reason=OK | fixed_00446: score=0.478, d=518.1, reason=OK | fixed_00442: score=0.430, d=168.7, reason=OK"
moving,moving_00454,454,Structure 3,no_counterpart,False,,28819.107023459994,10245.679670287906,2578648.9907889753,7306.342101240708,0.6070187236557235,1.2160342204835697,25.061171392100277,0.002708531075538624,0.06444444443370605,0.07285714288300559,"[0.865247, 5.934729, 0.693979, 5.805138, 1.134753, 0.522962]","[0.107496, 0.012205, 0.042378, 0.258686, 0.002052, 0.577183]","[-3.713572, -5.614531, -2.371338, -4.960604, -5.47143, -1.719576]","fixed_00213: score=0.223, d=5817.1, reason=ERR_DIST;ERR_AREA | fixed_00476: score=0.199, d=5357.6, reason=ERR_DIST;ERR_AREA | fixed_00175: score=0.184, d=2446.5, reason=ERR_DIST;ERR_AREA"
moving,moving_00455,455,Structure 3,matched_review,False,,31.002500000000005,9499.747198500001,2168.754393197019,181.21285550871164,0.8299314608646466,1.8704324041207605,-43.0826680714837,2.277990796796178e-06,0.0011111111080026415,0.00285714285891883,"[0.894737, 1.315789, 1.526316, 0.315789, 1.105263, 0.578947]","[0.0, 0.0, 0.5, 0.0, 0.0, 0.5]","[-1.098612, -1.098612, -1.098612, 0.0, -1.098612, -1.098612]","fixed_00442: score=0.574, d=58.4, reason=OK | fixed_00441: score=0.557, d=52.0, reason=OK | fixed_00446: score=0.519, d=407.8, reason=OK"
moving,moving_00456,456,Structure 3,matched_review,False,,31.002499999999998,9812.307987,722.9181441720434,107.6691415087122,0.7836398061974211,1.0692714520979585,136.91733192851683,7.593302793652416e-07,0.0011111111080026415,0.0014285714488842145,"[0.4, 0.6, 1.2, 0.85, 1.15, 1.4]","[0.0, 0.0, 0.5, 0.0, 0.0, 0.5]","[0.0, -0.0, -0.0, 1.098612, 1.098612, 0.0]","fixed_00453: score=0.609, d=628.7, reason=ERR_NOT_MUTUAL | fixed_00456: score=0.603, d=849.4, reason=ERR_DIST | fixed_00454: score=0.593, d=702.2, reason=ERR_NOT_MUTUAL"
moving,moving_00457,457,Structure 3,matched_anchor,False,,31.0025,10032.939131666664,722.9181245124877,107.66914014260601,0.7836398047722022,1.0692714811764958,136.91733192851677,7.59330258715468e-07,0.0011111111080026415,0.0014285714100346156,"[1.368421, 0.631579, 0.631579, 0.210526, 1.526316, 1.842105]","[0.0, 0.5, 0.0, 0.0, 0.0, 0.5]","[0.0, 0.0, 0.0, 0.0, 1.098612, 1.098612]","fixed_00448: score=0.733, d=113.8, reason=OK | fixed_00449: score=0.687, d=224.1, reason=OK | fixed_00450: score=0.645, d=334.5, reason=OK"
moving,moving_00458,458,Structure 3,matched_anchor,False,,31.0025,10253.570276666667,722.9181245124877,107.66914014260601,0.7836398047722022,1.0692714811764958,136.91733192851663,7.59330258715468e-07,0.0011111111080026415,0.0014285714100346156,"[0.7, 1.4, 1.7, 0.6, 1.2, 0.8]","[0.0, 0.0, 0.5, 0.0, 0.0, 0.5]","[0.0, 0.0, 0.0, 0.0, 0.0, 0.0]","fixed_00449: score=0.845, d=3.7, reason=OK | fixed_00453: score=0.734, d=187.4, reason=OK | fixed_00450: score=0.712, d=113.8, reason=OK"
moving,moving_00459,459,Structure 3,matched_anchor,False,,31.002499999999998,10510.973279,722.9181441720434,107.6691415087122,0.7836398061974211,1.0692714520979585,136.91733192851524,7.593302793652416e-07,0.0011111111080026415,0.0014285714488842145,"[0.608696, 0.869565, 1.304348, 0.608696, 1.130435, 1.304348]","[0.0, 0.0, 0.5, 0.0, 0.0, 0.5]","[-0.0, -0.0, 0.0, -0.0, -0.0, 0.0]","fixed_00454: score=0.940, d=3.8, reason=OK | fixed_00453: score=0.865, d=70.0, reason=OK | fixed_00456: score=0.780, d=150.7, reason=OK"
moving,moving_00460,460,Structure 3,matched_anchor,False,,31.002500000000005,10768.376281333334,722.9181245125235,107.66914014260851,0.7836398047722045,1.069271481176443,-136.9173319285305,7.593302587155057e-07,0.0011111111080026415,0.0014285714100346863,"[0.315789, 0.842105, 1.157895, 0.736842, 1.473684, 2.105263]","[0.0, 0.0, 0.5, 0.0, 0.0, 0.5]","[-0.0, 0.0, -0.0, 0.0, -0.0, -0.0]","fixed_00457: score=0.904, d=33.1, reason=OK | fixed_00456: score=0.818, d=106.7, reason=OK | fixed_00460: score=0.751, d=77.3, reason=OK"
moving,moving_00461,461,Structure 3,matched_anchor,False,,31.0025,10878.691853666667,722.9181245124877,107.66914014260601,0.7836398047722022,1.0692714811764958,136.91733192851297,7.59330258715468e-07,0.0011111111080026415,0.0014285714100346156,"[0.555556, 0.888889, 2.222222, 0.333333, 1.111111, 1.888889]","[0.0, 0.0, 0.5, 0.0, 0.0, 0.5]","[0.0, 0.0, 0.0, 0.0, 0.0, 0.0]","fixed_00460: score=0.813, d=33.1, reason=OK | fixed_00457: score=0.768, d=143.4, reason=OK | fixed_00456: score=0.726, d=217.0, reason=OK"
moving,moving_00462,462,Structure 3,matched_anchor,False,,31.002499999999998,11062.551141,722.9181441720434,107.6691415087122,0.7836398061974211,1.0692714520979585,136.91733192851333,7.593302793652416e-07,0.0011111111080026415,0.0014285714488842145,"[0.26087, 1.304348, 1.826087, 0.434783, 1.304348, 0.695652]","[0.0, 0.0, 0.5, 0.0, 0.0, 0.5]","[-0.0, -0.0, 0.0, -0.0, 0.0, -0.0]","fixed_00463: score=0.839, d=4.0, reason=OK | fixed_00457: score=0.675, d=327.3, reason=ERR_NOT_MUTUAL | fixed_00464: score=0.664, d=150.9, reason=OK"
moving,moving_00463,463,Structure 3,matched_anchor,False,,31.0025,11172.866713666668,722.9181245124877,107.66914014260601,0.7836398047722022,1.0692714811764958,136.9173319285138,7.59330258715468e-07,0.0011111111080026415,0.0014285714100346156,"[1.043478, 1.565217, 0.695652, 0.26087, 0.956522, 1.565217]","[0.0, 0.5, 0.0, 0.0, 0.0, 0.5]","[0.0, 0.0, 0.0, 0.0, 0.0, 0.0]","fixed_00464: score=0.775, d=40.6, reason=OK | fixed_00463: score=0.713, d=106.5, reason=OK | fixed_00466: score=0.683, d=114.2, reason=OK"
moving,moving_00464,464,Structure 3,no_counterpart,False,,32186.45469776008,11440.350276965424,104823.12984734782,1253.0624138346795,0.838921993658809,1.4702482734248554,0.0,0.00011010288939709216,0.012222222244546686,0.011428571435675392,"[1.556434, 0.258785, 1.618751, 0.224322, 1.454494, 0.545506]","[0.59763, 0.022271, 0.031911, 0.005769, 0.027133, 0.315286]","[-2.578838, 3.217219, -0.686274, 4.82156, -1.313172, 0.384558]","fixed_00179: score=0.307, d=894.7, reason=ERR_DIST | fixed_00482: score=0.264, d=3185.5, reason=ERR_DIST | fixed_00212: score=0.238, d=5521.4, reason=ERR_DIST"
moving,moving_00465,465,Structure 3,matched_anchor,False,,31.0025,11614.129003333332,722.9181245124877,107.66914014260601,0.7836398047722022,1.0692714811764958,-136.91733192853067,7.59330258715468e-07,0.0011111111080026415,0.0014285714100346156,"[0.375, 1.0625, 1.1875, 0.75, 0.9375, 1.25]","[0.0, 0.0, 0.5, 0.0, 0.0, 0.5]","[0.0, 0.0, 0.0, 0.0, 0.0, 0.0]","fixed_00471: score=0.864, d=77.6, reason=OK | fixed_00470: score=0.781, d=69.6, reason=OK | fixed_00472: score=0.693, d=224.7, reason=OK"
moving,moving_00466,466,Structure 3,matched_anchor,False,,31.002499999999998,11834.760148,722.9181441720434,107.6691415087122,0.7836398061974211,1.0692714520979585,136.91733192851652,7.593302793652416e-07,0.0011111111080026415,0.0014285714488842145,"[0.709677, 0.83871, 0.387097, 1.16129, 1.354839, 1.475634]","[0.0, 0.5, 0.0, 0.0, 0.233393, 0.266607]","[-0.0, -0.0, -0.0, -0.0, 0.0, 9.161465]","fixed_00472: score=0.840, d=4.3, reason=OK | fixed_00473: score=0.730, d=77.7, reason=OK | fixed_00471: score=0.659, d=143.1, reason=OK"
moving,moving_00467,467,Structure 3,no_counterpart,False,,3646.7458831131707,12586.269265530227,528453.157598899,2861.9201117329117,0.8107768653109425,1.540356091406247,-96.10328425668864,0.0005550704281334511,0.018888888892562537,0.0399999999860141,"[0.634333, 0.850954, 1.380542, 0.632136, 1.634801, 1.149046]","[0.081823, 0.222861, 0.07551, 0.161129, 0.327474, 0.131202]","[-0.963202, -1.101352, -0.172791, -0.297304, 2.567052, -0.222802]","fixed_00171: score=0.421, d=1776.7, reason=ERR_DIST | fixed_00196: score=0.354, d=2258.3, reason=ERR_DIST | fixed_00178: score=0.247, d=1136.4, reason=ERR_DIST"
moving,moving_00468,468,Structure 3,matched_review,False,,31.0025,12937.915872333333,722.9181245124877,107.66914014260601,0.7836398047722022,1.0692714811764958,-136.91733192853192,7.59330258715468e-07,0.0011111111080026415,0.0014285714100346156,"[0.667564, 1.001346, 1.140422, 0.945716, 1.056976, 0.998654]","[0.0, 0.0, 0.5, 0.0, 0.141181, 0.358819]","[2.197225, 0.0, 1.098612, 0.0, 0.0, 7.282761]","fixed_00187: score=0.645, d=151.7, reason=OK | fixed_00188: score=0.569, d=225.2, reason=OK | fixed_00186: score=0.564, d=59.7, reason=OK"
moving,moving_00469,469,Structure 3,no_counterpart,False,,2802.184294481066,13325.798020914819,392544.5479510761,2639.4105056783746,0.7080842458115252,1.1227350455749154,-173.89671574328563,0.00041231633714266933,0.02333333335283192,0.028571428550338774,"[1.010313, 0.7291, 1.134898, 1.181507, 0.531166, 0.989687]","[0.252497, 0.298437, 0.054461, 0.276612, 0.060012, 0.05798]","[-0.804048, 0.124513, 0.985652, 2.864356, 0.297304, -0.665898]","fixed_00196: score=0.408, d=1148.5, reason=ERR_DIST | fixed_00171: score=0.400, d=2842.1, reason=ERR_DIST | fixed_00178: score=0.267, d=460.0, reason=ERR_AREA"
moving,moving_00470,470,Structure 3,no_counterpart,False,,31.002500000000005,13379.178162,6506.263218910167,401.8440015087114,0.5063216682541383,4.676081023018372,90.0,6.833972431688079e-06,0.0011111111080026415,0.007142857166721875,"[0.428571, 0.607143, 1.142857, 1.428571, 1.642857, 0.857143]","[0.0, 0.0, 0.0, 0.0, 0.5, 0.5]","[-2.197225, -1.098612, -2.197225, -2.197225, -2.197225, -2.197225]","fixed_00186: score=0.300, d=381.6, reason=OK | fixed_00188: score=0.284, d=216.0, reason=ERR_AREA | fixed_00047: score=0.267, d=1513.3, reason=ERR_DIST;ERR_AREA"
moving,moving_00471,471,Structure 3,matched_review,False,,31.002499999999998,13599.809306999998,722.9181441720434,107.6691415087122,0.7836398061974211,1.0692714520979585,136.9173319285137,7.593302793652416e-07,0.0011111111080026415,0.0014285714488842145,"[0.208333, 0.833333, 1.166667, 1.416667, 0.5, 1.5]","[0.0, 0.0, 0.0, 0.5, 0.0, 0.5]","[1.098612, 0.0, -0.0, 0.0, 2.197225, -0.0]","fixed_00193: score=0.681, d=115.1, reason=OK | fixed_00048: score=0.635, d=262.3, reason=OK | fixed_00188: score=0.605, d=436.7, reason=OK"
moving,moving_00472,472,Structure 3,matched_review,False,,31.002499999999998,13691.7389505,2168.7543931970904,181.21285550871528,0.8299314608646408,1.8704324041208067,136.91733192851703,2.277990796796253e-06,0.0011111111080026415,0.002857142858918901,"[0.75, 1.15, 1.45, 0.25, 0.85, 2.05]","[0.0, 0.0, 0.5, 0.0, 0.0, 0.5]","[-1.098612, -1.098612, -1.098612, -1.098612, 1.098612, -1.098612]","fixed_00193: score=0.661, d=23.2, reason=OK | fixed_00186: score=0.583, d=694.1, reason=OK | fixed_00048: score=0.419, d=170.3, reason=OK"
moving,moving_00473,473,Structure 3,no_counterpart,False,,21477.39371686183,14182.252524176198,727978.5624946976,3232.656325264427,0.8754057259190081,1.0281456441646193,0.0,0.0007646455821967217,0.027777777756583643,0.037142857127095336,"[1.893102, 0.90699, 1.09301, 0.233427, 2.414255, 0.302948]","[0.074123, 0.204084, 0.00696, 0.095484, 0.084869, 0.53448]","[-0.940921, -0.961488, -2.907398, 0.107246, -1.35021, -4.968821]","fixed_00481: score=0.423, d=1232.6, reason=ERR_DIST | fixed_00465: score=0.397, d=5002.9, reason=ERR_DIST | fixed_00508: score=0.377, d=4301.6, reason=ERR_DIST"
moving,moving_00474,474,Structure 3,no_counterpart,False,,35164.591593419864,14309.758018454744,263865.11959406536,2391.6268754956714,0.5797022664868274,1.6366283490772766,90.0,0.0002771555487870308,0.013333333324290502,0.02999999999922299,"[0.722189, 1.272353, 1.369996, 1.431, 0.727647, 0.656471]","[0.09495, 0.006736, 0.65515, 0.102821, 0.063068, 0.077275]","[-5.899897, -5.899897, -5.899897, -5.899897, -4.801285, -5.899897]","fixed_00200: score=0.370, d=213.8, reason=ERR_AREA | fixed_00201: score=0.331, d=218.6, reason=ERR_AREA | fixed_00202: score=0.315, d=242.0, reason=ERR_AREA"
moving,moving_00475,475,Structure 3,matched_review,False,,35378.87170099999,14206.544955499998,2168.754393197015,181.21285550871158,0.8299314608646456,1.8704324041207636,136.91733192851694,2.277990796796174e-06,0.0011111111080026397,0.00285714285891883,"[0.334045, 0.734899, 1.670224, 0.864247, 1.402988, 1.135753]","[0.0, 0.0, 0.178559, 0.321441, 0.0, 0.5]","[-1.098612, -1.098612, -1.098612, 4.801285, -1.098612, -1.098612]","fixed_00200: score=0.595, d=37.6, reason=OK | fixed_00489: score=0.533, d=593.6, reason=OK | fixed_00201: score=0.523, d=97.1, reason=OK"
moving,moving_00476,476,Structure 3,matched_anchor,False,,35378.871701000004,14298.474599,722.9181441720423,107.66914150871212,0.7836398061974211,1.0692714520979567,136.9173319283768,7.593302793652404e-07,0.0011111111080026397,0.0014285714488842145,"[0.378899, 1.262996, 1.389296, 0.737004, 0.315749, 1.389296]","[0.0, 0.0, 0.241627, 0.258373, 0.0, 0.5]","[-0.0, 0.0, -0.0, 5.899897, 1.098612, 0.0]","fixed_00201: score=0.834, d=6.6, reason=OK | fixed_00200: score=0.670, d=111.0, reason=OK | fixed_00202: score=0.656, d=115.5, reason=OK"
moving,moving_00477,477,Structure 3,matched_anchor,False,,35378.871701000004,14408.790171333334,722.9181245124865,107.66914014260593,0.7836398047722022,1.069271481176494,136.9173319105376,7.593302587154669e-07,0.0011111111080026397,0.0014285714100346156,"[1.043256, 1.192292, 1.564884, 0.956744, 0.819701, 0.44711]","[0.0, 0.0, 0.318902, 0.181098, 0.0, 0.5]","[0.0, 0.0, 1.098612, 5.899897, 1.098612, 0.0]","fixed_00202: score=0.807, d=6.6, reason=OK | fixed_00484: score=0.783, d=42.1, reason=OK | fixed_00201: score=0.665, d=105.4, reason=OK"
moving,moving_00478,478,Structure 3,no_counterpart,False,,2743.8444525953696,14865.593304491862,444594.6534553404,3276.9707162338773,0.5202702332202083,1.7611530100807902,0.0,0.00046698811633671516,0.03111111110885041,0.024285714281385328,"[1.21994, 0.799592, 0.611552, 1.200408, 0.787244, 1.25254]","[0.031294, 0.065565, 0.191011, 0.338435, 0.054, 0.319695]","[2.16379, -0.872546, -2.131163, 1.623004, -0.124513, 0.172791]","fixed_00205: score=0.431, d=1148.4, reason=ERR_DIST | fixed_00208: score=0.428, d=3071.0, reason=ERR_DIST | fixed_00196: score=0.427, d=879.7, reason=ERR_DIST"
moving,moving_00479,479,Structure 3,matched_anchor,False,,35378.871701000004,14666.193174,722.9181441720423,107.66914150871212,0.7836398061974211,1.0692714520979567,136.91733192837415,7.593302793652404e-07,0.0011111111080026397,0.0014285714488842145,"[0.153846, 0.538462, 1.230769, 0.923077, 1.076923, 1.538462]","[0.0, 0.0, 0.0, 0.5, 0.0, 0.5]","[-0.0, 1.098612, -0.0, -0.0, -0.0, 0.0]","fixed_00487: score=0.794, d=42.2, reason=OK | fixed_00486: score=0.748, d=105.3, reason=OK | fixed_00202: score=0.668, d=252.4, reason=OK"
moving,moving_00480,480,Structure 3,no_counterpart,False,,34887.32272610148,15666.790205394935,1533309.366614341,6690.984028410833,0.4303875167714292,1.6592545467281483,-90.0,0.0016105395044940614,0.0344444444328583,0.07857142856199371,"[0.780619, 0.829064, 0.903952, 1.096048, 1.343531, 1.254162]","[0.018924, 0.020436, 0.360785, 0.37431, 0.007254, 0.218291]","[-7.659643, -7.659643, -6.561031, -4.163135, -7.659643, -7.659643]","fixed_00203: score=0.414, d=789.3, reason=OK | fixed_00503: score=0.364, d=4182.4, reason=ERR_DIST | fixed_00212: score=0.273, d=5380.0, reason=ERR_DIST;ERR_AREA"
moving,moving_00481,481,Structure 3,matched_anchor,False,,702.2328215238331,16028.540158566962,2253335.8295767517,10959.233397927646,0.23576288323286626,1.6306333723936668,90.0,0.002366832453674071,0.04333333332513827,0.09714285712554131,"[1.250623, 0.759768, 0.990509, 0.947087, 1.009491, 1.188331]","[0.021563, 0.042579, 0.033211, 0.075599, 0.045747, 0.781301]","[-8.044626, -2.683334, -8.044626, -8.044626, -8.044626, -8.044626]","fixed_00199: score=0.741, d=42.3, reason=OK | fixed_00219: score=0.298, d=2362.3, reason=ERR_DIST | fixed_00051: score=0.298, d=530.5, reason=ERR_AREA"
moving,moving_00482,482,Structure 3,matched_anchor,False,,31.0025,15254.542893333333,722.9181245124877,107.66914014260601,0.7836398047722022,1.0692714811764958,-136.91733192852848,7.59330258715468e-07,0.0011111111080026415,0.0014285714100346156,"[0.461538, 1.076923, 2.153846, 0.615385, 0.923077, 1.230769]","[0.0, 0.0, 0.5, 0.0, 0.0, 0.5]","[0.0, 0.0, 0.0, 0.0, 0.0, 0.0]","fixed_00207: score=0.772, d=42.2, reason=OK | fixed_00206: score=0.696, d=68.2, reason=OK | fixed_00210: score=0.626, d=262.9, reason=ERR_NOT_MUTUAL"
moving,moving_00483,483,Structure 3,matched_review,False,,31.002499999999998,15364.858466000001,722.9181441720434,107.6691415087122,0.7836398061974211,1.0692714520979585,136.91733192851348,7.593302793652416e-07,0.0011111111080026415,0.0014285714488842145,"[0.5, 1.375, 0.875, 0.375, 1.125, 1.375]","[0.0, 0.5, 0.0, 0.0, 0.0, 0.5]","[0.0, 0.0, -0.0, -0.0, -0.0, -0.0]","fixed_00207: score=0.705, d=68.1, reason=OK | fixed_00210: score=0.638, d=152.6, reason=OK | fixed_00206: score=0.626, d=178.5, reason=OK"
moving,moving_00484,484,Structure 3,no_counterpart,False,,4381.46213921478,16603.39445803355,3869780.781728291,15118.187792901459,0.2127633188188267,1.3365893379648923,-140.9178276805916,0.004064694939200035,0.09444444443455385,0.09714285712554138,"[1.335207, 0.918829, 1.053152, 0.641257, 1.633828, 0.946848]","[0.003828, 0.073932, 0.21651, 0.253618, 0.017322, 0.43479]","[-4.693592, -5.289576, -7.4868, -4.474539, -4.294953, -3.036336]","fixed_00226: score=0.252, d=2434.2, reason=ERR_DIST;ERR_AREA | fixed_00237: score=0.250, d=4569.9, reason=ERR_DIST;ERR_AREA | fixed_00219: score=0.235, d=2444.7, reason=ERR_DIST;ERR_AREA"
moving,moving_00485,485,Structure 3,matched_anchor,False,,31.002499999999998,15511.945895999997,722.9181441720434,107.6691415087122,0.7836398061974211,1.0692714520979585,136.9173319285126,7.593302793652416e-07,0.0011111111080026415,0.0014285714488842145,"[0.777778, 0.444444, 0.777778, 1.222222, 1.444444, 1.666667]","[0.5, 0.0, 0.0, 0.0, 0.0, 0.5]","[0.0, 0.0, -0.0, -0.0, -0.0, -0.0]","fixed_00210: score=0.799, d=5.6, reason=OK | fixed_00052: score=0.603, d=189.4, reason=OK | fixed_00207: score=0.563, d=215.2, reason=ERR_NOT_MUTUAL"
moving,moving_00486,486,Structure 3,matched_anchor,False,,31.002499999999998,15769.348898000004,722.9181441720434,107.6691415087122,0.7836398061974211,1.0692714520979585,136.91733192851763,7.593302793652416e-07,0.0011111111080026415,0.0014285714488842145,"[1.356794, 0.75, 1.083333, 0.583333, 0.916667, 1.166667]","[0.059616, 0.0, 0.5, 0.0, 0.0, 0.440384]","[5.361292, -0.0, -0.0, 0.0, 0.0, -0.0]","fixed_00052: score=0.829, d=68.0, reason=OK | fixed_00210: score=0.709, d=251.9, reason=OK | fixed_00222: score=0.579, d=1587.4, reason=ERR_DIST"
moving,moving_00487,487,Structure 3,matched_review,False,,35378.871701000004,15879.664470666665,722.9181245124865,107.66914014260593,0.7836398047722022,1.069271481176494,-136.91733194651118,7.593302587154669e-07,0.0011111111080026397,0.0014285714100346156,"[0.126714, 1.077066, 1.710635, 0.285106, 0.922934, 1.583921]","[0.0, 0.0, 0.0, 0.315044, 0.184956, 0.5]","[0.0, 0.0, 0.0, 1.098612, 7.659643, 0.0]","fixed_00498: score=0.623, d=13.4, reason=OK | fixed_00500: score=0.507, d=483.9, reason=OK | fixed_00495: score=0.491, d=362.2, reason=OK"
moving,moving_00488,488,Structure 3,no_counterpart,False,,35378.871701000004,15953.20818566667,722.9181245124865,107.66914014260593,0.7836398047722022,1.069271481176494,-136.91733194650982,7.593302587154669e-07,0.0011111111080026397,0.0014285714100346156,"[0.984534, 1.64089, 1.772161, 0.164089, 1.015466, 0.131271]","[0.0, 0.0, 0.0, 0.333969, 0.166031, 0.5]","[0.0, 0.0, 0.0, 1.098612, 7.659643, 0.0]","fixed_00498: score=0.504, d=86.4, reason=OK | fixed_00500: score=0.494, d=410.3, reason=OK | fixed_00510: score=0.493, d=1256.4, reason=ERR_DIST"
moving,moving_00489,489,Structure 3,matched_review,False,,35378.87170099999,16045.137829277775,2168.7544128565705,181.21285614260606,0.829931462581587,1.8704324041207636,90.0,2.2779908174459473e-06,0.0011111111080026397,0.00285714285891883,"[0.851244, 1.53224, 1.668439, 1.148756, 0.306448, 0.170249]","[0.0, 0.0, 0.354405, 0.145595, 0.0, 0.5]","[-1.098612, -1.098612, -1.098612, 6.561031, -1.098612, -1.098612]","fixed_00498: score=0.599, d=178.3, reason=OK | fixed_00494: score=0.482, d=619.7, reason=OK | fixed_00515: score=0.470, d=1550.7, reason=ERR_DIST"
moving,moving_00490,490,Structure 3,matched_review,False,,35378.871701000004,16504.786047666665,722.9181245124865,107.66914014260593,0.7836398047722022,1.069271481176494,136.91733192836887,7.593302587154669e-07,0.0011111111080026397,0.0014285714100346156,"[0.727273, 0.872727, 1.163636, 0.909091, 1.090909, 1.236364]","[0.0, 0.0, 0.5, 0.0, 0.0, 0.5]","[0.0, 0.0, 0.0, 1.098612, 0.0, 0.0]","fixed_00500: score=0.689, d=141.3, reason=OK | fixed_00504: score=0.682, d=153.1, reason=OK | fixed_00511: score=0.583, d=778.4, reason=OK"
moving,moving_00491,491,Structure 3,matched_anchor,False,,31.002499999999998,16615.10162,722.9181441720434,107.6691415087122,0.7836398061974211,1.0692714520979585,136.91733192850862,7.593302793652416e-07,0.0011111111080026415,0.0014285714488842145,"[1.096774, 1.225806, 1.419355, 0.645161, 0.903226, 0.635637]","[0.0, 0.0, 0.5, 0.0, 0.103341, 0.396659]","[0.0, 0.0, -0.0, -0.0, -0.0, 5.361292]","fixed_00217: score=0.814, d=30.9, reason=OK | fixed_00218: score=0.709, d=79.5, reason=OK | fixed_00214: score=0.659, d=251.6, reason=OK"
moving,moving_00492,492,Structure 3,no_counterpart,False,,1131.89432217135,17556.41032250477,165548.25338759183,1620.5826068047909,0.792122081862823,1.3608909608005397,180.0,0.00017388663226484442,0.015555555568554608,0.015714285743478506,"[1.007091, 0.887159, 0.976616, 0.992909, 1.008836, 1.275761]","[0.001112, 0.06147, 0.015488, 0.009986, 0.068076, 0.843869]","[-5.433722, -1.72015, -5.433722, -5.433722, -5.433722, -5.433722]","fixed_00535: score=0.405, d=5095.8, reason=ERR_DIST | fixed_00530: score=0.368, d=4140.6, reason=ERR_DIST | fixed_00223: score=0.321, d=1010.2, reason=ERR_DIST"
moving,moving_00493,493,Structure 3,no_counterpart,False,,3483.998053096563,21161.20722928652,917383.1143504457,4570.878865769643,0.5517739360080168,1.0692714701605985,43.08266731927935,0.0009635901133765153,0.038888888893127714,0.050000000011654874,"[0.779306, 1.016095, 0.953185, 0.983905, 1.103245, 1.110295]","[0.153124, 0.27336, 0.027821, 0.042713, 0.192332, 0.31065]","[-0.362659, -7.145984, -7.145984, -7.145984, -7.145984, -3.035111]","fixed_00237: score=0.439, d=1230.2, reason=ERR_DIST | fixed_00523: score=0.422, d=1368.2, reason=ERR_DIST | fixed_00226: score=0.399, d=2240.4, reason=ERR_DIST"
moving,moving_00494,494,Structure 3,no_counterpart,False,,5895.618903905778,22651.62054939179,638336.7138127778,3868.33807429324,0.5360568411731074,1.924688645385941,-173.33227127371435,0.0006704886288110562,0.040000000001130354,0.028571428589188444,"[0.374927, 1.201413, 1.1431, 0.924413, 0.840739, 1.075587]","[0.058903, 0.00989, 0.227742, 0.212829, 0.28963, 0.201006]","[-0.632722, -6.783325, -6.783325, -6.783325, 0.362659, 0.67659]","fixed_00237: score=0.355, d=1901.9, reason=ERR_DIST | fixed_00530: score=0.350, d=4822.7, reason=ERR_DIST | fixed_00523: score=0.337, d=4068.0, reason=ERR_DIST"
moving,moving_00495,495,Structure 3,no_counterpart,False,,7008.298021953102,23251.886128437996,339048.6057292237,3263.168969703634,0.4001222495043452,1.0692714716673428,-31.942609543116202,0.0003561258969390288,0.024444444460834547,0.03142857140925768,"[1.008116, 1.067898, 0.991884, 0.940459, 0.431121, 1.180002]","[0.037203, 0.017088, 0.015518, 0.400453, 0.242393, 0.287344]","[-0.348484, -6.150603, -6.150603, -6.150603, 0.632722, 1.309312]","fixed_00237: score=0.316, d=3103.8, reason=ERR_DIST | fixed_00555: score=0.235, d=4939.8, reason=ERR_DIST;ERR_AREA | fixed_00556: score=0.231, d=4670.9, reason=ERR_DIST;ERR_AREA"
moving,moving_00496,496,Structure 3,no_counterpart,False,,21730.303566435312,23152.596792202028,80243.91317858739,1136.6860065099825,0.7804425447413315,1.1880794086013586,-35.046286362088466,8.428566014350328e-05,0.011111111108285221,0.012857142884559535,"[0.588003, 1.10472, 1.356733, 0.89528, 1.488203, 0.394633]","[0.011558, 0.265616, 0.26813, 0.02223, 0.001334, 0.431131]","[0.294416, -4.70953, 1.859951, 2.717614, -1.574036, -2.311635]","fixed_00295: score=0.278, d=2544.3, reason=ERR_DIST;ERR_AREA | fixed_00306: score=0.275, d=2486.4, reason=ERR_DIST;ERR_AREA | fixed_00369: score=0.266, d=2818.3, reason=ERR_DIST;ERR_AREA"
moving,moving_00497,497,Structure 3,no_counterpart,False,,34334.00020854995,23380.037612871405,91810.60310934277,1198.360679660335,0.8033921855193854,1.0391291104639675,-70.38272132718328,9.64349442184115e-05,0.010000000000282581,0.01428571429459415,"[0.441171, 2.014371, 1.206498, 0.792105, 1.840141, 0.793502]","[0.357715, 0.176142, 0.128197, 0.085574, 0.077401, 0.174971]","[-4.844187, -0.639494, 3.238215, 1.739222, -4.844187, 0.0]","fixed_00303: score=0.257, d=4559.7, reason=ERR_DIST;ERR_AREA | fixed_00234: score=0.247, d=4717.2, reason=ERR_DIST;ERR_AREA | fixed_00302: score=0.247, d=4977.3, reason=ERR_DIST;ERR_AREA"
moving,moving_00498,498,Structure 4,no_counterpart,False,,26332.35443892414,223.45763766135772,109160.63854053807,1372.600593413508,0.7280941922129672,1.7375661366848258,0.0,0.0001146588708927862,0.014444444432293141,0.011428571435675354,"[1.651315, 0.67997, 0.483183, 0.680828, 1.319172, 2.892827]","[0.329684, 0.204643, 0.047015, 0.088674, 0.040034, 0.28995]","[-2.820055, -5.01728, -5.01728, -5.01728, -5.01728, -5.01728]","fixed_00395: score=0.392, d=3579.6, reason=ERR_DIST | fixed_00102: score=0.337, d=195.8, reason=ERR_AREA | fixed_00397: score=0.260, d=3797.3, reason=ERR_DIST"
moving,moving_00499,499,Structure 4,no_counterpart,False,,11859.281808992986,1998.2882730109902,65785.55017599792,950.3786669539584,0.9152653406527227,1.069271466637228,-136.9173319285176,6.909905443104853e-05,0.00888888886402117,0.011428571435675357,"[1.000961, 0.990916, 0.994201, 0.999039, 1.007239, 1.027837]","[0.034777, 0.006317, 0.006266, 0.007732, 0.013538, 0.93137]","[-4.510859, -4.510859, -4.510859, -4.510859, -3.412247, -4.510859]","fixed_00130: score=0.320, d=1709.2, reason=ERR_DIST | fixed_00153: score=0.230, d=4676.1, reason=ERR_DIST;ERR_AREA | fixed_00014: score=0.220, d=1802.5, reason=ERR_DIST;ERR_AREA"
moving,moving_00500,500,Structure 4,no_counterpart,False,,24408.820048691327,2836.475441064462,407002.91047654685,2616.95574035368,0.7468177364693576,1.350658699960151,-136.91733231723921,0.00042750294235397373,0.026666666676839826,0.027142857140304177,"[0.338836, 0.500794, 1.010949, 0.995433, 1.009671, 1.004567]","[0.128979, 0.221363, 0.026846, 0.00207, 0.104955, 0.515787]","[0.075249, 0.263866, -6.33328, -6.33328, -6.33328, -4.136055]","fixed_00397: score=0.464, d=654.6, reason=OK | fixed_00152: score=0.327, d=3213.9, reason=ERR_DIST | fixed_00034: score=0.257, d=3791.7, reason=ERR_DIST;ERR_AREA"
moving,moving_00501,501,Structure 4,no_counterpart,False,,7784.204738395618,9267.448993066146,273985.9735291012,2899.261559679036,0.4096032550524843,1.2102797872803848,71.2179291476282,0.00028778617261057205,0.018888888892562523,0.031428571448107276,"[1.372413, 0.391905, 1.059098, 0.860257, 1.176307, 0.940902]","[0.008562, 0.072044, 0.148114, 0.147024, 0.423553, 0.200703]","[0.187147, -1.70343, 0.748325, -1.930203, 1.676776, -1.426677]","fixed_00158: score=0.460, d=2380.0, reason=ERR_DIST | fixed_00043: score=0.404, d=2096.9, reason=ERR_DIST | fixed_00159: score=0.271, d=2750.5, reason=ERR_DIST;ERR_AREA"
moving,moving_00502,502,Structure 4,no_counterpart,False,,9074.395065460625,9015.31501753343,65785.55040836906,970.9549750330069,0.8768840972563626,1.6039072044882778,0.0,6.90990546751238e-05,0.010000000000282581,0.008571428576756562,"[0.952506, 1.309368, 1.047494, 0.624635, 1.188969, 0.636656]","[0.001881, 0.070532, 0.049697, 0.033677, 0.033682, 0.810531]","[1.613824, 1.389038, 2.175001, -0.276753, -0.503526, 1.426677]","fixed_00044: score=0.293, d=3113.5, reason=ERR_DIST;ERR_AREA | fixed_00040: score=0.279, d=1226.0, reason=ERR_DIST | fixed_00043: score=0.263, d=1282.5, reason=ERR_DIST"
moving,moving_00503,503,Structure 4,no_counterpart,False,,3753.8657723481174,9138.770130761668,3614.5906520517665,237.5946665800147,0.8046288682016663,1.0692714666372252,-43.082667553279954,3.796651324551995e-06,0.0022222222160052795,0.00285714285891883,"[0.950124, 1.049876, 0.158239, 0.906263, 1.123367, 1.084535]","[0.123329, 0.015544, 0.53633, 0.033122, 0.236682, 0.054993]","[3.310543, 4.762174, 5.235378, 4.59512, 0.336472, 6.004874]","fixed_00041: score=0.315, d=1178.6, reason=ERR_DIST | fixed_00171: score=0.217, d=1955.1, reason=ERR_DIST;ERR_AREA"
moving,moving_00504,504,Structure 4,no_counterpart,False,,24104.805765659203,9737.482187842801,314469.38921419764,2772.696188448971,0.5140243237070315,1.4303306561989437,121.42544212128252,0.0003303086678469176,0.018888888892562523,0.037142857127095336,"[0.581806, 0.813778, 1.277693, 1.108761, 1.165419, 0.891239]","[0.263146, 0.004752, 0.086927, 0.012727, 0.259925, 0.372524]","[-0.510826, 0.418408, -2.361774, -2.105054, 0.872591, 1.410707]","fixed_00046: score=0.382, d=3240.9, reason=ERR_DIST | fixed_00045: score=0.373, d=3158.0, reason=ERR_DIST | fixed_00039: score=0.176, d=3291.7, reason=ERR_DIST;ERR_AREA"
moving,moving_00505,505,Structure 4,no_counterpart,False,,35258.44509126556,10047.594582224468,49881.35152574591,1053.1517092229287,0.5651532146392868,2.2445188684413933,-100.1047081332033,5.239378883281487e-05,0.005555555568272023,0.017142857114663453,"[1.429884, 1.306222, 1.089469, 0.910531, 0.734325, 0.596959]","[0.556636, 0.005983, 0.007153, 0.010617, 0.01296, 0.406652]","[-3.135494, -4.234107, -4.234106, -3.135494, -4.234107, -4.234107]","fixed_00170: score=0.416, d=122.1, reason=ERR_AREA | fixed_00445: score=0.328, d=201.6, reason=ERR_AREA | fixed_00452: score=0.275, d=343.2, reason=ERR_AREA"
moving,moving_00506,506,Structure 4,no_counterpart,False,,6817.597982546091,9981.79282091097,39760.497310186314,769.1658111282946,0.8445429248013872,1.2474833777434295,-136.91733231729032,4.176316471462035e-05,0.007777777756018478,0.00857142857675649,"[1.001732, 1.613343, 0.831139, 1.082941, 0.979965, 0.998268]","[0.054839, 0.401059, 0.11119, 0.224584, 0.0724, 0.135927]","[2.678528, 1.353959, 0.912648, 3.606979, 1.930203, 0.226773]","fixed_00468: score=0.285, d=2840.1, reason=ERR_DIST;ERR_AREA | fixed_00158: score=0.282, d=3225.5, reason=ERR_DIST;ERR_AREA | fixed_00171: score=0.270, d=2608.2, reason=ERR_DIST;ERR_AREA"
moving,moving_00507,507,Structure 4,no_counterpart,False,,7778.689246844895,10747.174696292763,579057.4268532235,3969.376792338186,0.46183500543927963,1.3418319370824356,-100.59437151319698,0.0006082235468091049,0.025555555568837186,0.04714285715273604,"[0.861024, 1.079964, 1.223524, 0.834173, 1.112622, 0.920036]","[0.10607, 0.043561, 0.052811, 0.370776, 0.181431, 0.245352]","[-0.561178, -0.785964, -6.685861, -1.324569, -2.678528, -2.451754]","fixed_00171: score=0.484, d=3378.4, reason=ERR_DIST | fixed_00468: score=0.432, d=1629.0, reason=ERR_DIST | fixed_00043: score=0.311, d=2006.3, reason=ERR_DIST"
moving,moving_00508,508,Structure 4,no_counterpart,False,,8708.097945549627,10947.682670778368,330373.5879208812,2644.5049873907956,0.593644437917935,1.1761986176197388,-141.2838527311524,0.0003470139335044252,0.024444444432575773,0.028571428550338774,"[0.666044, 0.995438, 1.004562, 0.858824, 1.238424, 1.732017]","[0.019433, 0.082305, 0.145365, 0.132752, 0.003418, 0.616728]","[-0.224786, -6.124683, -0.763391, 0.561178, -1.890577, -0.187147]","fixed_00043: score=0.387, d=1272.2, reason=ERR_DIST | fixed_00468: score=0.344, d=1075.7, reason=ERR_DIST | fixed_00044: score=0.271, d=2999.0, reason=ERR_DIST;ERR_AREA"
moving,moving_00509,509,Structure 4,no_counterpart,False,,23935.018066047753,10914.630121845094,188681.63341230527,1747.0937274542619,0.7767961820067563,1.1690202490381398,-73.0117666577328,0.0001981852005860838,0.013333333324290502,0.0214285714224665,"[1.009054, 1.063923, 0.755797, 1.117241, 0.423352, 0.990946]","[0.188674, 0.02481, 0.045857, 0.096738, 0.077855, 0.566067]","[-1.557187, -1.850948, 0.929233, -1.594228, 0.510826, 1.921532]","fixed_00046: score=0.330, d=2199.9, reason=ERR_DIST | fixed_00045: score=0.325, d=2375.5, reason=ERR_DIST | fixed_00497: score=0.314, d=5221.6, reason=ERR_DIST"
moving,moving_00510,510,Structure 4,no_counterpart,False,,21596.372016790814,18422.95140329372,155792472.88030064,209887.48297607576,0.04444094201316204,1.5279050665782388,0.2029686277329135,0.1636394699854807,0.6477777777741042,0.5828571428697967,"[1.189225, 0.495927, 1.088959, 1.17888, 0.805639, 0.911041]","[0.048472, 0.122979, 0.056932, 0.104279, 0.05649, 0.610848]","[-5.108315, -5.902313, -5.839793, -5.711258, -5.064764, -6.109039]","fixed_00520: score=0.326, d=317.1, reason=ERR_AREA | fixed_00513: score=0.295, d=2540.1, reason=ERR_DIST;ERR_AREA | fixed_00502: score=0.256, d=1473.2, reason=ERR_DIST;ERR_AREA"
moving,moving_00511,511,Structure 4,no_counterpart,False,,35110.57979575345,11309.926957059028,268202.6284007558,2660.130948655042,0.47628495359430606,2.014311809984465,-102.90539099019179,0.00028171153040194185,0.014444444460551965,0.0399999999860141,"[0.776108, 0.859766, 1.140234, 1.383307, 1.584842, 0.774231]","[0.00732, 0.016216, 0.008517, 0.557435, 0.052556, 0.357955]","[-5.916202, -5.916202, -4.81759, -5.916202, -1.682096, -4.81759]","fixed_00174: score=0.334, d=321.2, reason=ERR_AREA | fixed_00176: score=0.277, d=277.2, reason=ERR_AREA | fixed_00434: score=0.264, d=1570.1, reason=ERR_DIST;ERR_AREA"
moving,moving_00512,512,Structure 4,no_counterpart,False,,8539.502722573585,11665.5172543864,263865.1195712223,2285.4394325825615,0.6348226530968503,1.100254350577019,129.74879319361108,0.00027715554876303714,0.018888888892562575,0.028571428550338847,"[1.839054, 0.394726, 0.706126, 1.235858, 2.045529, 0.764142]","[0.003142, 0.156118, 0.13974, 0.06788, 0.078948, 0.554173]","[-5.899897, -5.899897, -0.538605, 0.785964, -1.665791, 0.224786]","fixed_00043: score=0.401, d=1911.3, reason=ERR_DIST | fixed_00485: score=0.365, d=3834.8, reason=ERR_DIST | fixed_00468: score=0.325, d=437.2, reason=OK"
moving,moving_00513,513,Structure 4,no_counterpart,False,,7858.118143665651,11664.884525052466,153981.56299810062,1735.0263056693561,0.6427860754668764,1.2337747746710708,-43.08266731927933,0.00016173734770809467,0.016666666676557272,0.0185714285635476,"[0.670234, 0.556973, 1.494421, 0.906066, 1.879886, 1.093934]","[0.094407, 0.184716, 0.456988, 0.027393, 0.1248, 0.111696]","[0.538605, -5.361292, -5.361292, 1.324569, -1.127186, 0.763391]","fixed_00043: score=0.416, d=2384.2, reason=ERR_DIST | fixed_00194: score=0.349, d=2561.7, reason=ERR_DIST | fixed_00485: score=0.292, d=4230.4, reason=ERR_DIST"
moving,moving_00514,514,Structure 4,no_counterpart,False,,35378.871701000004,11871.532005666664,722.9181245124865,107.66914014260593,0.7836398047722022,1.069271481176494,-136.9173319465176,7.593302587154669e-07,0.0011111111080026397,0.0014285714100346156,"[0.905388, 1.228741, 0.5497, 0.129341, 1.094612, 1.972453]","[0.0, 0.0, 0.0, 0.42907, 0.07093, 0.5]","[0.0, 0.0, 1.098612, 0.0, 5.916202, 1.098612]","fixed_00173: score=0.523, d=953.0, reason=ERR_DIST | fixed_00177: score=0.514, d=363.8, reason=OK | fixed_00452: score=0.507, d=1504.1, reason=ERR_DIST"
moving,moving_00515,515,Structure 4,no_counterpart,False,,21479.570519048604,12331.18022401818,39760.49730035655,735.0403839365292,0.9247817932811854,1.0692714714836482,136.91733231723907,4.1763164704295477e-05,0.006666666648015839,0.008571428537906892,"[0.884074, 0.748199, 0.951065, 1.048935, 1.482018, 1.456472]","[0.042506, 0.001889, 0.128225, 0.326065, 0.212243, 0.289072]","[-2.061423, 3.014643, 2.907398, 1.94591, 3.604015, 1.557187]","fixed_00211: score=0.439, d=5247.9, reason=ERR_DIST | fixed_00209: score=0.303, d=4812.8, reason=ERR_DIST | fixed_00496: score=0.273, d=3832.8, reason=ERR_DIST;ERR_AREA"
moving,moving_00516,516,Structure 4,no_counterpart,False,,21951.399695999997,13985.9138105,5060.426930566072,259.8510515087114,0.941776968000999,1.0692714666372252,0.0,5.315311872957587e-06,0.0022222222160052795,0.00285714285891883,"[0.278702, 2.014669, 1.065295, 0.270306, 0.934705, 1.986086]","[0.029747, 0.052477, 0.045612, 0.140456, 0.135477, 0.596231]","[4.968821, 4.027899, 4.007333, 5.076066, 2.061423, 3.61861]","fixed_00216: score=0.262, d=5015.7, reason=ERR_DIST;ERR_AREA | fixed_00045: score=0.240, d=2158.3, reason=ERR_DIST;ERR_AREA | fixed_00481: score=0.237, d=1642.4, reason=ERR_DIST;ERR_AREA"
moving,moving_00517,517,Structure 4,no_counterpart,False,,13446.705522812006,14767.753542054448,35422.98876408307,700.9149614769768,0.90607553603581,1.1222594367639862,90.0,3.720718337342182e-05,0.005555555568272023,0.00857142857675649,"[1.328041, 0.50514, 0.493664, 0.671959, 2.031818, 2.02002]","[0.146938, 0.079488, 0.033546, 0.207569, 0.479155, 0.053304]","[2.040425, 1.928263, 3.131939, 0.040005, -1.493925, 2.081989]","fixed_00044: score=0.309, d=4433.6, reason=ERR_DIST | fixed_00485: score=0.296, d=2914.5, reason=ERR_DIST;ERR_AREA | fixed_00191: score=0.261, d=3991.0, reason=ERR_DIST;ERR_AREA"
moving,moving_00518,518,Structure 4,no_counterpart,False,,31196.929995698636,17593.156588402242,330373.5882883224,2301.1196413272414,0.7840374105104477,1.4028242970854101,95.55207848438133,0.00034701393389037374,0.015555555568554605,0.02999999999922306,"[0.948995, 0.823799, 0.869015, 1.051005, 1.068374, 1.063328]","[0.474902, 0.414739, 0.009025, 0.052134, 0.005494, 0.043706]","[-1.362509, 0.157583, -2.628176, 1.53496, -6.124683, -6.124683]","fixed_00503: score=0.472, d=146.7, reason=ERR_AREA | fixed_00212: score=0.449, d=2106.6, reason=ERR_DIST | fixed_00482: score=0.435, d=4178.3, reason=ERR_DIST"
moving,moving_00519,519,Structure 4,no_counterpart,False,,12307.83244305475,19950.02680864532,1183416.9885284894,7509.811342800269,0.26368754050114757,1.0688185128071308,90.0,0.0012430236531607327,0.03888888889312774,0.05714285713952715,"[1.008314, 0.991686, 0.256316, 0.399681, 1.050534, 1.026338]","[0.070297, 0.037024, 0.173713, 0.159446, 0.279833, 0.279687]","[-2.495346, -2.82591, -2.002458, -0.773903, 0.059294, -3.468795]",
moving,moving_00520,520,Structure 4,no_counterpart,False,,12809.353556569944,20732.218549664856,159764.90797744723,1533.2371420342752,0.8540289544645127,1.069271469847532,136.91733231723921,0.0001678119897602213,0.014444444432293141,0.0185714285635476,"[1.050477, 1.122343, 0.949523, 1.332394, 0.46145, 0.326847]","[0.044111, 0.044659, 0.063094, 0.268447, 0.218126, 0.361563]","[-0.492888, 0.846004, -0.823452, -1.107703, 1.228555, 2.002458]",
moving,moving_00521,521,Structure 4,no_counterpart,False,,11586.251815503463,21206.437368081075,545803.1924699617,3577.9201339103734,0.5357777221486009,1.0071559059774222,-109.6172785200982,0.0005732943542194803,0.028888888892845157,0.03999999998601417,"[1.039442, 1.178267, 1.206042, 0.960558, 0.426328, 0.385998]","[0.103614, 0.021511, 0.371151, 0.279562, 0.108162, 0.116]","[-2.052007, -1.313512, 1.377314, 0.833197, 0.773903, -1.228555]",
moving,moving_00522,522,Structure 4,no_counterpart,False,,33056.5426776752,22380.90691010557,2340086.006014481,10217.22007622419,0.28169308584724706,1.22428302429258,-112.35531995028995,0.0024579520862915206,0.06111111110969823,0.10285714288222858,"[0.989012, 1.010988, 0.743585, 1.125981, 1.036647, 0.536926]","[0.070282, 0.009042, 0.223315, 0.028537, 0.634334, 0.03449]","[-3.238215, -8.082402, -3.238215, -3.87771, -0.72804, -1.498993]","fixed_00539: score=0.474, d=2338.1, reason=ERR_DIST | fixed_00543: score=0.403, d=2711.3, reason=ERR_DIST | fixed_00234: score=0.402, d=3095.4, reason=ERR_DIST"
moving,moving_00523,523,Structure 4,no_counterpart,False,,34226.04625843084,22320.774928493975,522669.81233238283,4389.864390737291,0.3408278480750043,1.1222594387704605,47.278708111561194,0.0005489957857796906,0.03333333332485566,0.05142857142168949,"[0.792052, 1.111741, 0.807629, 0.888259, 1.421133, 1.252784]","[0.112805, 0.055957, 0.257988, 0.36366, 0.017478, 0.192112]","[-1.739222, -6.583409, -1.739222, 1.498993, -6.583409, -6.583409]","fixed_00543: score=0.307, d=2906.3, reason=ERR_DIST | fixed_00062: score=0.281, d=4255.2, reason=ERR_DIST | fixed_00539: score=0.254, d=1874.8, reason=ERR_DIST;ERR_AREA"
moving,moving_00524,524,Structure 4,no_counterpart,False,,35184.18540553326,22735.926893899526,91810.6033020361,1186.4916379838469,0.8195460126509195,1.1690202456799064,-90.0,9.643494442081046e-05,0.008888888892279942,0.014285714255744552,"[0.714762, 0.797082, 0.780332, 1.503416, 1.421388, 1.202918]","[0.093141, 0.168263, 0.200352, 0.000893, 0.002977, 0.534374]","[-4.844187, -0.0, 1.739222, -4.844187, -4.844187, -4.844187]","fixed_00248: score=0.348, d=242.5, reason=ERR_AREA | fixed_00247: score=0.345, d=209.3, reason=ERR_AREA | fixed_00246: score=0.336, d=204.0, reason=ERR_AREA"
moving,moving_00525,525,Structure 4,no_counterpart,False,,19730.626196561756,23248.87449182425,307240.2076862808,2827.397924353682,0.48296320441216517,1.4028242970412679,-97.61297224407886,0.0003227153649627272,0.017777777784559988,0.034285714268176504,"[1.26124, 0.875934, 1.124066, 0.77226, 0.084743, 1.325675]","[0.030388, 0.48116, 0.126944, 0.215479, 0.049524, 0.096505]","[-6.052089, -0.428072, -6.052089, -6.052089, 1.237521, 0.517392]","fixed_00536: score=0.454, d=64.6, reason=OK | fixed_00295: score=0.195, d=2379.8, reason=ERR_DIST;ERR_AREA | fixed_00310: score=0.195, d=2984.3, reason=ERR_DIST;ERR_AREA"
moving,moving_00526,526,Structure 4,no_counterpart,False,,31643.006041039658,24145.507894224764,1129921.0463371195,7029.076516923185,0.2873832289869797,2.309626375719336,-177.85764135450455,0.0011868332129891103,0.06000000000169559,0.03571428571706058,"[0.207828, 0.988961, 1.251549, 0.855181, 1.011039, 1.25108]","[0.353561, 0.007532, 0.107444, 0.227176, 0.098402, 0.205885]","[-3.14967, -7.354362, -2.719633, -0.952445, 0.72804, -2.510175]","fixed_00543: score=0.355, d=1913.9, reason=ERR_DIST | fixed_00539: score=0.301, d=2926.1, reason=ERR_DIST | fixed_00234: score=0.293, d=3822.4, reason=ERR_DIST"
moving,moving_00527,527,Structure 4,no_counterpart,False,,13716.001684704866,24597.447681302918,146752.38168643747,1458.2117317556304,0.8672690465750752,1.0202358544342796,-90.0,0.00015414404505105029,0.012222222216287862,0.017142857153513123,"[0.934234, 1.124887, 1.207254, 0.364399, 0.589164, 1.065766]","[0.182903, 0.04698, 0.099488, 0.050114, 0.519809, 0.100706]","[-0.060933, -1.235669, -5.313206, -2.915311, 2.690826, -1.022747]","fixed_00359: score=0.248, d=1147.2, reason=ERR_DIST;ERR_AREA | fixed_00356: score=0.234, d=1563.4, reason=ERR_DIST;ERR_AREA | fixed_00353: score=0.230, d=2209.5, reason=ERR_DIST;ERR_AREA"
moving,moving_00528,528,Structure 4,no_counterpart,False,,9304.112837246768,25114.418407999274,239285.90297473248,1916.2391597646485,0.8188937486080337,1.2220245395583953,-25.06117146789299,0.00025133831958535903,0.017777777784559884,0.019999999973582355,"[1.600869, 0.801626, 0.833887, 0.964605, 1.035395, 1.411687]","[0.035499, 0.055486, 0.015546, 0.156606, 0.054318, 0.682546]","[-2.088546, -0.342533, -1.831826, -5.802118, -5.802118, -5.802118]","fixed_00551: score=0.310, d=7492.0, reason=ERR_DIST;ERR_AREA | fixed_00348: score=0.285, d=1627.4, reason=ERR_DIST;ERR_AREA | fixed_00335: score=0.270, d=5183.6, reason=ERR_DIST;ERR_AREA"
moving,moving_00529,529,Structure 4,no_counterpart,False,,17689.49031193235,25066.604425479454,106268.96592516729,1316.2187820725726,0.7708327376556892,1.4256952940252348,171.1406311550533,0.00011162154973469426,0.013333333324290502,0.012857142845709936,"[0.482598, 0.978861, 1.021139, 1.085111, 1.128079, 0.974474]","[0.062509, 0.002851, 0.003858, 0.002328, 0.31372, 0.614733]","[-3.89182, -4.990433, -4.990433, -4.990433, -4.990433, 0.550831]","fixed_00365: score=0.248, d=850.3, reason=ERR_DIST;ERR_AREA | fixed_00366: score=0.227, d=1257.1, reason=ERR_DIST;ERR_AREA | fixed_00367: score=0.218, d=1324.0, reason=ERR_DIST;ERR_AREA"
moving,moving_00530,530,Structure 4,no_counterpart,False,,9598.526061498887,25624.20670197799,38314.661063349406,917.9875662852118,0.5713487140716613,3.5642382473437335,0.0,4.024450419948769e-05,0.011111111108285221,0.004285714268953446,"[1.110989, 1.100044, 0.173697, 1.079425, 0.920575, 0.315099]","[0.023387, 0.243583, 0.205811, 0.192191, 0.204504, 0.130524]","[-0.25672, -3.970292, -3.970292, -3.970292, 1.831826, 1.489294]","fixed_00347: score=0.223, d=276.1, reason=ERR_AREA | fixed_00346: score=0.177, d=461.2, reason=ERR_AREA | fixed_00343: score=0.174, d=1551.1, reason=ERR_DIST;ERR_AREA"
moving,moving_00531,531,Structure 4,matched_review,False,,9585.543341,25734.522274333336,722.9181245124865,107.66914014260593,0.7836398047722022,1.069271481176494,-136.91733193097724,7.593302587154669e-07,0.0011111111080026397,0.0014285714100346156,"[1.048973, 0.990697, 1.009303, 0.164631, 0.441511, 1.082969]","[0.5, 0.182193, 0.086452, 0.066567, 0.142313, 0.022475]","[0.0, 0.0, 5.802118, 3.970292, 5.459586, 3.713572]","fixed_00347: score=0.556, d=235.9, reason=OK | fixed_00331: score=0.484, d=7196.3, reason=ERR_DIST | fixed_00555: score=0.479, d=6842.4, reason=ERR_DIST"
